Class,Lines,Lines,Lines,Lines,Average,Average,Average,Maximum,Ratio,LCOM,DIT,IFANIN,CBO,NOC,RFC,NIM,NIV,WMC
cl::Buffer,170,19,86,37,11,0,2,7,0.43%,0,2,1,2,2,27,8,0,8
cl::BufferGL,74,7,44,23,5,0,1,2,0.52%,0,3,1,1,0,34,7,0,7
cl::BufferRenderGL,74,7,44,23,5,0,1,2,0.52%,0,3,1,2,0,34,7,0,7
cl::CommandQueue,1035,93,618,13,19,0,3,10,0.02%,97,1,1,11,0,45,33,0,34
cl::Context,268,32,190,44,15,0,2,7,0.23%,92,1,1,5,0,24,12,0,13
cl::detail::KernelFunctorGlobal,100,6,94,0,30,0,1,1,0.00%,0,0,0,6,0,3,3,1,3
cl::detail::NullType,1,0,1,0,0,0,0,0,0.00%,0,0,0,0,0,0,0,0,0
cl::detail::Wrapper,57,12,45,0,3,0,1,3,0.00%,0,0,0,1,0,10,10,1,10
cl::detail::Wrapper,91,14,77,0,5,0,1,3,0.00%,22,0,0,1,9,11,10,2,11
cl::Device,155,12,58,31,6,0,1,4,0.53%,0,1,1,2,0,19,7,0,8
cl::Error,40,3,20,17,3,0,1,2,0.85%,50,1,1,0,0,5,4,2,4
cl::Event,139,12,72,36,5,0,1,2,0.50%,0,1,1,2,0,23,11,0,12
cl::Image,64,6,39,19,4,0,1,2,0.49%,0,2,1,1,2,26,7,0,7
cl::Image2D,108,8,42,23,13,0,1,3,0.55%,0,3,1,2,1,32,6,0,6
cl::Image2DGL,69,7,40,22,6,0,1,2,0.55%,0,4,1,1,0,38,6,0,6
cl::Image3D,113,8,45,23,13,0,1,3,0.51%,0,3,1,2,1,32,6,0,6
cl::Image3DGL,68,6,40,22,6,0,1,2,0.55%,0,4,1,1,0,38,6,0,6
cl::Kernel,149,16,87,25,6,0,1,2,0.29%,0,1,1,4,0,24,13,0,13
cl::Memory,101,10,39,26,4,0,1,2,0.67%,0,1,1,1,2,19,8,0,8
cl::NDRange,47,6,32,9,4,0,1,1,0.28%,16,0,0,1,0,6,6,2,6
cl::Platform,272,28,125,36,11,0,2,5,0.29%,0,1,1,2,0,23,8,0,12
cl::Program,401,59,269,21,16,0,2,8,0.08%,0,1,1,6,0,29,18,0,18
cl::Sampler,97,9,58,30,5,0,1,2,0.52%,0,1,1,2,0,20,9,0,9
cl::size_t,30,5,22,3,3,0,1,2,0.14%,0,0,0,0,0,5,5,1,5
CSHA1,252,41,184,19,19,0,3,8,0.10%,82,0,0,2,0,10,10,8,10
CudaCMAPTorsionForceInfo,29,0,29,0,6,0,1,1,0.00%,0,1,1,2,0,9,4,1,4
CudaCustomAngleForceInfo,29,0,29,0,6,0,1,3,0.00%,0,1,1,2,0,9,4,1,4
CudaCustomBondForceInfo,28,0,28,0,5,0,1,3,0.00%,0,1,1,2,0,9,4,1,4
CudaCustomCentroidBondForceInfo,42,0,42,0,9,0,2,7,0.00%,0,1,1,2,0,9,4,1,4
CudaCustomCompoundBondForceInfo,24,0,24,0,4,0,1,3,0.00%,0,1,1,2,0,9,4,1,4
CudaCustomExternalForceInfo,31,0,31,0,12,0,3,5,0.00%,0,1,1,2,0,7,2,2,2
CudaCustomGBForceInfo,30,0,30,0,5,0,1,3,0.00%,19,1,1,2,0,10,5,1,5
CudaCustomHbondForceInfo,75,0,75,0,14,0,3,11,0.00%,19,1,1,2,0,10,5,1,5
CudaCustomManyParticleForceInfo,32,0,32,0,5,0,1,4,0.00%,19,1,1,2,0,10,5,1,5
CudaCustomNonbondedForceInfo,44,0,44,0,7,0,2,5,0.00%,40,1,1,2,0,10,5,2,5
CudaCustomTorsionForceInfo,30,0,30,0,6,0,1,3,0.00%,0,1,1,2,0,9,4,1,4
CudaDrudeForceInfo,57,0,57,0,13,0,2,5,0.00%,0,1,1,2,0,9,4,1,4
CudaGBSAOBCForceInfo,13,0,13,0,4,0,1,1,0.00%,0,1,1,1,0,7,2,1,2
CudaHarmonicAngleForceInfo,26,0,26,0,5,0,1,1,0.00%,0,1,1,2,0,9,4,1,4
CudaHarmonicBondForceInfo,25,0,25,0,5,0,1,1,0.00%,0,1,1,2,0,9,4,1,4
CudaNonbondedForceInfo,31,0,31,0,5,0,1,1,0.00%,0,1,1,2,0,10,5,1,5
CudaPeriodicTorsionForceInfo,27,0,27,0,5,0,1,1,0.00%,0,1,1,2,0,9,4,1,4
CudaRBTorsionForceInfo,27,0,27,0,5,0,1,1,0.00%,0,1,1,2,0,9,4,1,4
ExampleFunction,22,0,22,0,5,0,2,5,0.00%,0,1,1,0,0,9,4,0,4
ExtractMatrixTask,32,2,29,1,10,0,3,6,0.03%,0,1,1,2,0,3,2,10,2
fvec4,86,1,85,0,2,0,1,1,0.00%,3,0,0,1,0,26,26,1,26
fvec4,76,1,75,0,2,0,1,1,0.00%,7,0,0,0,0,26,26,1,26
fvec4,93,2,90,2,3,0,1,5,0.02%,3,0,0,1,0,26,26,1,26
fvec8,77,1,76,0,2,0,1,1,0.00%,3,0,0,1,0,27,27,1,27
IO,11,0,11,0,3,0,1,1,0.00%,50,1,1,1,0,4,2,2,2
irr::core::array,416,110,219,97,8,0,1,5,0.44%,66,0,0,0,0,30,30,7,30
irr::core::string,626,156,377,95,10,0,2,6,0.25%,42,0,0,0,0,41,41,3,41
irr::io::CFileReadCallBack,60,11,42,7,6,0,1,2,0.17%,33,1,1,0,0,9,6,3,6
irr::io::CXMLReaderImpl,791,171,519,123,18,1,3,11,0.24%,86,2,1,3,0,52,35,12,35
irr::io::IFileReadCallBack,16,3,7,6,1,0,1,1,0.86%,0,0,0,0,2,3,3,0,3
irr::io::IIrrXMLReader,93,17,21,55,1,0,1,1,2.62%,0,1,1,0,1,17,17,0,17
irr::io::IXMLBase,3,0,3,0,0,0,0,0,0.00%,0,0,0,0,0,0,0,0,0
ivec4,74,1,73,0,2,0,1,1,0.00%,4,0,0,0,0,24,24,1,24
ivec4,70,1,69,0,2,0,1,1,0.00%,12,0,0,0,0,24,24,1,24
ivec4,82,2,80,1,3,0,1,5,0.01%,4,0,0,1,0,24,24,1,24
ivec8,32,1,31,0,2,0,1,1,0.00%,8,0,0,1,0,12,12,1,12
JAMA::Cholesky,159,26,102,8,24,1,4,8,0.08%,33,0,0,2,0,6,6,2,6
JAMA::Eigenvalue,953,151,670,141,84,7,14,70,0.21%,62,0,0,2,0,10,10,9,10
JAMA::LU,288,67,173,48,21,1,5,12,0.28%,50,0,0,2,0,10,10,5,10
JAMA::QR,284,49,178,62,28,2,7,13,0.35%,17,0,0,2,0,7,7,4,7
JAMA::SVD,496,68,380,50,57,5,12,88,0.13%,52,0,0,2,0,8,8,5,8
Lepton::CompiledExpression,153,6,117,17,11,0,2,8,0.15%,75,0,0,5,0,13,13,9,13
Lepton::CustomFunction,28,0,9,19,2,0,1,1,2.11%,0,0,0,0,14,5,5,0,5
Lepton::Exception,12,0,12,0,2,0,1,1,0.00%,33,1,1,0,0,4,3,1,3
Lepton::ExpressionProgram,95,0,75,20,5,0,1,4,0.27%,54,0,0,5,0,11,11,3,11
Lepton::ExpressionTreeNode,110,0,76,34,4,0,2,7,0.45%,38,0,0,3,0,13,13,2,13
Lepton::Operation,1320,2,1278,40,2,0,1,1,0.03%,0,0,0,5,40,11,11,0,11
Lepton::Operation::Abs,28,0,28,0,3,0,1,1,0.00%,0,1,1,6,0,18,7,0,7
Lepton::Operation::Acos,31,0,31,0,3,0,1,1,0.00%,0,1,1,9,0,18,7,0,7
Lepton::Operation::Add,30,0,30,0,2,0,1,1,0.00%,0,1,1,2,0,20,9,0,9
Lepton::Operation::AddConstant,35,0,35,0,3,0,1,1,0.00%,33,1,1,2,0,20,9,1,9
Lepton::Operation::Asin,30,0,30,0,3,0,1,1,0.00%,0,1,1,8,0,18,7,0,7
Lepton::Operation::Atan,28,0,28,0,3,0,1,1,0.00%,0,1,1,6,0,18,7,0,7
Lepton::Operation::Ceil,24,0,24,0,2,0,1,1,0.00%,0,1,1,3,0,18,7,0,7
Lepton::Operation::Constant,35,0,35,0,3,0,1,1,0.00%,33,1,1,2,0,20,9,1,9
Lepton::Operation::Cos,27,0,27,0,3,0,1,1,0.00%,0,1,1,5,0,18,7,0,7
Lepton::Operation::Cosh,27,0,27,0,3,0,1,1,0.00%,0,1,1,4,0,18,7,0,7
Lepton::Operation::Cot,28,0,28,0,3,0,1,1,0.00%,0,1,1,6,0,18,7,0,7
Lepton::Operation::Csc,29,0,29,0,3,0,1,1,0.00%,0,1,1,5,0,18,7,0,7
Lepton::Operation::Cube,27,0,27,0,3,0,1,1,0.00%,0,1,1,5,0,18,7,0,7
Lepton::Operation::Custom,55,0,55,0,4,0,1,3,0.00%,47,1,1,6,0,22,11,4,11
Lepton::Operation::Delta,24,0,24,0,2,0,1,2,0.00%,0,1,1,3,0,18,7,0,7
Lepton::Operation::Divide,31,0,31,0,3,0,1,1,0.00%,0,1,1,5,0,19,8,0,8
Lepton::Operation::Erf,31,0,31,0,3,0,1,1,0.00%,0,1,1,7,0,19,8,0,8
Lepton::Operation::Erfc,31,0,31,0,3,0,1,1,0.00%,0,1,1,7,0,19,8,0,8
Lepton::Operation::Exp,26,0,26,0,3,0,1,1,0.00%,0,1,1,3,0,18,7,0,7
Lepton::Operation::Floor,25,1,24,0,2,0,1,1,0.00%,0,1,1,3,0,18,7,0,7
Lepton::Operation::Log,26,0,26,0,3,0,1,1,0.00%,0,1,1,4,0,18,7,0,7
Lepton::Operation::Max,30,0,29,1,3,0,1,1,0.03%,0,1,1,6,0,18,7,0,7
Lepton::Operation::Min,30,0,29,1,3,0,1,1,0.03%,0,1,1,6,0,18,7,0,7
Lepton::Operation::Multiply,32,0,32,0,3,0,1,1,0.00%,0,1,1,3,0,20,9,0,9
Lepton::Operation::MultiplyConstant,36,0,36,0,3,0,1,1,0.00%,22,1,1,2,0,20,9,1,9
Lepton::Operation::Negate,24,0,24,0,2,0,1,1,0.00%,0,1,1,2,0,18,7,0,7
Lepton::Operation::Power,38,0,38,0,4,0,1,1,0.00%,0,1,1,6,0,19,8,0,8
Lepton::Operation::PowerConstant,65,1,63,1,5,0,1,5,0.02%,63,1,1,4,0,21,10,3,10
Lepton::Operation::Reciprocal,28,0,28,0,3,0,1,1,0.00%,0,1,1,5,0,18,7,0,7
Lepton::Operation::Sec,28,0,28,0,3,0,1,1,0.00%,0,1,1,4,0,18,7,0,7
Lepton::Operation::Select,28,0,28,0,3,0,1,2,0.00%,0,1,1,2,0,18,7,0,7
Lepton::Operation::Sin,26,0,26,0,3,0,1,1,0.00%,0,1,1,4,0,18,7,0,7
Lepton::Operation::Sinh,27,0,27,0,3,0,1,1,0.00%,0,1,1,4,0,18,7,0,7
Lepton::Operation::Sqrt,28,0,28,0,3,0,1,1,0.00%,0,1,1,5,0,18,7,0,7
Lepton::Operation::Square,27,0,27,0,3,0,1,1,0.00%,0,1,1,4,0,18,7,0,7
Lepton::Operation::Step,24,0,24,0,2,0,1,2,0.00%,0,1,1,3,0,18,7,0,7
Lepton::Operation::Subtract,27,0,27,0,2,0,1,1,0.00%,0,1,1,2,0,19,8,0,8
Lepton::Operation::Tan,27,0,27,0,3,0,1,1,0.00%,0,1,1,5,0,18,7,0,7
Lepton::Operation::Tanh,29,0,29,0,3,0,1,1,0.00%,0,1,1,6,0,18,7,0,7
Lepton::Operation::Variable,35,0,35,0,3,0,1,2,0.00%,25,1,1,5,0,19,8,1,8
Lepton::ParsedExpression,339,1,286,106,14,3,5,63,0.37%,88,0,0,22,0,26,19,1,26
Lepton::Parser,355,19,316,20,41,1,11,32,0.06%,0,0,0,46,0,15,7,0,15
Lepton::ParseToken,16,1,15,0,2,0,1,1,0.00%,33,0,0,0,0,3,3,2,3
OpenCLCMAPTorsionForceInfo,29,0,29,0,6,0,1,1,0.00%,0,1,1,2,0,11,4,1,4
OpenCLCustomAngleForceInfo,29,0,29,0,6,0,1,3,0.00%,0,1,1,2,0,11,4,1,4
OpenCLCustomBondForceInfo,28,0,28,0,5,0,1,3,0.00%,0,1,1,2,0,11,4,1,4
OpenCLCustomCentroidBondForceInfo,42,0,42,0,9,0,2,7,0.00%,0,1,1,2,0,11,4,1,4
OpenCLCustomCompoundBondForceInfo,24,0,24,0,4,0,1,3,0.00%,0,1,1,2,0,11,4,1,4
OpenCLCustomExternalForceInfo,31,0,31,0,12,0,3,5,0.00%,0,1,1,2,0,9,2,2,2
OpenCLCustomGBForceInfo,30,0,30,0,5,0,1,3,0.00%,19,1,1,2,0,12,5,1,5
OpenCLCustomHbondForceInfo,75,0,75,0,14,0,3,11,0.00%,19,1,1,2,0,12,5,1,5
OpenCLCustomManyParticleForceInfo,32,0,32,0,5,0,1,4,0.00%,19,1,1,2,0,12,5,1,5
OpenCLCustomNonbondedForceInfo,44,0,44,0,7,0,2,5,0.00%,40,1,1,2,0,12,5,2,5
OpenCLCustomTorsionForceInfo,30,0,30,0,6,0,1,3,0.00%,0,1,1,2,0,11,4,1,4
OpenCLDrudeForceInfo,57,0,57,0,13,0,2,5,0.00%,0,1,1,2,0,11,4,1,4
OpenCLGBSAOBCForceInfo,13,0,13,0,4,0,1,1,0.00%,0,1,1,1,0,9,2,1,2
OpenCLHarmonicAngleForceInfo,26,0,26,0,5,0,1,1,0.00%,0,1,1,2,0,11,4,1,4
OpenCLHarmonicBondForceInfo,25,0,25,0,5,0,1,1,0.00%,0,1,1,2,0,11,4,1,4
OpenCLNonbondedForceInfo,31,0,31,0,5,0,1,1,0.00%,0,1,1,2,0,12,5,1,5
OpenCLPeriodicTorsionForceInfo,27,0,27,0,5,0,1,1,0.00%,0,1,1,2,0,11,4,1,4
OpenCLRBTorsionForceInfo,27,0,27,0,5,0,1,1,0.00%,0,1,1,2,0,11,4,1,4
OpenMM::AlignedArray,57,0,39,18,4,0,1,3,0.46%,55,0,0,0,0,9,9,3,9
OpenMM::AmoebaAngleForce,198,14,93,91,3,0,1,1,0.98%,80,1,1,3,0,25,16,5,16
OpenMM::AmoebaAngleForce::AngleInfo,12,0,12,0,3,0,1,1,0.00%,0,0,0,0,0,2,2,5,2
OpenMM::AmoebaAngleForceImpl,42,0,41,2,3,0,1,2,0.05%,50,1,1,7,0,17,9,2,9
OpenMM::AmoebaAngleForceProxy,52,4,48,0,15,0,2,5,0.00%,0,1,1,4,0,17,3,0,3
OpenMM::AmoebaBondForce,152,11,73,68,3,0,1,1,0.93%,69,1,1,4,0,21,12,3,12
OpenMM::AmoebaBondForce::BondInfo,12,0,12,0,3,0,1,1,0.00%,0,0,0,0,0,2,2,4,2
OpenMM::AmoebaBondForceImpl,53,1,51,2,3,0,1,2,0.04%,50,1,1,8,0,18,10,2,10
OpenMM::AmoebaBondForceProxy,46,2,44,0,13,0,2,5,0.00%,0,1,1,4,0,17,3,0,3
OpenMM::AmoebaCudaKernelFactory,43,12,31,0,39,0,12,12,0.00%,0,1,1,28,0,3,1,0,1
OpenMM::AmoebaGeneralizedKirkwoodForce,184,17,91,76,3,0,1,1,0.84%,83,1,1,4,0,27,18,7,18
OpenMM::AmoebaGeneralizedKirkwoodForce::ParticleInfo,10,0,10,0,3,0,1,1,0.00%,0,0,0,0,0,2,2,3,2
OpenMM::AmoebaGeneralizedKirkwoodForceImpl,50,3,46,2,4,0,1,3,0.04%,44,1,1,9,0,17,9,2,9
OpenMM::AmoebaGeneralizedKirkwoodForceProxy,56,5,49,2,16,0,2,5,0.04%,0,1,1,4,0,17,3,0,3
OpenMM::AmoebaInPlaneAngleForce,206,14,98,94,3,0,1,1,0.96%,78,1,1,4,0,25,16,5,16
OpenMM::AmoebaInPlaneAngleForce::AngleInfo,13,0,13,0,4,0,1,1,0.00%,0,0,0,0,0,2,2,6,2
OpenMM::AmoebaInPlaneAngleForceImpl,42,0,41,2,3,0,1,2,0.05%,50,1,1,7,0,17,9,2,9
OpenMM::AmoebaInPlaneAngleForceProxy,52,4,48,0,15,0,2,5,0.00%,0,1,1,4,0,17,3,0,3
OpenMM::AmoebaMultipoleForce,605,65,285,255,5,0,1,3,0.89%,91,1,1,5,0,44,35,13,35
OpenMM::AmoebaMultipoleForce::MultipoleInfo,43,9,34,0,15,0,1,1,0.00%,4,0,0,2,0,2,2,11,2
OpenMM::AmoebaMultipoleForceImpl,205,21,166,19,9,0,2,10,0.11%,77,1,1,11,0,25,14,2,17
OpenMM::AmoebaMultipoleForceProxy,164,26,131,7,52,2,5,10,0.05%,0,1,1,6,0,17,3,0,3
OpenMM::AmoebaOutOfPlaneBendForce,204,16,97,91,3,0,1,1,0.94%,78,1,1,4,0,25,16,5,16
OpenMM::AmoebaOutOfPlaneBendForce::OutOfPlaneBendInfo,14,1,13,0,4,0,1,1,0.00%,0,0,0,0,0,2,2,5,2
OpenMM::AmoebaOutOfPlaneBendForceImpl,42,0,41,2,3,0,1,2,0.05%,50,1,1,7,0,17,9,2,9
OpenMM::AmoebaOutOfPlaneBendForceProxy,50,2,48,0,14,0,2,5,0.00%,0,1,1,4,0,17,3,0,3
OpenMM::AmoebaPiTorsionForce,124,6,61,57,4,0,1,1,0.93%,37,1,1,4,0,17,8,1,8
OpenMM::AmoebaPiTorsionForce::PiTorsionInfo,12,0,12,0,3,0,1,1,0.00%,0,0,0,0,0,2,2,7,2
OpenMM::AmoebaPiTorsionForceImpl,42,0,41,2,3,0,1,2,0.05%,50,1,1,7,0,17,9,2,9
OpenMM::AmoebaPiTorsionForceProxy,40,0,40,0,11,0,2,5,0.00%,0,1,1,4,0,17,3,0,3
OpenMM::AmoebaReferenceAngleForce,252,38,141,73,29,1,2,5,0.52%,0,0,0,3,0,6,6,0,6
OpenMM::AmoebaReferenceBondForce,143,27,69,47,18,1,1,3,0.68%,0,0,0,3,0,5,5,0,5
OpenMM::AmoebaReferenceForce,266,81,76,109,13,3,1,2,1.43%,0,0,0,2,0,14,2,0,14
OpenMM::AmoebaReferenceGeneralizedKirkwoodForce,371,48,179,144,6,0,1,9,0.80%,88,0,0,1,0,25,25,12,25
OpenMM::AmoebaReferenceGeneralizedKirkwoodMultipoleForce,2853,455,2196,202,166,5,3,17,0.09%,88,1,1,5,0,112,24,20,24
OpenMM::AmoebaReferenceInPlaneAngleForce,322,60,180,82,43,2,3,11,0.46%,0,0,0,3,0,6,6,0,6
OpenMM::AmoebaReferenceKernelFactory,44,12,30,2,40,2,12,12,0.07%,0,1,1,27,0,3,1,0,1
OpenMM::AmoebaReferenceMultipoleForce,2962,363,1845,769,33,2,3,17,0.42%,95,0,0,8,2,88,88,30,88
OpenMM::AmoebaReferenceMultipoleForce::MultipoleParticleData,13,0,13,0,0,0,0,0,0.00%,0,0,0,1,0,0,0,10,0
OpenMM::AmoebaReferenceMultipoleForce::TransformedMultipole,6,0,6,0,0,0,0,0,0.00%,0,0,0,1,0,0,0,3,0
OpenMM::AmoebaReferenceOutOfPlaneBendForce,261,47,150,65,45,4,5,15,0.43%,0,0,0,3,0,5,5,0,5
OpenMM::AmoebaReferencePiTorsionForce,255,53,147,55,44,2,3,8,0.37%,0,0,0,3,0,5,5,0,5
OpenMM::AmoebaReferencePmeMultipoleForce,2323,280,1704,339,51,3,5,18,0.20%,89,1,1,9,0,143,55,19,55
OpenMM::AmoebaReferenceStretchBendForce,212,36,116,60,33,3,3,9,0.52%,0,0,0,3,0,5,5,0,5
OpenMM::AmoebaReferenceTorsionTorsionForce,643,130,344,169,58,5,4,14,0.49%,0,0,0,3,0,9,9,0,9
OpenMM::AmoebaReferenceVdwForce,634,114,321,199,14,1,1,8,0.62%,90,0,0,6,0,28,28,10,28
OpenMM::AmoebaReferenceWcaDispersionForce,395,74,267,54,78,1,6,19,0.20%,57,0,0,3,0,5,5,8,5
OpenMM::AmoebaStretchBendForce,137,6,71,60,5,0,1,1,0.85%,37,1,1,4,0,17,8,1,8
OpenMM::AmoebaStretchBendForce::StretchBendInfo,14,0,14,0,4,0,1,1,0.00%,0,0,0,0,0,2,2,8,2
OpenMM::AmoebaStretchBendForceImpl,42,0,41,2,3,0,1,2,0.05%,50,1,1,7,0,17,9,2,9
OpenMM::AmoebaStretchBendForceProxy,50,3,47,0,14,0,3,6,0.00%,0,1,1,4,0,17,3,0,3
OpenMM::AmoebaTorsionTorsionForce,291,31,183,77,4,0,1,2,0.42%,55,1,1,5,0,19,10,2,10
OpenMM::AmoebaTorsionTorsionForce::TorsionTorsionGridInfo,130,20,104,6,19,1,5,25,0.06%,50,0,0,3,0,6,6,4,6
OpenMM::AmoebaTorsionTorsionForce::TorsionTorsionInfo,17,3,14,0,4,0,1,1,0.00%,0,0,0,0,0,2,2,7,2
OpenMM::AmoebaTorsionTorsionForceImpl,122,17,98,8,12,0,2,12,0.08%,61,1,1,9,0,17,8,2,9
OpenMM::AmoebaTorsionTorsionForceProxy,91,11,73,7,28,2,4,6,0.10%,0,1,1,5,0,17,3,0,3
OpenMM::AmoebaVdwForce,271,24,129,118,4,0,1,4,0.91%,83,1,1,4,0,29,20,8,20
OpenMM::AmoebaVdwForce::VdwInfo,14,0,14,0,4,0,1,1,0.00%,19,0,0,0,0,2,2,5,2
OpenMM::AmoebaVdwForceImpl,234,16,185,43,21,3,2,16,0.23%,55,1,1,12,0,18,9,2,10
OpenMM::AmoebaVdwForceProxy,73,11,61,1,22,0,3,6,0.02%,0,1,1,4,0,17,3,0,3
OpenMM::AmoebaWcaDispersionForce,183,9,129,45,3,0,1,1,0.35%,86,1,1,4,0,33,24,9,24
OpenMM::AmoebaWcaDispersionForce::WcaDispersionInfo,10,0,10,0,3,0,1,1,0.00%,0,0,0,0,0,2,2,2,2
OpenMM::AmoebaWcaDispersionForceImpl,133,14,103,17,9,0,1,4,0.17%,59,1,1,9,0,19,9,2,11
OpenMM::AmoebaWcaDispersionForceProxy,62,7,55,0,18,0,2,5,0.00%,0,1,1,4,0,17,3,0,3
OpenMM::AndersenThermostat,101,0,45,56,3,0,1,1,1.24%,75,1,1,2,0,20,9,3,11
OpenMM::AndersenThermostatImpl,77,4,65,8,6,0,1,5,0.12%,66,1,1,8,0,17,7,2,9
OpenMM::AndersenThermostatProxy,32,0,32,0,8,0,2,4,0.00%,0,1,1,4,0,17,3,0,3
OpenMM::ApplyAndersenThermostatKernel,21,0,10,11,2,0,1,1,1.10%,0,1,1,4,3,9,3,0,4
OpenMM::ApplyConstraintsKernel,28,0,11,17,2,0,1,1,1.55%,0,1,1,3,3,10,4,0,5
OpenMM::ApplyMonteCarloBarostatKernel,35,0,11,24,2,0,1,1,2.18%,0,1,1,4,3,10,4,0,5
OpenMM::BrownianIntegrator,131,0,67,64,4,0,1,3,0.96%,77,1,1,6,0,24,12,4,12
OpenMM::BrownianIntegratorProxy,28,1,27,0,7,0,1,2,0.00%,0,1,1,4,0,17,3,0,3
OpenMM::CalcAmoebaAngleForceKernel,36,5,11,20,2,0,1,1,1.82%,0,1,1,4,2,10,4,0,5
OpenMM::CalcAmoebaBondForceKernel,36,5,11,20,2,0,1,1,1.82%,0,1,1,4,2,10,4,0,5
OpenMM::CalcAmoebaGeneralizedKirkwoodForceKernel,36,5,11,20,2,0,1,1,1.82%,0,1,1,4,2,10,4,0,5
OpenMM::CalcAmoebaInPlaneAngleForceKernel,36,5,11,20,2,0,1,1,1.82%,0,1,1,4,2,10,4,0,5
OpenMM::CalcAmoebaMultipoleForceKernel,53,9,16,28,2,0,1,1,1.75%,0,1,1,5,2,14,8,0,9
OpenMM::CalcAmoebaOutOfPlaneBendForceKernel,36,5,11,20,2,0,1,1,1.82%,0,1,1,4,2,10,4,0,5
OpenMM::CalcAmoebaPiTorsionForceKernel,36,5,11,20,2,0,1,1,1.82%,0,1,1,4,2,10,4,0,5
OpenMM::CalcAmoebaStretchBendForceKernel,36,5,11,20,2,0,1,1,1.82%,0,1,1,4,2,10,4,0,5
OpenMM::CalcAmoebaTorsionTorsionForceKernel,29,5,10,14,2,0,1,1,1.40%,0,1,1,4,2,9,3,0,4
OpenMM::CalcAmoebaVdwForceKernel,35,4,11,20,2,0,1,1,1.82%,0,1,1,4,2,10,4,0,5
OpenMM::CalcAmoebaWcaDispersionForceKernel,36,5,11,20,2,0,1,1,1.82%,0,1,1,4,2,10,4,0,5
OpenMM::CalcCMAPTorsionForceKernel,31,0,11,20,2,0,1,1,1.82%,0,1,1,4,5,10,4,0,5
OpenMM::CalcCustomAngleForceKernel,31,0,11,20,2,0,1,1,1.82%,0,1,1,4,5,10,4,0,5
OpenMM::CalcCustomBondForceKernel,31,0,11,20,2,0,1,1,1.82%,0,1,1,4,5,10,4,0,5
OpenMM::CalcCustomCentroidBondForceKernel,31,0,11,20,2,0,1,1,1.82%,0,1,1,4,3,10,4,0,5
OpenMM::CalcCustomCompoundBondForceKernel,31,0,11,20,2,0,1,1,1.82%,0,1,1,4,5,10,4,0,5
OpenMM::CalcCustomExternalForceKernel,31,0,11,20,2,0,1,1,1.82%,0,1,1,4,5,10,4,0,5
OpenMM::CalcCustomGBForceKernel,36,0,16,20,2,0,1,1,1.25%,0,1,1,4,4,10,4,0,5
OpenMM::CalcCustomHbondForceKernel,36,0,16,20,2,0,1,1,1.25%,0,1,1,4,5,10,4,0,5
OpenMM::CalcCustomManyParticleForceKernel,36,0,16,20,2,0,1,1,1.25%,0,1,1,4,4,10,4,0,5
OpenMM::CalcCustomNonbondedForceKernel,36,0,16,20,2,0,1,1,1.25%,0,1,1,4,6,10,4,0,5
OpenMM::CalcCustomTorsionForceKernel,31,0,11,20,2,0,1,1,1.82%,0,1,1,4,5,10,4,0,5
OpenMM::CalcDrudeForceKernel,31,0,11,20,2,0,1,1,1.82%,0,1,1,4,3,10,4,0,5
OpenMM::CalcForcesAndEnergyKernel,39,0,11,28,2,0,1,1,2.55%,0,1,1,3,6,10,4,0,5
OpenMM::CalcGBSAOBCForceKernel,31,0,11,20,2,0,1,1,1.82%,0,1,1,4,4,10,4,0,5
OpenMM::CalcHarmonicAngleForceKernel,31,0,11,20,2,0,1,1,1.82%,0,1,1,4,6,10,4,0,5
OpenMM::CalcHarmonicBondForceKernel,31,0,11,20,2,0,1,1,1.82%,0,1,1,4,5,10,4,0,5
OpenMM::CalcNonbondedForceKernel,49,0,19,30,2,0,1,1,1.58%,0,1,1,4,6,11,5,0,6
OpenMM::CalcPeriodicTorsionForceKernel,31,0,11,20,2,0,1,1,1.82%,0,1,1,4,6,10,4,0,5
OpenMM::CalcPmeReciprocalForceKernel,59,0,18,41,2,0,1,1,2.28%,0,1,1,2,1,11,5,0,6
OpenMM::CalcPmeReciprocalForceKernel::IO,16,0,5,11,0,0,0,0,2.20%,0,0,0,0,4,2,2,0,2
OpenMM::CalcRBTorsionForceKernel,31,0,11,20,2,0,1,1,1.82%,0,1,1,4,6,10,4,0,5
OpenMM::CMAPTorsionForce,199,0,102,97,5,0,1,3,0.95%,66,1,1,5,0,21,12,2,12
OpenMM::CMAPTorsionForce::CMAPTorsionInfo,10,0,10,0,3,0,1,1,0.00%,0,0,0,0,0,2,2,9,2
OpenMM::CMAPTorsionForce::MapInfo,11,0,11,0,3,0,1,1,0.00%,25,0,0,1,0,2,2,2,2
OpenMM::CMAPTorsionForceImpl,137,10,118,10,12,0,2,16,0.08%,59,1,1,9,0,19,10,2,11
OpenMM::CMAPTorsionForceProxy,58,0,58,0,17,0,4,7,0.00%,0,1,1,5,0,17,3,0,3
OpenMM::CMMotionRemover,37,0,22,15,2,0,1,1,0.68%,40,1,1,2,0,14,5,1,5
OpenMM::CMMotionRemoverImpl,35,0,34,2,3,0,1,1,0.06%,57,1,1,8,0,15,7,2,7
OpenMM::CMMotionRemoverProxy,29,0,29,0,7,0,2,4,0.00%,0,1,1,4,0,17,3,0,3
OpenMM::CompiledExpressionSet,54,0,39,15,5,0,2,5,0.38%,46,0,0,2,0,5,5,3,5
OpenMM::CompoundIntegrator,106,0,24,82,0,0,0,0,3.42%,100,1,1,2,0,29,17,2,17
OpenMM::CompoundIntegratorProxy,24,0,24,0,6,0,2,3,0.00%,0,1,1,3,0,17,3,0,3
OpenMM::Context,396,8,213,175,6,0,1,12,0.82%,55,0,0,12,0,35,35,2,35
OpenMM::ContextImpl,572,26,374,172,10,0,2,25,0.46%,89,0,0,17,0,39,38,16,39
OpenMM::Continuous1DFunction,69,0,39,30,7,0,2,3,0.77%,42,1,1,2,0,9,7,3,7
OpenMM::Continuous1DFunctionProxy,29,0,29,0,7,0,2,3,0.00%,0,1,1,4,0,17,3,0,3
OpenMM::Continuous2DFunction,105,0,60,45,12,0,3,5,0.75%,42,1,1,2,0,9,7,7,7
OpenMM::Continuous2DFunctionProxy,35,0,35,0,9,0,2,3,0.00%,0,1,1,4,0,17,3,0,3
OpenMM::Continuous3DFunction,133,0,73,60,15,0,3,6,0.82%,42,1,1,2,0,9,7,10,7
OpenMM::Continuous3DFunctionProxy,39,0,39,0,11,0,2,3,0.00%,0,1,1,4,0,17,3,0,3
OpenMM::CpuBondForce,201,26,149,27,26,3,5,17,0.18%,70,0,0,5,0,10,10,6,10
OpenMM::CpuBondForce::ComputeForceTask,18,0,18,0,4,0,1,2,0.00%,0,1,1,3,0,3,2,7,2
OpenMM::CpuCalcCustomGBForceKernel,220,14,179,27,36,1,7,22,0.15%,58,2,1,14,0,15,5,14,5
OpenMM::CpuCalcCustomManyParticleForceKernel,101,4,75,22,13,0,3,5,0.29%,42,2,1,9,0,15,5,7,5
OpenMM::CpuCalcCustomNonbondedForceKernel,206,20,156,30,32,2,6,14,0.19%,57,2,1,16,0,16,6,18,6
OpenMM::CpuCalcForcesAndEnergyKernel,155,10,110,35,7,0,1,2,0.32%,12,2,1,12,0,14,4,2,4
OpenMM::CpuCalcForcesAndEnergyKernel::InitForceTask,63,5,55,3,28,1,5,10,0.05%,12,1,1,8,0,3,2,4,2
OpenMM::CpuCalcForcesAndEnergyKernel::SumForceTask,23,1,21,1,8,0,2,3,0.05%,0,1,1,4,0,3,2,3,2
OpenMM::CpuCalcGBSAOBCForceKernel,80,2,57,21,9,0,2,3,0.37%,33,2,1,11,0,15,5,3,5
OpenMM::CpuCalcHarmonicAngleForceKernel,90,2,67,21,11,0,2,4,0.31%,31,2,1,8,0,15,5,5,5
OpenMM::CpuCalcNonbondedForceKernel,344,16,287,41,44,1,9,28,0.14%,58,2,1,17,0,18,7,24,7
OpenMM::CpuCalcNonbondedForceKernel::PmeIO,19,0,19,0,4,0,1,2,0.00%,33,1,1,0,0,5,3,3,3
OpenMM::CpuCalcPeriodicTorsionForceKernel,93,2,70,21,12,0,2,4,0.30%,31,2,1,8,0,15,5,5,5
OpenMM::CpuCalcPmeReciprocalForceKernel,349,20,274,61,25,1,4,16,0.22%,70,2,1,9,0,21,9,30,10
OpenMM::CpuCalcPmeReciprocalForceKernel::ComputeTask,9,0,9,0,2,0,1,1,0.00%,0,1,1,2,0,3,2,1,2
OpenMM::CpuCalcRBTorsionForceKernel,99,2,76,21,13,0,2,4,0.28%,31,2,1,8,0,15,5,5,5
OpenMM::CpuCustomGBForce,758,69,552,137,33,1,6,16,0.25%,79,0,0,10,0,17,17,24,17
OpenMM::CpuCustomGBForce::ComputeForceTask,9,0,9,0,2,0,1,1,0.00%,0,1,1,2,0,3,2,1,2
OpenMM::CpuCustomGBForce::ThreadData,87,0,86,1,59,0,16,16,0.01%,50,0,0,2,0,2,2,24,2
OpenMM::CpuCustomManyParticleForce,652,57,504,91,34,2,6,21,0.18%,79,0,0,15,0,14,12,27,14
OpenMM::CpuCustomManyParticleForce::AngleTermInfo,15,0,15,0,6,0,1,1,0.00%,50,0,0,4,0,2,2,10,2
OpenMM::CpuCustomManyParticleForce::ComputeForceTask,9,0,9,0,2,0,1,1,0.00%,0,1,1,2,0,3,2,1,2
OpenMM::CpuCustomManyParticleForce::DihedralTermInfo,16,0,16,0,8,0,1,1,0.00%,50,0,0,4,0,2,2,10,2
OpenMM::CpuCustomManyParticleForce::DistanceTermInfo,14,0,14,0,5,0,1,1,0.00%,50,0,0,4,0,2,2,7,2
OpenMM::CpuCustomManyParticleForce::ParticleTermInfo,11,0,11,0,4,0,1,1,0.00%,50,0,0,3,0,2,2,5,2
OpenMM::CpuCustomManyParticleForce::ThreadData,88,3,81,4,32,0,7,10,0.05%,66,0,0,11,0,3,3,16,3
OpenMM::CpuCustomNonbondedForce,387,32,269,88,21,1,4,19,0.33%,81,0,0,12,0,13,13,25,13
OpenMM::CpuCustomNonbondedForce::ComputeForceTask,9,0,9,0,2,0,1,1,0.00%,0,1,1,2,0,3,2,1,2
OpenMM::CpuCustomNonbondedForce::ThreadData,23,0,23,0,13,0,3,3,0.00%,50,0,0,3,0,2,2,6,2
OpenMM::CpuGBSAOBCForce,472,27,389,60,30,1,4,33,0.15%,81,0,0,9,0,12,12,19,12
OpenMM::CpuGBSAOBCForce::ComputeTask,9,0,9,0,2,0,1,1,0.00%,0,1,1,2,0,3,2,1,2
OpenMM::CpuIntegrateLangevinStepKernel,71,1,51,19,8,0,2,4,0.37%,60,2,1,14,0,15,5,6,5
OpenMM::CpuKernelFactory,28,0,28,0,24,0,11,11,0.00%,0,1,1,26,0,3,1,0,1
OpenMM::CpuLangevinDynamics,196,17,131,48,11,0,1,3,0.37%,59,2,1,4,0,34,11,9,11
OpenMM::CpuLangevinDynamics::Update1Task,9,0,9,0,2,0,1,1,0.00%,0,1,1,2,0,3,2,1,2
OpenMM::CpuLangevinDynamics::Update2Task,9,0,9,0,2,0,1,1,0.00%,0,1,1,2,0,3,2,1,2
OpenMM::CpuLangevinDynamics::Update3Task,9,0,9,0,2,0,1,1,0.00%,0,1,1,2,0,3,2,1,2
OpenMM::CpuNeighborList,570,44,488,40,25,1,3,13,0.08%,74,0,0,9,0,9,9,20,9
OpenMM::CpuNeighborList::ThreadTask,9,0,9,0,2,0,1,1,0.00%,0,1,1,2,0,3,2,1,2
OpenMM::CpuNeighborList::Voxels,351,24,303,25,45,1,9,47,0.08%,59,0,0,4,0,7,7,15,7
OpenMM::CpuNonbondedForce,594,72,383,138,27,1,5,23,0.36%,85,0,0,9,1,18,18,34,18
OpenMM::CpuNonbondedForce::ComputeDirectTask,9,0,9,0,2,0,1,1,0.00%,0,1,1,2,0,3,2,1,2
OpenMM::CpuNonbondedForceVec4,430,45,325,62,45,2,7,17,0.19%,0,1,1,6,0,26,8,0,8
OpenMM::CpuPlatform,114,0,107,7,6,0,1,3,0.07%,69,2,1,24,0,58,9,0,13
OpenMM::CpuPlatform::PlatformData,20,0,20,0,10,0,2,2,0.00%,0,0,0,5,0,1,1,6,1
OpenMM::CpuPmeKernelFactory,9,0,9,0,5,0,2,2,0.00%,0,1,1,6,0,3,1,0,1
OpenMM::CpuRandom,67,4,59,5,10,1,2,5,0.08%,56,0,0,3,0,5,5,5,5
OpenMM::CpuSETTLE,107,2,89,16,8,0,2,5,0.18%,41,1,1,5,0,9,6,2,6
OpenMM::CpuSETTLE::ApplyToPositionsTask,22,0,22,0,6,0,2,3,0.00%,0,1,1,2,0,3,2,6,2
OpenMM::CpuSETTLE::ApplyToVelocitiesTask,22,0,22,0,6,0,2,3,0.00%,0,1,1,2,0,3,2,6,2
OpenMM::CudaApplyAndersenThermostatKernel,59,2,45,12,9,0,1,3,0.27%,37,2,1,10,0,13,4,4,4
OpenMM::CudaApplyConstraintsKernel,52,0,35,17,6,0,1,3,0.49%,50,2,1,8,0,14,4,3,4
OpenMM::CudaApplyMonteCarloBarostatKernel,112,4,82,26,14,0,3,7,0.32%,44,2,1,9,0,15,5,8,5
OpenMM::CudaArray,150,0,97,53,6,0,2,3,0.55%,51,0,0,3,0,12,11,6,12
OpenMM::CudaBondedUtilities,191,4,155,32,17,0,4,12,0.21%,71,0,0,5,0,8,8,16,8
OpenMM::CudaCalcAmoebaAngleForceKernel,124,4,98,22,12,0,2,4,0.22%,44,2,1,14,0,15,5,4,5
OpenMM::CudaCalcAmoebaAngleForceKernel::ForceInfo,26,0,26,0,5,0,1,1,0.00%,0,1,1,2,0,9,4,1,4
OpenMM::CudaCalcAmoebaBondForceKernel,123,4,97,22,12,0,2,4,0.23%,44,2,1,14,0,15,5,4,5
OpenMM::CudaCalcAmoebaBondForceKernel::ForceInfo,25,0,25,0,5,0,1,1,0.00%,0,1,1,2,0,9,4,1,4
OpenMM::CudaCalcAmoebaGeneralizedKirkwoodForceKernel,314,17,260,37,19,0,2,12,0.14%,79,2,1,15,0,23,13,25,13
OpenMM::CudaCalcAmoebaGeneralizedKirkwoodForceKernel::ForceInfo,13,0,13,0,4,0,1,1,0.00%,0,1,1,1,0,7,2,1,2
OpenMM::CudaCalcAmoebaInPlaneAngleForceKernel,124,4,98,22,12,0,2,4,0.22%,44,2,1,13,0,15,5,4,5
OpenMM::CudaCalcAmoebaInPlaneAngleForceKernel::ForceInfo,27,0,27,0,5,0,1,1,0.00%,0,1,1,2,0,9,4,1,4
OpenMM::CudaCalcAmoebaMultipoleForceKernel,1613,89,1423,101,94,3,15,71,0.07%,79,2,1,27,0,29,15,103,15
OpenMM::CudaCalcAmoebaMultipoleForceKernel::ForceInfo,39,0,39,0,6,0,2,6,0.00%,19,1,1,2,0,10,5,1,5
OpenMM::CudaCalcAmoebaMultipoleForceKernel::SortTrait,10,0,10,0,1,0,1,1,0.00%,0,1,1,0,0,17,8,0,8
OpenMM::CudaCalcAmoebaOutOfPlaneBendForceKernel,124,4,98,22,12,0,2,4,0.22%,44,2,1,13,0,15,5,4,5
OpenMM::CudaCalcAmoebaOutOfPlaneBendForceKernel::ForceInfo,27,0,27,0,5,0,1,1,0.00%,0,1,1,2,0,9,4,1,4
OpenMM::CudaCalcAmoebaPiTorsionForceKernel,121,4,95,22,11,0,2,4,0.23%,44,2,1,13,0,15,5,4,5
OpenMM::CudaCalcAmoebaPiTorsionForceKernel::ForceInfo,29,0,29,0,6,0,1,1,0.00%,0,1,1,2,0,9,4,1,4
OpenMM::CudaCalcAmoebaStretchBendForceKernel,130,4,104,24,13,0,2,4,0.23%,40,2,1,13,0,15,5,5,5
OpenMM::CudaCalcAmoebaStretchBendForceKernel::ForceInfo,26,0,26,0,5,0,1,1,0.00%,0,1,1,2,0,9,4,1,4
OpenMM::CudaCalcAmoebaTorsionTorsionForceKernel,125,6,102,17,17,0,3,8,0.17%,50,2,1,14,0,13,4,7,4
OpenMM::CudaCalcAmoebaTorsionTorsionForceKernel::ForceInfo,27,0,27,0,5,0,1,1,0.00%,0,1,1,2,0,9,4,1,4
OpenMM::CudaCalcAmoebaVdwForceKernel,204,11,165,28,29,1,5,11,0.17%,31,2,1,13,0,15,5,12,5
OpenMM::CudaCalcAmoebaVdwForceKernel::ForceInfo,14,0,14,0,4,0,1,1,0.00%,0,1,1,1,0,7,2,1,2
OpenMM::CudaCalcAmoebaWcaDispersionForceKernel,126,9,91,26,15,1,1,3,0.29%,40,2,1,14,0,15,5,5,5
OpenMM::CudaCalcAmoebaWcaDispersionForceKernel::ForceInfo,13,0,13,0,4,0,1,1,0.00%,0,1,1,1,0,7,2,1,2
OpenMM::CudaCalcCMAPTorsionForceKernel,136,4,110,22,20,0,3,7,0.20%,47,2,1,14,0,15,5,8,5
OpenMM::CudaCalcCustomAngleForceKernel,153,8,121,24,23,0,4,9,0.20%,50,2,1,18,0,15,5,8,5
OpenMM::CudaCalcCustomBondForceKernel,153,8,121,24,23,0,4,9,0.20%,50,2,1,18,0,15,5,8,5
OpenMM::CudaCalcCustomCentroidBondForceKernel,430,23,375,33,77,2,12,39,0.09%,46,2,1,16,0,15,5,19,5
OpenMM::CudaCalcCustomCompoundBondForceKernel,321,15,278,28,56,1,9,30,0.10%,47,2,1,19,0,15,5,8,5
OpenMM::CudaCalcCustomExternalForceKernel,161,8,129,24,25,0,4,9,0.19%,50,2,1,18,0,15,5,8,5
OpenMM::CudaCalcCustomGBForceKernel,879,28,813,38,166,3,32,112,0.05%,55,2,1,22,0,15,5,34,5
OpenMM::CudaCalcCustomHbondForceKernel,472,23,416,33,85,2,15,42,0.08%,40,2,1,17,0,15,5,19,5
OpenMM::CudaCalcCustomManyParticleForceKernel,689,47,595,47,127,5,23,78,0.08%,45,2,1,16,0,15,5,35,5
OpenMM::CudaCalcCustomNonbondedForceKernel,503,39,421,45,76,4,15,48,0.11%,46,2,1,23,0,16,6,15,6
OpenMM::CudaCalcCustomTorsionForceKernel,152,8,120,24,23,0,4,9,0.20%,52,2,1,18,0,15,5,8,5
OpenMM::CudaCalcDrudeForceKernel,164,6,134,24,26,0,5,11,0.18%,19,2,1,13,0,15,5,3,5
OpenMM::CudaCalcForcesAndEnergyKernel,73,0,45,28,9,0,2,6,0.62%,25,2,1,9,0,14,4,1,4
OpenMM::CudaCalcGBSAOBCForceKernel,235,6,205,24,38,0,5,10,0.12%,52,2,1,14,0,15,5,17,5
OpenMM::CudaCalcHarmonicAngleForceKernel,93,5,66,22,12,0,2,4,0.33%,52,2,1,13,0,15,5,5,5
OpenMM::CudaCalcHarmonicBondForceKernel,92,4,66,22,11,0,2,4,0.33%,52,2,1,13,0,15,5,5,5
OpenMM::CudaCalcNonbondedForceKernel,727,46,629,54,91,4,18,58,0.09%,53,2,1,22,0,17,6,43,6
OpenMM::CudaCalcNonbondedForceKernel::PmeIO,25,0,25,0,4,0,1,2,0.00%,43,1,1,3,0,6,4,4,4
OpenMM::CudaCalcNonbondedForceKernel::PmePostComputation,11,0,11,0,2,0,1,1,0.00%,0,1,1,2,0,4,2,2,2
OpenMM::CudaCalcNonbondedForceKernel::PmePreComputation,13,0,13,0,3,0,1,1,0.00%,33,1,1,4,0,4,2,3,2
OpenMM::CudaCalcNonbondedForceKernel::SortTrait,10,0,10,0,1,0,1,1,0.00%,0,1,1,0,0,17,8,0,8
OpenMM::CudaCalcNonbondedForceKernel::SyncStreamPostComputation,23,0,23,0,7,0,2,3,0.00%,0,1,1,2,0,4,2,5,2
OpenMM::CudaCalcNonbondedForceKernel::SyncStreamPreComputation,16,0,16,0,4,0,1,2,0.00%,0,1,1,1,0,4,2,4,2
OpenMM::CudaCalcPeriodicTorsionForceKernel,93,4,67,22,12,0,2,4,0.33%,52,2,1,13,0,15,5,5,5
OpenMM::CudaCalcRBTorsionForceKernel,104,5,77,22,14,0,2,4,0.29%,46,2,1,13,0,15,5,6,5
OpenMM::CudaCompilerKernel,16,0,9,7,2,0,1,1,0.78%,0,1,1,2,1,8,2,0,3
OpenMM::CudaCompilerKernelFactory,9,0,9,0,5,0,2,2,0.00%,0,1,1,6,0,3,1,0,1
OpenMM::CudaContext,1877,71,1433,355,16,0,4,51,0.25%,95,0,0,23,0,81,80,68,81
OpenMM::CudaContext::ForcePostComputation,12,0,6,6,2,0,1,1,1.00%,0,0,0,0,2,2,2,0,2
OpenMM::CudaContext::ForcePreComputation,11,0,6,5,2,0,1,1,0.83%,0,0,0,0,2,2,2,0,2
OpenMM::CudaContext::ReorderListener,6,0,6,0,2,0,1,1,0.00%,0,0,0,0,1,2,2,0,2
OpenMM::CudaContext::VirtualSiteInfo,61,3,55,3,13,0,3,7,0.05%,41,1,1,6,0,9,4,3,4
OpenMM::CudaContext::WorkTask,6,0,6,0,2,0,1,1,0.00%,0,0,0,0,15,2,2,0,2
OpenMM::CudaContext::WorkThread,78,0,65,13,6,0,1,2,0.20%,50,0,0,1,0,6,6,7,6
OpenMM::CudaDrudeKernelFactory,14,0,14,0,10,0,4,4,0.00%,0,1,1,12,0,3,1,0,1
OpenMM::CudaExpressionUtilities,816,18,746,56,66,1,16,117,0.08%,83,0,0,21,0,12,12,5,12
OpenMM::CudaExpressionUtilities::FunctionPlaceholder,19,0,19,0,2,0,1,1,0.00%,40,1,1,0,0,10,5,1,5
OpenMM::CudaFFT3D,327,13,275,39,71,2,10,23,0.14%,48,0,0,5,0,4,3,18,4
OpenMM::CudaForceInfo,33,0,21,12,2,0,1,1,0.57%,0,0,0,1,30,5,5,0,5
OpenMM::CudaIntegrateBrownianStepKernel,89,8,59,22,12,0,2,6,0.37%,70,2,1,11,0,15,5,6,5
OpenMM::CudaIntegrateCustomStepKernel,919,44,792,85,52,2,12,82,0.11%,77,2,1,21,0,28,14,52,14
OpenMM::CudaIntegrateCustomStepKernel::GlobalTarget,9,0,9,0,2,0,1,1,0.00%,50,0,0,1,0,2,2,2,2
OpenMM::CudaIntegrateCustomStepKernel::ReorderListener,60,1,58,1,25,0,6,10,0.02%,0,1,1,3,0,4,2,6,2
OpenMM::CudaIntegrateDrudeLangevinStepKernel,177,18,131,28,29,1,3,5,0.21%,42,2,1,13,0,15,5,7,5
OpenMM::CudaIntegrateDrudeSCFStepKernel,163,21,112,30,21,1,2,6,0.27%,52,2,1,15,0,16,6,7,6
OpenMM::CudaIntegrateLangevinStepKernel,112,9,80,23,16,1,2,5,0.29%,51,2,1,11,0,15,5,7,5
OpenMM::CudaIntegrateRPMDStepKernel,530,42,436,52,47,2,7,17,0.12%,67,2,1,16,0,23,10,19,10
OpenMM::CudaIntegrateVariableLangevinStepKernel,119,10,84,27,17,1,3,11,0.32%,64,2,1,11,0,15,5,9,5
OpenMM::CudaIntegrateVariableVerletStepKernel,103,10,68,27,14,1,2,8,0.40%,52,2,1,11,0,15,5,5,5
OpenMM::CudaIntegrateVerletStepKernel,75,8,45,22,9,0,1,2,0.49%,46,2,1,11,0,15,5,3,5
OpenMM::CudaIntegrationUtilities,941,52,798,93,45,2,9,86,0.12%,84,0,0,16,0,17,17,47,17
OpenMM::CudaKernelFactory,101,1,99,1,97,1,46,46,0.01%,0,1,1,80,0,3,1,0,1
OpenMM::CudaNonbondedUtilities,897,27,722,151,21,0,4,42,0.21%,88,0,0,9,0,31,31,42,31
OpenMM::CudaNonbondedUtilities::BlockSortTrait,15,0,15,0,1,0,1,2,0.00%,66,1,1,0,0,18,9,1,9
OpenMM::CudaNonbondedUtilities::KernelSet,11,0,11,0,0,0,0,0,0.00%,0,0,0,0,0,0,0,10,0
OpenMM::CudaNonbondedUtilities::ParameterInfo,46,0,37,9,4,0,1,2,0.24%,71,0,0,0,0,7,7,6,7
OpenMM::CudaParallelCalcCMAPTorsionForceKernel,70,0,50,20,4,0,1,2,0.40%,40,2,1,10,0,15,5,2,5
OpenMM::CudaParallelCalcCMAPTorsionForceKernel::Task,15,0,15,0,3,0,1,1,0.00%,0,1,1,2,0,4,2,5,2
OpenMM::CudaParallelCalcCustomAngleForceKernel,70,0,50,20,4,0,1,2,0.40%,40,2,1,10,0,15,5,2,5
OpenMM::CudaParallelCalcCustomAngleForceKernel::Task,15,0,15,0,3,0,1,1,0.00%,0,1,1,2,0,4,2,5,2
OpenMM::CudaParallelCalcCustomBondForceKernel,70,0,50,20,4,0,1,2,0.40%,40,2,1,10,0,15,5,2,5
OpenMM::CudaParallelCalcCustomBondForceKernel::Task,15,0,15,0,3,0,1,1,0.00%,0,1,1,2,0,4,2,5,2
OpenMM::CudaParallelCalcCustomCompoundBondForceKernel,70,0,50,20,4,0,1,2,0.40%,40,2,1,10,0,15,5,2,5
OpenMM::CudaParallelCalcCustomCompoundBondForceKernel::Task,15,0,15,0,3,0,1,1,0.00%,0,1,1,2,0,4,2,5,2
OpenMM::CudaParallelCalcCustomExternalForceKernel,70,0,50,20,4,0,1,2,0.40%,40,2,1,10,0,15,5,2,5
OpenMM::CudaParallelCalcCustomExternalForceKernel::Task,15,0,15,0,3,0,1,1,0.00%,0,1,1,2,0,4,2,5,2
OpenMM::CudaParallelCalcCustomHbondForceKernel,70,0,50,20,4,0,1,2,0.40%,40,2,1,10,0,15,5,2,5
OpenMM::CudaParallelCalcCustomHbondForceKernel::Task,15,0,15,0,3,0,1,1,0.00%,0,1,1,2,0,4,2,5,2
OpenMM::CudaParallelCalcCustomNonbondedForceKernel,70,0,50,20,4,0,1,2,0.40%,40,2,1,10,0,15,5,2,5
OpenMM::CudaParallelCalcCustomNonbondedForceKernel::Task,15,0,15,0,3,0,1,1,0.00%,0,1,1,2,0,4,2,5,2
OpenMM::CudaParallelCalcCustomTorsionForceKernel,70,0,50,20,4,0,1,2,0.40%,40,2,1,10,0,15,5,2,5
OpenMM::CudaParallelCalcCustomTorsionForceKernel::Task,15,0,15,0,3,0,1,1,0.00%,0,1,1,2,0,4,2,5,2
OpenMM::CudaParallelCalcForcesAndEnergyKernel,240,8,197,36,18,0,6,11,0.18%,45,2,1,13,0,16,6,11,6
OpenMM::CudaParallelCalcForcesAndEnergyKernel::BeginComputationTask,29,1,27,1,8,0,2,4,0.04%,0,1,1,6,0,4,2,9,2
OpenMM::CudaParallelCalcForcesAndEnergyKernel::FinishComputationTask,48,2,44,2,16,1,4,8,0.05%,0,1,1,7,0,4,2,12,2
OpenMM::CudaParallelCalcHarmonicAngleForceKernel,70,0,50,20,4,0,1,2,0.40%,40,2,1,10,0,15,5,2,5
OpenMM::CudaParallelCalcHarmonicAngleForceKernel::Task,15,0,15,0,3,0,1,1,0.00%,0,1,1,2,0,4,2,5,2
OpenMM::CudaParallelCalcHarmonicBondForceKernel,70,0,50,20,4,0,1,2,0.40%,40,2,1,10,0,15,5,2,5
OpenMM::CudaParallelCalcHarmonicBondForceKernel::Task,15,0,15,0,3,0,1,1,0.00%,0,1,1,2,0,4,2,5,2
OpenMM::CudaParallelCalcNonbondedForceKernel,84,0,54,30,4,0,1,2,0.56%,41,2,1,10,0,17,6,2,6
OpenMM::CudaParallelCalcNonbondedForceKernel::Task,15,0,15,0,3,0,1,1,0.00%,0,1,1,2,0,4,2,7,2
OpenMM::CudaParallelCalcPeriodicTorsionForceKernel,70,0,50,20,4,0,1,2,0.40%,40,2,1,10,0,15,5,2,5
OpenMM::CudaParallelCalcPeriodicTorsionForceKernel::Task,15,0,15,0,3,0,1,1,0.00%,0,1,1,2,0,4,2,5,2
OpenMM::CudaParallelCalcRBTorsionForceKernel,70,0,50,20,4,0,1,2,0.40%,40,2,1,10,0,15,5,2,5
OpenMM::CudaParallelCalcRBTorsionForceKernel::Task,15,0,15,0,3,0,1,1,0.00%,0,1,1,2,0,4,2,5,2
OpenMM::CudaParameterSet,203,0,165,38,18,0,6,17,0.23%,45,0,0,4,0,8,8,6,8
OpenMM::CudaPlatform,296,3,251,29,9,0,1,11,0.12%,0,1,1,40,0,56,8,0,17
OpenMM::CudaPlatform::PlatformData,98,3,93,2,20,0,5,15,0.02%,69,0,0,7,0,4,4,14,4
OpenMM::CudaRemoveCMMotionKernel,50,0,39,11,7,0,1,3,0.28%,40,2,1,8,0,13,4,5,4
OpenMM::CudaRpmdKernelFactory,10,0,10,0,6,0,2,2,0.00%,0,1,1,8,0,3,1,0,1
OpenMM::CudaRuntimeCompilerKernel,51,3,39,9,20,1,3,6,0.23%,0,2,1,4,0,10,2,0,2
OpenMM::CudaSort,173,15,113,45,35,3,6,8,0.40%,29,0,0,5,0,3,3,18,3
OpenMM::CudaSort::SortTrait,37,0,13,24,2,0,1,1,1.85%,0,0,0,0,4,9,9,0,9
OpenMM::CudaUpdateStateDataKernel,363,3,294,66,18,0,3,10,0.22%,7,2,1,12,0,32,13,1,13
OpenMM::CudaUpdateStateDataKernel::GetPositionsTask,44,1,42,1,19,0,3,6,0.02%,0,1,1,4,0,3,2,3,2
OpenMM::CudaVirtualSitesKernel,24,0,14,10,2,0,1,1,0.71%,33,2,1,5,0,12,3,1,3
OpenMM::CustomAngleForce,244,0,131,113,3,0,1,2,0.86%,78,1,1,4,0,29,20,4,20
OpenMM::CustomAngleForce::AngleInfo,10,0,10,0,2,0,1,1,0.00%,12,0,0,1,0,2,2,4,2
OpenMM::CustomAngleForce::AngleParameterInfo,8,0,8,0,2,0,1,1,0.00%,50,0,0,0,0,2,2,1,2
OpenMM::CustomAngleForce::GlobalParameterInfo,9,0,9,0,2,0,1,1,0.00%,50,0,0,0,0,2,2,2,2
OpenMM::CustomAngleForceImpl,79,1,76,2,7,0,1,6,0.03%,44,1,1,10,0,17,9,2,9
OpenMM::CustomAngleForceProxy,72,0,72,0,22,0,4,8,0.00%,0,1,1,5,0,17,3,0,3
OpenMM::CustomBondForce,239,0,129,110,3,0,1,2,0.85%,78,1,1,4,0,29,20,4,20
OpenMM::CustomBondForce::BondInfo,10,0,10,0,2,0,1,1,0.00%,16,0,0,1,0,2,2,3,2
OpenMM::CustomBondForce::BondParameterInfo,8,0,8,0,2,0,1,1,0.00%,50,0,0,0,0,2,2,1,2
OpenMM::CustomBondForce::GlobalParameterInfo,9,0,9,0,2,0,1,1,0.00%,50,0,0,0,0,2,2,2,2
OpenMM::CustomBondForceImpl,84,2,80,2,7,0,1,5,0.03%,44,1,1,10,0,18,10,2,10
OpenMM::CustomBondForceProxy,72,0,72,0,22,0,4,8,0.00%,0,1,1,5,0,17,3,0,3
OpenMM::CustomCentroidBondForce,389,0,213,176,3,0,1,3,0.83%,85,1,1,6,0,41,32,7,32
OpenMM::CustomCentroidBondForce::BondInfo,10,0,10,0,2,0,1,1,0.00%,50,0,0,1,0,2,2,2,2
OpenMM::CustomCentroidBondForce::BondParameterInfo,8,0,8,0,2,0,1,1,0.00%,50,0,0,0,0,2,2,1,2
OpenMM::CustomCentroidBondForce::FunctionInfo,9,0,9,0,2,0,1,1,0.00%,50,0,0,1,0,2,2,2,2
OpenMM::CustomCentroidBondForce::GlobalParameterInfo,9,0,9,0,2,0,1,1,0.00%,50,0,0,0,0,2,2,2,2
OpenMM::CustomCentroidBondForce::GroupInfo,10,0,10,0,2,0,1,1,0.00%,50,0,0,1,0,2,2,2,2
OpenMM::CustomCentroidBondForceImpl,271,13,229,29,15,0,3,11,0.13%,66,1,1,18,0,26,15,2,18
OpenMM::CustomCentroidBondForceImpl::FunctionPlaceholder,18,0,18,0,2,0,1,1,0.00%,40,1,1,0,0,10,5,1,5
OpenMM::CustomCentroidBondForceProxy,130,1,128,1,41,0,8,15,0.01%,0,1,1,6,0,17,3,0,3
OpenMM::CustomCompoundBondForce,364,0,200,164,4,0,1,3,0.82%,83,1,1,7,0,40,31,6,31
OpenMM::CustomCompoundBondForce::BondInfo,10,0,10,0,2,0,1,1,0.00%,50,0,0,1,0,2,2,2,2
OpenMM::CustomCompoundBondForce::BondParameterInfo,8,0,8,0,2,0,1,1,0.00%,50,0,0,0,0,2,2,1,2
OpenMM::CustomCompoundBondForce::FunctionInfo,9,0,9,0,2,0,1,1,0.00%,50,0,0,1,0,2,2,2,2
OpenMM::CustomCompoundBondForce::GlobalParameterInfo,9,0,9,0,2,0,1,1,0.00%,50,0,0,0,0,2,2,2,2
OpenMM::CustomCompoundBondForceImpl,187,9,158,20,12,0,2,11,0.13%,54,1,1,17,0,19,9,2,11
OpenMM::CustomCompoundBondForceImpl::FunctionPlaceholder,18,0,18,0,2,0,1,1,0.00%,40,1,1,0,0,10,5,1,5
OpenMM::CustomCompoundBondForceProxy,105,1,103,1,33,0,6,12,0.01%,0,1,1,6,0,17,3,0,3
OpenMM::CustomExternalForce,234,0,127,107,3,0,1,2,0.84%,77,1,1,4,0,29,20,4,20
OpenMM::CustomExternalForce::GlobalParameterInfo,9,0,9,0,2,0,1,1,0.00%,50,0,0,0,0,2,2,2,2
OpenMM::CustomExternalForce::ParticleInfo,9,0,9,0,2,0,1,1,0.00%,25,0,0,1,0,2,2,2,2
OpenMM::CustomExternalForce::ParticleParameterInfo,8,0,8,0,2,0,1,1,0.00%,50,0,0,0,0,2,2,1,2
OpenMM::CustomExternalForceImpl,68,2,64,2,6,0,1,4,0.03%,44,1,1,10,0,17,9,2,9
OpenMM::CustomExternalForceProxy,72,0,72,0,22,0,4,8,0.00%,0,1,1,5,0,17,3,0,3
OpenMM::CustomGBForce,615,0,295,320,3,0,1,3,1.08%,89,1,1,7,0,53,44,9,44
OpenMM::CustomGBForce::ComputationInfo,11,0,11,0,2,0,1,1,0.00%,50,0,0,1,0,2,2,3,2
OpenMM::CustomGBForce::ExclusionInfo,10,0,10,0,3,0,1,1,0.00%,0,0,0,0,0,2,2,2,2
OpenMM::CustomGBForce::FunctionInfo,9,0,9,0,2,0,1,1,0.00%,50,0,0,1,0,2,2,2,2
OpenMM::CustomGBForce::GlobalParameterInfo,9,0,9,0,2,0,1,1,0.00%,50,0,0,0,0,2,2,2,2
OpenMM::CustomGBForce::ParticleInfo,8,0,8,0,2,0,1,1,0.00%,50,0,0,1,0,2,2,1,2
OpenMM::CustomGBForce::PerParticleParameterInfo,8,0,8,0,2,0,1,1,0.00%,50,0,0,0,0,2,2,1,2
OpenMM::CustomGBForceImpl,97,2,93,2,9,0,2,10,0.02%,44,1,1,11,0,17,9,2,9
OpenMM::CustomGBForceProxy,128,1,126,1,40,0,8,14,0.01%,0,1,1,6,0,17,3,0,3
OpenMM::CustomHbondForce,581,0,295,286,4,0,1,3,0.97%,90,1,1,7,0,55,46,10,46
OpenMM::CustomHbondForce::ExclusionInfo,10,0,10,0,3,0,1,1,0.00%,0,0,0,0,0,2,2,2,2
OpenMM::CustomHbondForce::FunctionInfo,9,0,9,0,2,0,1,1,0.00%,50,0,0,1,0,2,2,2,2
OpenMM::CustomHbondForce::GlobalParameterInfo,9,0,9,0,2,0,1,1,0.00%,50,0,0,0,0,2,2,2,2
OpenMM::CustomHbondForce::GroupInfo,10,0,10,0,2,0,1,1,0.00%,12,0,0,1,0,2,2,4,2
OpenMM::CustomHbondForce::PerPairParameterInfo,8,0,8,0,2,0,1,1,0.00%,50,0,0,0,0,2,2,1,2
OpenMM::CustomHbondForceImpl,258,9,228,21,18,0,3,17,0.09%,54,1,1,18,0,19,9,2,11
OpenMM::CustomHbondForceImpl::FunctionPlaceholder,18,0,18,0,2,0,1,1,0.00%,40,1,1,0,0,10,5,1,5
OpenMM::CustomHbondForceProxy,140,1,138,1,44,0,8,15,0.01%,0,1,1,6,0,17,3,0,3
OpenMM::CustomIntegrator,547,0,292,255,6,0,2,7,0.87%,89,1,1,10,0,63,51,10,51
OpenMM::CustomIntegrator::ComputationInfo,10,0,10,0,2,0,1,1,0.00%,50,0,0,1,0,2,2,3,2
OpenMM::CustomIntegratorProxy,85,1,83,1,26,0,6,12,0.01%,0,1,1,7,0,17,3,0,3
OpenMM::CustomIntegratorUtilities,257,24,185,49,36,5,7,24,0.26%,0,0,0,10,0,12,6,0,12
OpenMM::CustomManyParticleForce,524,0,277,247,4,0,1,9,0.89%,92,1,1,6,0,62,53,11,53
OpenMM::CustomManyParticleForce::ExclusionInfo,10,0,10,0,3,0,1,1,0.00%,0,0,0,0,0,2,2,2,2
OpenMM::CustomManyParticleForce::FunctionInfo,9,0,9,0,2,0,1,1,0.00%,50,0,0,1,0,2,2,2,2
OpenMM::CustomManyParticleForce::GlobalParameterInfo,9,0,9,0,2,0,1,1,0.00%,50,0,0,0,0,2,2,2,2
OpenMM::CustomManyParticleForce::ParticleInfo,9,0,9,0,2,0,1,1,0.00%,50,0,0,1,0,2,2,2,2
OpenMM::CustomManyParticleForce::ParticleParameterInfo,8,0,8,0,2,0,1,1,0.00%,50,0,0,0,0,2,2,1,2
OpenMM::CustomManyParticleForceImpl,339,20,279,40,20,0,4,20,0.14%,61,1,1,19,0,21,9,2,13
OpenMM::CustomManyParticleForceImpl::FunctionPlaceholder,18,0,18,0,2,0,1,1,0.00%,40,1,1,0,0,10,5,1,5
OpenMM::CustomManyParticleForceProxy,134,0,134,0,42,0,8,14,0.00%,0,1,1,5,0,17,3,0,3
OpenMM::CustomNonbondedForce,624,0,350,275,4,0,1,9,0.79%,89,1,1,9,0,59,50,12,50
OpenMM::CustomNonbondedForce::ExclusionInfo,10,0,10,0,3,0,1,1,0.00%,0,0,0,0,0,2,2,2,2
OpenMM::CustomNonbondedForce::FunctionInfo,9,0,9,0,2,0,1,1,0.00%,50,0,0,1,0,2,2,2,2
OpenMM::CustomNonbondedForce::GlobalParameterInfo,9,0,9,0,2,0,1,1,0.00%,50,0,0,0,0,2,2,2,2
OpenMM::CustomNonbondedForce::InteractionGroupInfo,9,0,9,0,2,0,1,1,0.00%,50,0,0,1,0,2,2,2,2
OpenMM::CustomNonbondedForce::ParticleInfo,8,0,8,0,2,0,1,1,0.00%,50,0,0,1,0,2,2,1,2
OpenMM::CustomNonbondedForce::PerParticleParameterInfo,8,0,8,0,2,0,1,1,0.00%,50,0,0,0,0,2,2,1,2
OpenMM::CustomNonbondedForceImpl,288,19,251,18,24,1,5,18,0.07%,58,1,1,16,0,20,10,2,12
OpenMM::CustomNonbondedForceProxy,147,2,142,4,47,1,9,18,0.03%,0,1,1,6,0,17,3,0,3
OpenMM::CustomTorsionForce,249,0,133,116,3,0,1,2,0.87%,78,1,1,5,0,29,20,4,20
OpenMM::CustomTorsionForce::GlobalParameterInfo,9,0,9,0,2,0,1,1,0.00%,50,0,0,0,0,2,2,2,2
OpenMM::CustomTorsionForce::TorsionInfo,10,0,10,0,2,0,1,1,0.00%,9,0,0,1,0,2,2,5,2
OpenMM::CustomTorsionForce::TorsionParameterInfo,8,0,8,0,2,0,1,1,0.00%,50,0,0,0,0,2,2,1,2
OpenMM::CustomTorsionForceImpl,86,2,82,2,8,0,1,7,0.02%,44,1,1,11,0,17,9,2,9
OpenMM::CustomTorsionForceProxy,72,0,72,0,22,0,4,8,0.00%,0,1,1,5,0,17,3,0,3
OpenMM::Discrete1DFunction,42,0,24,18,3,0,1,2,0.75%,42,1,1,1,0,9,7,1,7
OpenMM::Discrete1DFunctionProxy,26,0,26,0,6,0,2,3,0.00%,0,1,1,4,0,17,3,0,3
OpenMM::Discrete2DFunction,62,0,35,27,6,0,1,2,0.77%,42,1,1,2,0,9,7,3,7
OpenMM::Discrete2DFunctionProxy,29,0,29,0,7,0,2,3,0.00%,0,1,1,4,0,17,3,0,3
OpenMM::Discrete3DFunction,68,0,38,30,7,0,1,2,0.79%,42,1,1,2,0,9,7,4,7
OpenMM::Discrete3DFunctionProxy,30,0,30,0,8,0,2,3,0.00%,0,1,1,4,0,17,3,0,3
OpenMM::DrudeForce,203,0,103,100,5,0,1,2,0.97%,66,1,1,4,0,21,12,2,12
OpenMM::DrudeForce::ParticleInfo,12,0,12,0,3,0,1,1,0.00%,0,0,0,0,0,2,2,9,2
OpenMM::DrudeForce::ScreenedPairInfo,12,0,12,0,3,0,1,1,0.00%,0,0,0,0,0,2,2,3,2
OpenMM::DrudeForceImpl,138,4,131,4,12,0,2,13,0.03%,50,1,1,11,0,18,10,2,10
OpenMM::DrudeForceProxy,50,0,50,0,14,0,3,5,0.00%,0,1,1,3,0,17,3,0,3
OpenMM::DrudeLangevinIntegrator,205,0,106,99,4,0,1,6,0.93%,87,1,1,10,0,31,19,7,19
OpenMM::DrudeLangevinIntegratorProxy,29,0,29,0,7,0,1,2,0.00%,0,1,1,4,0,17,3,0,3
OpenMM::DrudeSCFIntegrator,106,0,66,40,5,0,1,6,0.61%,61,1,1,10,0,21,9,2,9
OpenMM::Force,75,0,46,29,4,0,1,3,0.63%,66,0,0,4,35,9,9,1,9
OpenMM::ForceImpl,51,0,14,37,2,0,1,1,2.64%,0,0,0,4,35,8,8,0,8
OpenMM::GBSAOBCForce,192,0,94,98,3,0,1,2,1.04%,81,1,1,4,0,27,18,6,18
OpenMM::GBSAOBCForce::ParticleInfo,10,0,10,0,3,0,1,1,0.00%,0,0,0,0,0,2,2,3,2
OpenMM::GBSAOBCForceImpl,48,0,47,2,4,0,1,4,0.04%,43,1,1,12,0,16,8,2,8
OpenMM::GBSAOBCForceProxy,49,0,49,0,14,0,2,5,0.00%,0,1,1,4,0,17,3,0,3
OpenMM::HarmonicAngleForce,110,0,59,51,4,0,1,2,0.86%,50,1,1,4,0,17,8,1,8
OpenMM::HarmonicAngleForce::AngleInfo,12,0,12,0,3,0,1,1,0.00%,0,0,0,0,0,2,2,5,2
OpenMM::HarmonicAngleForceImpl,42,0,41,2,3,0,1,2,0.05%,50,1,1,9,0,17,9,2,9
OpenMM::HarmonicAngleForceProxy,38,0,38,0,10,0,2,4,0.00%,0,1,1,4,0,17,3,0,3
OpenMM::HarmonicBondForce,105,0,57,48,4,0,1,2,0.84%,50,1,1,4,0,17,8,1,8
OpenMM::HarmonicBondForce::BondInfo,12,0,12,0,3,0,1,1,0.00%,0,0,0,0,0,2,2,4,2
OpenMM::HarmonicBondForceImpl,52,0,51,2,3,0,1,2,0.04%,50,1,1,9,0,18,10,2,10
OpenMM::HarmonicBondForceProxy,38,0,38,0,10,0,2,4,0.00%,0,1,1,4,0,17,3,0,3
OpenMM::int2,52,6,37,9,4,0,1,1,0.24%,25,0,0,0,0,8,8,1,8
OpenMM::IntegrateBrownianStepKernel,29,0,11,18,2,0,1,1,1.64%,0,1,1,4,3,10,4,0,5
OpenMM::IntegrateCustomStepKernel,67,0,15,52,2,0,1,1,3.47%,0,1,1,5,3,14,8,0,9
OpenMM::IntegrateDrudeLangevinStepKernel,27,0,11,16,2,0,1,1,1.45%,0,1,1,5,3,10,4,0,5
OpenMM::IntegrateDrudeSCFStepKernel,27,0,11,16,2,0,1,1,1.45%,0,1,1,5,3,10,4,0,5
OpenMM::IntegrateLangevinStepKernel,29,0,11,18,2,0,1,1,1.64%,0,1,1,4,4,10,4,0,5
OpenMM::IntegrateRPMDStepKernel,40,0,14,26,2,0,1,1,1.86%,0,1,1,5,3,13,7,0,8
OpenMM::IntegrateVariableLangevinStepKernel,31,0,11,20,2,0,1,1,1.82%,0,1,1,4,3,10,4,0,5
OpenMM::IntegrateVariableVerletStepKernel,31,0,11,20,2,0,1,1,1.82%,0,1,1,4,3,10,4,0,5
OpenMM::IntegrateVerletStepKernel,29,0,11,18,2,0,1,1,1.64%,0,1,1,4,3,10,4,0,5
OpenMM::Integrator,98,1,45,52,3,0,1,2,1.16%,85,0,0,4,10,12,12,4,12
OpenMM::IntVec,55,6,40,9,4,0,1,1,0.23%,25,0,0,0,0,8,8,1,8
OpenMM::Kernel,78,0,58,20,4,0,1,4,0.34%,76,0,0,1,0,42,42,1,42
OpenMM::KernelFactory,12,0,6,6,2,0,1,1,1.00%,0,0,0,3,14,2,2,0,2
OpenMM::KernelImpl,34,0,22,12,2,0,1,1,0.55%,60,0,0,1,47,5,5,3,5
OpenMM::LangevinIntegrator,131,0,67,64,4,0,1,3,0.96%,77,1,1,6,0,24,12,4,12
OpenMM::LangevinIntegratorProxy,28,1,27,0,7,0,1,2,0.00%,0,1,1,4,0,17,3,0,3
OpenMM::LocalCoordinatesSite,59,0,36,23,5,0,1,4,0.64%,60,1,1,2,0,11,5,4,5
OpenMM::LocalEnergyMinimizer,97,12,65,22,81,10,12,12,0.34%,0,0,0,9,0,1,0,0,1
OpenMM::MonteCarloAnisotropicBarostat,144,0,66,78,3,0,1,1,1.18%,85,1,1,3,0,26,14,7,17
OpenMM::MonteCarloAnisotropicBarostatImpl,128,8,113,7,16,1,3,13,0.06%,65,1,1,12,0,15,7,7,7
OpenMM::MonteCarloAnisotropicBarostatProxy,41,0,41,0,11,0,2,4,0.00%,0,1,1,5,0,17,3,0,3
OpenMM::MonteCarloBarostat,105,0,47,58,3,0,1,1,1.23%,77,1,1,2,0,21,11,4,12
OpenMM::MonteCarloBarostatImpl,96,7,83,6,11,0,1,6,0.07%,65,1,1,12,0,15,7,7,7
OpenMM::MonteCarloBarostatProxy,33,0,33,0,9,0,2,4,0.00%,0,1,1,4,0,17,3,0,3
OpenMM::MonteCarloMembraneBarostat,191,0,81,110,3,0,1,1,1.36%,84,1,1,2,0,28,17,7,19
OpenMM::MonteCarloMembraneBarostatImpl,128,8,113,7,16,1,3,13,0.06%,65,1,1,12,0,15,7,7,7
OpenMM::MonteCarloMembraneBarostatProxy,39,0,39,0,11,0,2,4,0.00%,0,1,1,4,0,17,3,0,3
OpenMM::NonbondedForce,505,6,249,250,5,0,1,7,1.00%,90,1,1,7,0,42,33,15,33
OpenMM::NonbondedForce::ExceptionInfo,12,0,12,0,3,0,1,1,0.00%,0,0,0,0,0,2,2,5,2
OpenMM::NonbondedForce::ParticleInfo,10,0,10,0,3,0,1,1,0.00%,0,0,0,0,0,2,2,3,2
OpenMM::NonbondedForceImpl,266,7,239,21,14,0,2,11,0.09%,66,1,1,11,0,23,10,2,15
OpenMM::NonbondedForceImpl::ErrorFunction,4,0,4,0,0,0,0,0,0.00%,0,0,0,0,1,1,1,0,1
OpenMM::NonbondedForceImpl::EwaldErrorFunction,11,0,11,0,3,0,1,1,0.00%,0,1,1,0,0,3,2,3,2
OpenMM::NonbondedForceProxy,77,0,77,0,23,0,3,5,0.00%,0,1,1,4,0,17,3,0,3
OpenMM::ObcParameters,465,83,184,198,5,0,1,3,1.08%,91,0,0,4,0,31,31,17,31
OpenMM::OpenCLApplyAndersenThermostatKernel,62,2,48,12,9,0,2,3,0.25%,35,2,1,12,0,13,4,5,4
OpenMM::OpenCLApplyConstraintsKernel,52,0,35,17,6,0,1,2,0.49%,41,2,1,10,0,14,4,3,4
OpenMM::OpenCLApplyMonteCarloBarostatKernel,100,4,70,26,12,0,3,6,0.37%,44,2,1,14,0,15,5,8,5
OpenMM::OpenCLArray,170,0,99,71,5,0,1,3,0.72%,53,0,0,5,0,14,12,6,14
OpenMM::OpenCLBondedUtilities,318,12,265,41,28,0,6,33,0.15%,80,0,0,10,0,13,13,16,13
OpenMM::OpenCLCalcCMAPTorsionForceKernel,135,4,109,22,19,0,3,7,0.20%,47,2,1,16,0,15,5,8,5
OpenMM::OpenCLCalcCustomAngleForceKernel,150,8,118,24,22,0,4,9,0.20%,52,2,1,18,0,15,5,8,5
OpenMM::OpenCLCalcCustomBondForceKernel,150,8,118,24,22,0,4,9,0.20%,52,2,1,18,0,15,5,8,5
OpenMM::OpenCLCalcCustomCentroidBondForceKernel,436,21,384,32,78,2,13,43,0.08%,43,2,1,18,0,15,5,18,5
OpenMM::OpenCLCalcCustomCompoundBondForceKernel,319,15,276,28,56,1,9,30,0.10%,50,2,1,19,0,15,5,8,5
OpenMM::OpenCLCalcCustomExternalForceKernel,158,8,126,24,24,0,4,9,0.19%,52,2,1,18,0,15,5,8,5
OpenMM::OpenCLCalcCustomGBForceKernel,958,28,892,40,182,4,38,122,0.04%,47,2,1,25,0,15,5,30,5
OpenMM::OpenCLCalcCustomHbondForceKernel,495,25,436,36,90,3,17,52,0.08%,32,2,1,21,0,15,5,19,5
OpenMM::OpenCLCalcCustomManyParticleForceKernel,686,47,592,47,126,5,23,79,0.08%,35,2,1,20,0,15,5,29,5
OpenMM::OpenCLCalcCustomNonbondedForceKernel,507,40,422,47,77,4,15,50,0.11%,55,2,1,27,0,17,7,15,7
OpenMM::OpenCLCalcCustomTorsionForceKernel,150,8,118,24,22,0,4,9,0.20%,52,2,1,18,0,15,5,8,5
OpenMM::OpenCLCalcDrudeForceKernel,162,6,132,24,26,0,5,11,0.18%,26,2,1,15,0,15,5,3,5
OpenMM::OpenCLCalcForcesAndEnergyKernel,73,0,45,28,9,0,2,6,0.62%,25,2,1,9,0,14,4,1,4
OpenMM::OpenCLCalcGBSAOBCForceKernel,263,6,233,26,44,1,7,16,0.11%,41,2,1,21,0,15,5,17,5
OpenMM::OpenCLCalcHarmonicAngleForceKernel,90,5,63,22,11,0,2,4,0.35%,56,2,1,14,0,15,5,5,5
OpenMM::OpenCLCalcHarmonicBondForceKernel,89,4,63,22,11,0,2,4,0.35%,56,2,1,14,0,15,5,5,5
OpenMM::OpenCLCalcNonbondedForceKernel,801,34,716,51,102,3,19,52,0.07%,51,2,1,31,0,17,6,44,6
OpenMM::OpenCLCalcNonbondedForceKernel::PmeIO,25,0,25,0,4,0,1,2,0.00%,43,1,1,4,0,6,4,4,4
OpenMM::OpenCLCalcNonbondedForceKernel::PmePostComputation,11,0,11,0,2,0,1,1,0.00%,0,1,1,2,0,4,2,2,2
OpenMM::OpenCLCalcNonbondedForceKernel::PmePreComputation,13,0,13,0,3,0,1,1,0.00%,33,1,1,5,0,4,2,3,2
OpenMM::OpenCLCalcNonbondedForceKernel::SortTrait,10,0,10,0,1,0,1,1,0.00%,0,1,1,0,0,17,8,0,8
OpenMM::OpenCLCalcNonbondedForceKernel::SyncQueuePostComputation,29,0,29,0,6,0,1,3,0.00%,13,1,1,6,0,5,3,5,3
OpenMM::OpenCLCalcNonbondedForceKernel::SyncQueuePreComputation,16,0,16,0,4,0,1,2,0.00%,0,1,1,3,0,4,2,2,2
OpenMM::OpenCLCalcPeriodicTorsionForceKernel,90,4,64,22,11,0,2,4,0.34%,56,2,1,14,0,15,5,5,5
OpenMM::OpenCLCalcRBTorsionForceKernel,90,5,63,22,11,0,2,4,0.35%,56,2,1,14,0,15,5,5,5
OpenMM::OpenCLCompact,49,2,43,4,12,1,2,3,0.09%,25,0,0,5,0,3,3,4,3
OpenMM::OpenCLContext,1822,58,1373,363,14,0,3,49,0.26%,96,0,0,32,0,94,94,70,94
OpenMM::OpenCLContext::ForcePostComputation,12,0,6,6,2,0,1,1,1.00%,0,0,0,0,2,2,2,0,2
OpenMM::OpenCLContext::ForcePreComputation,11,0,6,5,2,0,1,1,0.83%,0,0,0,0,2,2,2,0,2
OpenMM::OpenCLContext::ReorderListener,6,0,6,0,2,0,1,1,0.00%,0,0,0,0,1,2,2,0,2
OpenMM::OpenCLContext::VirtualSiteInfo,61,3,55,3,13,0,3,7,0.05%,41,1,1,6,0,11,4,3,4
OpenMM::OpenCLContext::WorkTask,6,0,6,0,2,0,1,1,0.00%,0,0,0,0,15,2,2,0,2
OpenMM::OpenCLContext::WorkThread,78,0,65,13,6,0,1,2,0.20%,50,0,0,1,0,6,6,7,6
OpenMM::OpenCLDrudeKernelFactory,14,0,14,0,10,0,4,4,0.00%,0,1,1,12,0,3,1,0,1
OpenMM::OpenCLExpressionUtilities,808,18,738,56,66,1,15,113,0.08%,85,0,0,21,0,14,14,5,14
OpenMM::OpenCLExpressionUtilities::FunctionPlaceholder,19,0,19,0,2,0,1,1,0.00%,40,1,1,0,0,10,5,1,5
OpenMM::OpenCLFFT3D,370,14,318,38,81,2,13,31,0.12%,48,0,0,10,0,4,3,18,4
OpenMM::OpenCLForceInfo,41,0,26,15,2,0,1,1,0.58%,71,0,0,1,19,7,7,1,7
OpenMM::OpenCLIntegrateBrownianStepKernel,108,10,73,23,15,1,1,5,0.32%,45,2,1,14,0,15,5,7,5
OpenMM::OpenCLIntegrateCustomStepKernel,912,46,780,86,52,2,12,82,0.11%,79,2,1,24,0,29,15,50,15
OpenMM::OpenCLIntegrateCustomStepKernel::GlobalTarget,9,0,9,0,2,0,1,1,0.00%,50,0,0,1,0,2,2,2,2
OpenMM::OpenCLIntegrateCustomStepKernel::ReorderListener,60,1,58,1,25,0,6,10,0.02%,0,1,1,3,0,4,2,6,2
OpenMM::OpenCLIntegrateDrudeLangevinStepKernel,183,16,140,27,30,1,3,7,0.19%,37,2,1,17,0,15,5,8,5
OpenMM::OpenCLIntegrateDrudeSCFStepKernel,175,23,119,31,23,2,2,6,0.26%,50,2,1,22,0,16,6,8,6
OpenMM::OpenCLIntegrateLangevinStepKernel,127,11,90,24,19,1,2,5,0.27%,50,2,1,14,0,15,5,8,5
OpenMM::OpenCLIntegrateRPMDStepKernel,558,41,465,53,45,2,6,18,0.11%,62,2,1,22,0,25,12,20,12
OpenMM::OpenCLIntegrateVariableLangevinStepKernel,140,12,100,28,21,1,3,9,0.28%,58,2,1,14,0,15,5,10,5
OpenMM::OpenCLIntegrateVariableVerletStepKernel,125,12,85,28,18,1,2,7,0.33%,43,2,1,13,0,15,5,6,5
OpenMM::OpenCLIntegrateVerletStepKernel,90,10,55,23,12,1,1,2,0.42%,40,2,1,13,0,15,5,4,5
OpenMM::OpenCLIntegrationUtilities,1095,64,929,106,54,2,10,97,0.11%,83,0,0,26,0,17,17,51,17
OpenMM::OpenCLKernelFactory,101,1,99,1,97,1,46,46,0.01%,0,1,1,80,0,3,1,0,1
OpenMM::OpenCLNonbondedUtilities,910,19,740,155,20,0,4,34,0.21%,87,0,0,17,0,35,35,39,35
OpenMM::OpenCLNonbondedUtilities::BlockSortTrait,15,0,15,0,1,0,1,2,0.00%,66,1,1,2,0,18,9,1,9
OpenMM::OpenCLNonbondedUtilities::KernelSet,11,0,11,0,0,0,0,0,0.00%,0,0,0,1,0,0,0,10,0
OpenMM::OpenCLNonbondedUtilities::ParameterInfo,46,0,37,9,4,0,1,2,0.24%,71,0,0,1,0,7,7,6,7
OpenMM::OpenCLParallelCalcCMAPTorsionForceKernel,70,0,50,20,4,0,1,2,0.40%,40,2,1,10,0,15,5,2,5
OpenMM::OpenCLParallelCalcCMAPTorsionForceKernel::Task,15,0,15,0,3,0,1,1,0.00%,0,1,1,2,0,4,2,5,2
OpenMM::OpenCLParallelCalcCustomAngleForceKernel,70,0,50,20,4,0,1,2,0.40%,40,2,1,10,0,15,5,2,5
OpenMM::OpenCLParallelCalcCustomAngleForceKernel::Task,15,0,15,0,3,0,1,1,0.00%,0,1,1,2,0,4,2,5,2
OpenMM::OpenCLParallelCalcCustomBondForceKernel,70,0,50,20,4,0,1,2,0.40%,40,2,1,10,0,15,5,2,5
OpenMM::OpenCLParallelCalcCustomBondForceKernel::Task,15,0,15,0,3,0,1,1,0.00%,0,1,1,2,0,4,2,5,2
OpenMM::OpenCLParallelCalcCustomCompoundBondForceKernel,70,0,50,20,4,0,1,2,0.40%,40,2,1,10,0,15,5,2,5
OpenMM::OpenCLParallelCalcCustomCompoundBondForceKernel::Task,15,0,15,0,3,0,1,1,0.00%,0,1,1,2,0,4,2,5,2
OpenMM::OpenCLParallelCalcCustomExternalForceKernel,70,0,50,20,4,0,1,2,0.40%,40,2,1,10,0,15,5,2,5
OpenMM::OpenCLParallelCalcCustomExternalForceKernel::Task,15,0,15,0,3,0,1,1,0.00%,0,1,1,2,0,4,2,5,2
OpenMM::OpenCLParallelCalcCustomHbondForceKernel,70,0,50,20,4,0,1,2,0.40%,40,2,1,10,0,15,5,2,5
OpenMM::OpenCLParallelCalcCustomHbondForceKernel::Task,15,0,15,0,3,0,1,1,0.00%,0,1,1,2,0,4,2,5,2
OpenMM::OpenCLParallelCalcCustomNonbondedForceKernel,70,0,50,20,4,0,1,2,0.40%,40,2,1,10,0,15,5,2,5
OpenMM::OpenCLParallelCalcCustomNonbondedForceKernel::Task,15,0,15,0,3,0,1,1,0.00%,0,1,1,2,0,4,2,5,2
OpenMM::OpenCLParallelCalcCustomTorsionForceKernel,70,0,50,20,4,0,1,2,0.40%,40,2,1,10,0,15,5,2,5
OpenMM::OpenCLParallelCalcCustomTorsionForceKernel::Task,15,0,15,0,3,0,1,1,0.00%,0,1,1,2,0,4,2,5,2
OpenMM::OpenCLParallelCalcForcesAndEnergyKernel,204,7,163,35,15,0,4,11,0.21%,58,2,1,15,0,17,7,10,7
OpenMM::OpenCLParallelCalcForcesAndEnergyKernel::BeginComputationTask,24,1,22,1,6,0,2,3,0.05%,0,1,1,6,0,4,2,8,2
OpenMM::OpenCLParallelCalcForcesAndEnergyKernel::FinishComputationTask,39,1,37,1,12,0,3,5,0.03%,0,1,1,8,0,4,2,11,2
OpenMM::OpenCLParallelCalcHarmonicAngleForceKernel,70,0,50,20,4,0,1,2,0.40%,40,2,1,10,0,15,5,2,5
OpenMM::OpenCLParallelCalcHarmonicAngleForceKernel::Task,15,0,15,0,3,0,1,1,0.00%,0,1,1,2,0,4,2,5,2
OpenMM::OpenCLParallelCalcHarmonicBondForceKernel,70,0,50,20,4,0,1,2,0.40%,40,2,1,10,0,15,5,2,5
OpenMM::OpenCLParallelCalcHarmonicBondForceKernel::Task,15,0,15,0,3,0,1,1,0.00%,0,1,1,2,0,4,2,5,2
OpenMM::OpenCLParallelCalcNonbondedForceKernel,84,0,54,30,4,0,1,2,0.56%,41,2,1,10,0,17,6,2,6
OpenMM::OpenCLParallelCalcNonbondedForceKernel::Task,15,0,15,0,3,0,1,1,0.00%,0,1,1,2,0,4,2,7,2
OpenMM::OpenCLParallelCalcPeriodicTorsionForceKernel,70,0,50,20,4,0,1,2,0.40%,40,2,1,10,0,15,5,2,5
OpenMM::OpenCLParallelCalcPeriodicTorsionForceKernel::Task,15,0,15,0,3,0,1,1,0.00%,0,1,1,2,0,4,2,5,2
OpenMM::OpenCLParallelCalcRBTorsionForceKernel,70,0,50,20,4,0,1,2,0.40%,40,2,1,10,0,15,5,2,5
OpenMM::OpenCLParallelCalcRBTorsionForceKernel::Task,15,0,15,0,3,0,1,1,0.00%,0,1,1,2,0,4,2,5,2
OpenMM::OpenCLParameterSet,224,0,182,42,18,0,5,15,0.23%,56,0,0,7,0,10,10,6,10
OpenMM::OpenCLPlatform,267,4,222,24,9,0,1,8,0.11%,0,1,1,40,0,57,10,0,18
OpenMM::OpenCLPlatform::PlatformData,87,2,84,1,17,0,4,12,0.01%,76,0,0,7,0,5,5,13,5
OpenMM::OpenCLRemoveCMMotionKernel,53,0,42,11,7,0,1,3,0.26%,35,2,1,11,0,13,4,5,4
OpenMM::OpenCLRpmdKernelFactory,10,0,10,0,6,0,2,2,0.00%,0,1,1,8,0,3,1,0,1
OpenMM::OpenCLSort,200,15,136,50,44,4,6,8,0.37%,22,0,0,7,0,3,3,18,3
OpenMM::OpenCLSort::SortTrait,37,0,13,24,2,0,1,1,1.85%,0,0,0,0,3,9,9,0,9
OpenMM::OpenCLUpdateStateDataKernel,366,3,297,66,18,0,3,10,0.22%,7,2,1,15,0,32,13,1,13
OpenMM::OpenCLUpdateStateDataKernel::GetPositionsTask,44,1,42,1,19,0,3,6,0.02%,0,1,1,7,0,3,2,3,2
OpenMM::OpenCLVirtualSitesKernel,24,0,14,10,2,0,1,1,0.71%,33,2,1,5,0,12,3,1,3
OpenMM::OpenMMException,12,0,12,0,2,0,1,1,0.00%,33,1,1,0,0,4,3,1,3
OpenMM::OutOfPlaneSite,45,0,26,19,4,0,1,1,0.73%,50,1,1,0,0,10,4,3,4
OpenMM::PeriodicTorsionForce,121,0,64,57,4,0,1,2,0.89%,50,1,1,4,0,17,8,1,8
OpenMM::PeriodicTorsionForce::PeriodicTorsionInfo,13,0,13,0,4,0,1,1,0.00%,0,0,0,0,0,2,2,7,2
OpenMM::PeriodicTorsionForceImpl,42,0,41,2,3,0,1,2,0.05%,50,1,1,9,0,17,9,2,9
OpenMM::PeriodicTorsionForceProxy,39,0,39,0,11,0,2,4,0.00%,0,1,1,4,0,17,3,0,3
OpenMM::Platform,353,1,176,145,7,0,1,6,0.82%,93,0,0,7,3,39,28,3,39
OpenMM::RBTorsionForce,141,0,75,66,5,0,1,2,0.88%,50,1,1,4,0,17,8,1,8
OpenMM::RBTorsionForce::RBTorsionInfo,18,0,18,0,6,0,1,1,0.00%,0,0,0,0,0,2,2,5,2
OpenMM::RBTorsionForceImpl,42,0,41,2,3,0,1,2,0.05%,50,1,1,9,0,17,9,2,9
OpenMM::RBTorsionForceProxy,40,0,40,0,11,0,2,4,0.00%,0,1,1,4,0,17,3,0,3
OpenMM::RealOpenMM4,58,6,43,9,4,0,1,1,0.21%,25,0,0,0,0,8,8,1,8
OpenMM::RealVec,120,14,85,21,4,0,1,1,0.25%,38,0,0,1,0,18,18,1,18
OpenMM::ReferenceAndersenThermostat,65,13,29,23,8,0,2,5,0.79%,0,0,0,3,0,4,4,0,4
OpenMM::ReferenceAngleBondIxn,172,44,81,47,29,3,2,6,0.58%,0,1,1,4,0,12,5,0,5
OpenMM::ReferenceApplyAndersenThermostatKernel,43,0,32,11,5,0,1,2,0.34%,33,2,1,10,0,13,4,3,4
OpenMM::ReferenceApplyConstraintsKernel,52,0,35,17,4,0,1,2,0.49%,66,2,1,8,0,15,5,3,5
OpenMM::ReferenceApplyMonteCarloBarostatKernel,52,0,28,24,3,0,1,2,0.86%,19,2,1,7,0,15,5,1,5
OpenMM::ReferenceBondForce,83,24,26,33,13,3,1,2,1.27%,0,1,1,3,0,12,4,0,4
OpenMM::ReferenceBondIxn,276,63,99,89,30,4,2,5,0.90%,0,0,0,4,12,7,4,0,7
OpenMM::ReferenceBrownianDynamics,144,32,66,46,21,3,3,11,0.70%,60,1,1,7,0,17,5,3,5
OpenMM::ReferenceCalcAmoebaAngleForceKernel,88,4,63,21,9,0,1,4,0.33%,50,2,1,7,0,15,5,11,5
OpenMM::ReferenceCalcAmoebaBondForceKernel,86,5,60,21,9,0,1,4,0.35%,50,2,1,7,0,15,5,8,5
OpenMM::ReferenceCalcAmoebaGeneralizedKirkwoodForceKernel,235,26,121,88,6,0,1,7,0.73%,88,2,1,7,0,29,19,12,19
OpenMM::ReferenceCalcAmoebaInPlaneAngleForceKernel,91,4,66,21,10,0,1,4,0.32%,50,2,1,7,0,15,5,12,5
OpenMM::ReferenceCalcAmoebaMultipoleForceKernel,408,58,276,74,30,1,3,9,0.27%,61,2,1,18,0,25,11,22,11
OpenMM::ReferenceCalcAmoebaOutOfPlaneBendForceKernel,94,6,67,21,10,0,1,4,0.31%,50,2,1,7,0,15,5,11,5
OpenMM::ReferenceCalcAmoebaPiTorsionForceKernel,85,4,60,21,9,0,1,4,0.35%,44,2,1,7,0,15,5,9,5
OpenMM::ReferenceCalcAmoebaStretchBendForceKernel,89,3,65,21,10,0,1,4,0.32%,43,2,1,7,0,15,5,10,5
OpenMM::ReferenceCalcAmoebaTorsionTorsionForceKernel,106,14,75,17,17,0,3,9,0.23%,54,2,1,8,0,13,4,11,4
OpenMM::ReferenceCalcAmoebaVdwForceKernel,137,11,104,22,18,0,3,5,0.21%,47,2,1,10,0,15,5,14,5
OpenMM::ReferenceCalcAmoebaWcaDispersionForceKernel,96,9,65,22,10,0,1,3,0.34%,55,2,1,8,0,15,5,13,5
OpenMM::ReferenceCalcCMAPTorsionForceKernel,98,4,72,22,17,0,4,10,0.31%,25,2,1,9,0,14,4,3,4
OpenMM::ReferenceCalcCustomAngleForceKernel,102,6,73,23,13,0,3,5,0.32%,37,2,1,13,0,15,5,7,5
OpenMM::ReferenceCalcCustomBondForceKernel,101,6,72,23,13,0,3,5,0.32%,37,2,1,13,0,15,5,7,5
OpenMM::ReferenceCalcCustomCentroidBondForceKernel,114,10,79,25,16,1,4,8,0.32%,43,2,1,12,0,15,5,5,5
OpenMM::ReferenceCalcCustomCompoundBondForceKernel,107,10,72,25,15,1,3,7,0.35%,30,2,1,12,0,15,5,4,5
OpenMM::ReferenceCalcCustomExternalForceKernel,154,6,125,24,14,0,3,5,0.19%,42,2,1,14,0,15,5,10,5
OpenMM::ReferenceCalcCustomExternalForceKernel::PeriodicDistanceFunction,46,0,46,1,7,0,2,6,0.02%,19,1,1,2,0,10,5,1,5
OpenMM::ReferenceCalcCustomGBForceKernel,212,14,171,27,33,1,6,21,0.16%,56,2,1,13,0,15,5,18,5
OpenMM::ReferenceCalcCustomHbondForceKernel,160,12,122,26,25,1,5,12,0.21%,46,2,1,13,0,15,5,10,5
OpenMM::ReferenceCalcCustomManyParticleForceKernel,94,4,68,22,12,0,3,5,0.32%,43,2,1,10,0,15,5,6,5
OpenMM::ReferenceCalcCustomNonbondedForceKernel,196,20,146,30,31,2,6,12,0.21%,48,2,1,15,0,15,5,18,5
OpenMM::ReferenceCalcCustomTorsionForceKernel,103,6,74,23,14,0,3,5,0.31%,37,2,1,13,0,15,5,7,5
OpenMM::ReferenceCalcDrudeForceKernel,164,14,123,27,33,1,5,10,0.22%,25,2,1,8,0,14,4,12,4
OpenMM::ReferenceCalcForcesAndEnergyKernel,60,0,32,29,6,0,1,3,0.91%,50,2,1,6,0,14,4,1,4
OpenMM::ReferenceCalcGBSAOBCForceKernel,90,2,67,21,11,0,2,3,0.31%,40,2,1,10,0,15,5,3,5
OpenMM::ReferenceCalcHarmonicAngleForceKernel,77,2,54,21,9,0,2,4,0.39%,19,2,1,8,0,15,5,3,5
OpenMM::ReferenceCalcHarmonicBondForceKernel,78,2,55,21,9,0,2,4,0.38%,19,2,1,8,0,15,5,3,5
OpenMM::ReferenceCalcNonbondedForceKernel,209,8,168,33,27,0,5,11,0.20%,51,2,1,12,0,17,6,16,6
OpenMM::ReferenceCalcPeriodicTorsionForceKernel,80,2,57,21,9,0,2,4,0.37%,19,2,1,8,0,15,5,3,5
OpenMM::ReferenceCalcRBTorsionForceKernel,86,2,63,21,11,0,2,4,0.33%,19,2,1,8,0,15,5,3,5
OpenMM::ReferenceCCMAAlgorithm,344,35,259,51,27,1,4,20,0.20%,79,1,1,6,0,15,12,11,12
OpenMM::ReferenceCCMAAlgorithm::AngleInfo,10,0,10,0,4,0,1,1,0.00%,0,0,0,0,0,1,1,4,1
OpenMM::ReferenceCMAPTorsionIxn,182,27,118,37,30,1,2,5,0.31%,70,1,1,3,0,15,8,3,8
OpenMM::ReferenceConstraintAlgorithm,27,3,8,16,1,0,1,1,2.00%,0,0,0,1,5,3,3,0,3
OpenMM::ReferenceConstraints,187,17,141,30,40,3,8,23,0.21%,33,1,1,7,0,9,6,2,6
OpenMM::ReferenceContinuous1DFunction,38,0,38,0,5,0,1,2,0.00%,43,1,1,3,0,10,5,6,5
OpenMM::ReferenceContinuous2DFunction,54,0,54,0,8,0,2,5,0.00%,49,1,1,4,0,10,5,11,5
OpenMM::ReferenceContinuous3DFunction,65,0,65,0,10,0,3,7,0.00%,49,1,1,4,0,10,5,15,5
OpenMM::ReferenceCustomAngleIxn,146,29,88,29,32,2,4,9,0.33%,60,1,1,6,0,12,5,7,5
OpenMM::ReferenceCustomBondIxn,116,25,65,26,22,1,2,4,0.40%,60,1,1,5,0,12,5,7,5
OpenMM::ReferenceCustomCentroidBondIxn,322,40,233,49,27,1,4,16,0.21%,79,1,1,7,0,18,10,9,11
OpenMM::ReferenceCustomCentroidBondIxn::AngleTermInfo,11,0,11,0,3,0,1,1,0.00%,28,0,0,2,0,1,1,7,1
OpenMM::ReferenceCustomCentroidBondIxn::DihedralTermInfo,14,0,14,0,3,0,1,1,0.00%,45,0,0,2,0,1,1,11,1
OpenMM::ReferenceCustomCentroidBondIxn::DistanceTermInfo,10,0,10,0,3,0,1,1,0.00%,19,0,0,2,0,1,1,5,1
OpenMM::ReferenceCustomCentroidBondIxn::PositionTermInfo,9,0,9,0,3,0,1,1,0.00%,0,0,0,1,0,1,1,4,1
OpenMM::ReferenceCustomCompoundBondIxn,299,35,218,46,24,1,4,16,0.21%,79,1,1,7,0,18,10,7,11
OpenMM::ReferenceCustomCompoundBondIxn::AngleTermInfo,11,0,11,0,3,0,1,1,0.00%,28,0,0,2,0,1,1,7,1
OpenMM::ReferenceCustomCompoundBondIxn::DihedralTermInfo,14,0,14,0,3,0,1,1,0.00%,45,0,0,2,0,1,1,11,1
OpenMM::ReferenceCustomCompoundBondIxn::DistanceTermInfo,10,0,10,0,3,0,1,1,0.00%,19,0,0,2,0,1,1,5,1
OpenMM::ReferenceCustomCompoundBondIxn::ParticleTermInfo,9,0,9,0,3,0,1,1,0.00%,0,0,0,1,0,1,1,4,1
OpenMM::ReferenceCustomDynamics,324,25,246,55,33,1,8,35,0.22%,81,1,1,15,0,21,9,19,9
OpenMM::ReferenceCustomExternalIxn,130,19,86,25,25,1,2,3,0.29%,60,0,0,5,0,5,5,21,5
OpenMM::ReferenceCustomGBIxn,618,64,375,179,27,1,5,10,0.48%,81,0,0,6,0,23,23,17,23
OpenMM::ReferenceCustomHbondIxn,358,47,237,74,20,1,3,16,0.31%,80,1,1,8,0,21,13,12,14
OpenMM::ReferenceCustomHbondIxn::AngleTermInfo,11,0,11,0,3,0,1,1,0.00%,28,0,0,2,0,1,1,7,1
OpenMM::ReferenceCustomHbondIxn::DihedralTermInfo,14,0,14,0,3,0,1,1,0.00%,45,0,0,2,0,1,1,11,1
OpenMM::ReferenceCustomHbondIxn::DistanceTermInfo,10,0,10,0,3,0,1,1,0.00%,19,0,0,2,0,1,1,5,1
OpenMM::ReferenceCustomManyParticleIxn,427,51,310,66,30,1,5,27,0.21%,81,0,0,12,0,13,12,18,13
OpenMM::ReferenceCustomManyParticleIxn::AngleTermInfo,11,0,11,0,3,0,1,1,0.00%,28,0,0,2,0,1,1,7,1
OpenMM::ReferenceCustomManyParticleIxn::DihedralTermInfo,14,0,14,0,3,0,1,1,0.00%,45,0,0,2,0,1,1,11,1
OpenMM::ReferenceCustomManyParticleIxn::DistanceTermInfo,10,0,10,0,3,0,1,1,0.00%,19,0,0,2,0,1,1,5,1
OpenMM::ReferenceCustomManyParticleIxn::ParticleTermInfo,9,0,9,0,3,0,1,1,0.00%,0,0,0,1,0,1,1,4,1
OpenMM::ReferenceCustomNonbondedIxn,306,48,171,89,22,2,4,16,0.52%,78,0,0,7,0,12,12,15,12
OpenMM::ReferenceCustomTorsionIxn,163,40,91,32,38,3,3,5,0.35%,60,1,1,5,0,12,5,7,5
OpenMM::ReferenceDiscrete1DFunction,29,0,29,0,3,0,1,2,0.00%,60,1,1,3,0,10,5,2,5
OpenMM::ReferenceDiscrete2DFunction,31,0,31,0,3,0,1,2,0.00%,60,1,1,3,0,10,5,4,5
OpenMM::ReferenceDiscrete3DFunction,32,0,32,0,4,0,1,2,0.00%,60,1,1,3,0,10,5,5,5
OpenMM::ReferenceDrudeKernelFactory,14,0,14,0,10,0,4,4,0.00%,0,1,1,11,0,3,1,0,1
OpenMM::ReferenceDynamics,256,75,68,113,11,3,1,2,1.66%,76,0,0,4,6,12,12,6,12
OpenMM::ReferenceForce,144,22,68,54,6,0,1,2,0.79%,73,0,0,2,1,8,2,0,8
OpenMM::ReferenceHarmonicBondIxn,104,32,40,32,21,3,1,3,0.80%,0,1,1,3,0,11,4,0,4
OpenMM::ReferenceIntegrateBrownianStepKernel,73,1,53,19,8,0,1,3,0.36%,63,2,1,12,0,15,5,6,5
OpenMM::ReferenceIntegrateCustomStepKernel,146,12,76,58,8,0,1,3,0.76%,70,2,1,13,0,27,13,5,13
OpenMM::ReferenceIntegrateDrudeLangevinStepKernel,209,17,162,30,35,2,5,19,0.19%,57,2,1,14,0,15,5,7,5
OpenMM::ReferenceIntegrateDrudeSCFStepKernel,134,16,90,28,16,1,3,6,0.31%,61,2,1,15,0,16,6,6,6
OpenMM::ReferenceIntegrateLangevinStepKernel,74,1,54,19,8,0,2,4,0.35%,63,2,1,12,0,15,5,6,5
OpenMM::ReferenceIntegrateRPMDStepKernel,377,40,287,52,36,2,8,34,0.18%,68,2,1,14,0,24,11,9,11
OpenMM::ReferenceIntegrateVariableLangevinStepKernel,76,1,54,22,8,0,2,5,0.41%,63,2,1,12,0,15,5,6,5
OpenMM::ReferenceIntegrateVariableVerletStepKernel,70,1,48,22,7,0,2,4,0.46%,55,2,1,11,0,15,5,4,5
OpenMM::ReferenceIntegrateVerletStepKernel,64,1,44,19,6,0,1,3,0.43%,55,2,1,11,0,15,5,4,5
OpenMM::ReferenceKernelFactory,70,0,70,0,66,0,32,32,0.00%,0,1,1,65,0,3,1,0,1
OpenMM::ReferenceLincsAlgorithm,300,54,158,88,20,2,3,9,0.56%,72,1,1,3,0,15,12,12,12
OpenMM::ReferenceLJCoulomb14,112,33,46,33,25,4,1,3,0.72%,0,1,1,3,0,11,4,0,4
OpenMM::ReferenceLJCoulombIxn,610,122,354,134,44,3,7,46,0.38%,78,0,0,7,0,13,13,16,13
OpenMM::ReferenceMonteCarloBarostat,100,19,49,32,12,1,2,6,0.65%,64,0,0,3,0,7,7,2,7
OpenMM::ReferenceObc,494,132,243,119,36,3,3,17,0.49%,74,0,0,4,0,13,13,3,13
OpenMM::ReferencePairIxn,61,17,14,30,9,3,1,1,2.14%,0,0,0,1,0,3,3,0,3
OpenMM::ReferencePlatform,88,0,88,0,8,0,1,1,0.00%,0,1,1,36,1,45,6,0,6
OpenMM::ReferencePlatform::PlatformData,29,0,29,0,8,0,1,1,0.00%,16,0,0,3,0,2,2,9,2
OpenMM::ReferenceProperDihedralBond,160,47,75,38,39,5,2,4,0.51%,0,1,1,3,0,11,4,0,4
OpenMM::ReferenceRbDihedralBond,175,50,87,38,45,5,2,6,0.44%,0,1,1,3,0,11,4,0,4
OpenMM::ReferenceRemoveCMMotionKernel,57,4,40,13,12,0,2,5,0.33%,33,2,1,7,0,12,3,3,3
OpenMM::ReferenceRpmdKernelFactory,9,0,9,0,5,0,2,2,0.00%,0,1,1,6,0,3,1,0,1
OpenMM::ReferenceSETTLEAlgorithm,251,26,185,40,40,2,1,2,0.22%,54,1,1,3,0,11,8,6,8
OpenMM::ReferenceStochasticDynamics,234,51,95,88,18,3,2,5,0.93%,81,1,1,7,1,23,11,3,11
OpenMM::ReferenceUpdateStateDataKernel,172,0,108,64,7,0,1,2,0.59%,66,2,1,10,0,34,15,1,15
OpenMM::ReferenceVariableStochasticDynamics,266,57,115,96,19,3,3,12,0.83%,79,1,1,7,0,23,11,4,11
OpenMM::ReferenceVariableVerletDynamics,153,28,79,49,17,2,4,16,0.62%,61,1,1,5,0,18,6,3,6
OpenMM::ReferenceVerletDynamics,125,31,56,38,26,3,4,11,0.68%,50,1,1,5,0,16,4,2,4
OpenMM::ReferenceVirtualSites,175,11,149,15,82,4,7,7,0.10%,0,0,0,9,0,4,2,0,4
OpenMM::ReferenceVirtualSitesKernel,23,0,13,10,2,0,1,1,0.77%,0,2,1,5,0,12,3,0,3
OpenMM::RemoveCMMotionKernel,21,0,10,11,2,0,1,1,1.10%,0,1,1,4,3,9,3,0,4
OpenMM::RPMDIntegrator,346,13,194,139,9,0,2,10,0.72%,82,1,1,14,0,36,24,11,24
OpenMM::RPMDMonteCarloBarostat,90,0,41,49,3,0,1,1,1.20%,73,1,1,2,0,19,9,3,10
OpenMM::RPMDMonteCarloBarostatImpl,142,13,119,10,15,1,2,13,0.08%,68,2,1,16,0,17,8,8,8
OpenMM::RPMDUpdater,4,0,4,0,0,0,0,0,0.00%,0,1,1,1,1,9,1,0,1
OpenMM::SerializationNode,294,0,155,139,5,0,1,3,0.90%,81,0,0,5,0,37,37,3,37
OpenMM::SerializationProxy,86,0,45,41,3,0,1,2,0.91%,85,0,0,4,50,14,9,1,14
OpenMM::SimTKOpenMMUtilities,401,79,177,145,16,1,2,8,0.82%,68,0,0,2,0,14,2,0,14
OpenMM::SplineFitter,807,64,591,152,61,3,10,39,0.26%,0,0,0,2,0,22,11,0,22
OpenMM::State,187,0,141,46,4,0,1,2,0.33%,75,0,0,4,0,18,18,9,18
OpenMM::State::StateBuilder,36,0,36,0,2,0,1,1,0.00%,0,0,0,4,0,8,8,1,8
OpenMM::StateProxy,130,1,127,2,41,0,8,14,0.02%,0,1,1,8,0,17,3,0,3
OpenMM::System,302,3,156,143,5,0,1,5,0.92%,79,0,0,6,0,22,22,5,22
OpenMM::System::ConstraintInfo,12,0,12,0,3,0,1,1,0.00%,0,0,0,0,0,2,2,3,2
OpenMM::SystemProxy,108,0,108,0,34,0,7,11,0.00%,0,1,1,10,0,17,3,0,3
OpenMM::TabulatedFunction,6,0,6,0,2,0,1,1,0.00%,0,0,0,0,6,2,2,0,2
OpenMM::ThreadPool,120,0,91,29,8,0,2,4,0.32%,55,0,0,1,0,7,7,8,7
OpenMM::ThreadPool::Task,10,0,4,6,0,0,0,0,1.50%,0,0,0,1,18,1,1,0,1
OpenMM::ThreadPool::ThreadData,9,0,9,0,2,0,1,1,0.00%,25,0,0,2,0,1,1,4,1
OpenMM::ThreeParticleAverageSite,41,0,24,17,8,0,2,4,0.71%,0,1,1,1,0,8,2,3,2
OpenMM::TwoParticleAverageSite,36,0,21,15,7,0,2,3,0.71%,0,1,1,1,0,8,2,2,2
OpenMM::UpdateStateDataKernel,85,0,20,65,2,0,1,1,3.25%,0,1,1,5,3,19,13,0,14
OpenMM::VariableLangevinIntegrator,162,0,84,78,4,0,1,3,0.93%,81,1,1,7,0,27,15,5,15
OpenMM::VariableLangevinIntegratorProxy,30,1,29,0,8,0,1,2,0.00%,0,1,1,4,0,17,3,0,3
OpenMM::VariableVerletIntegrator,100,0,61,39,5,0,1,3,0.64%,50,1,1,7,0,21,9,2,9
OpenMM::VariableVerletIntegratorProxy,24,1,23,0,6,0,1,2,0.00%,0,1,1,4,0,17,3,0,3
OpenMM::Vec3,114,16,83,15,4,0,1,1,0.18%,38,0,0,0,0,18,18,1,18
OpenMM::VerletIntegrator,69,0,44,25,5,0,1,3,0.57%,16,1,1,6,0,18,6,1,6
OpenMM::VerletIntegratorProxy,22,1,21,0,5,0,1,2,0.00%,0,1,1,4,0,17,3,0,3
OpenMM::VirtualSite,31,0,22,9,2,0,1,1,0.41%,50,0,0,1,4,6,6,1,6
OpenMM::VirtualSitesKernel,20,0,10,10,2,0,1,1,1.00%,0,1,1,3,3,9,3,0,4
OpenMM::VoxelHash,134,14,116,6,29,1,5,15,0.05%,36,0,0,5,0,4,4,9,4
OpenMM::VoxelIndex,10,0,10,0,2,0,1,1,0.00%,0,0,0,0,0,2,2,2,2
OpenMM::VoxelIndex,19,2,16,1,4,0,3,6,0.06%,0,0,0,0,0,2,2,3,2
OpenMM::XmlSerializer,110,4,86,20,10,0,2,6,0.23%,0,0,0,8,0,6,0,0,6
OpenMM::XmlSerializer::StreamReader,18,0,18,0,4,0,1,1,0.00%,33,1,1,2,0,6,3,2,3
OpenMM_SFMT::SFMTData,34,0,22,8,14,0,1,1,0.36%,14,0,0,1,0,1,1,7,1
SFMT,21,0,21,0,3,0,1,1,0.00%,0,0,0,3,0,4,4,1,4
SortTrait,10,0,10,0,1,0,1,1,0.00%,0,1,1,0,0,17,8,0,8
SortTrait,10,0,10,0,1,0,1,1,0.00%,0,1,1,0,0,17,8,0,8
t_complex,30,0,30,0,3,0,1,1,0.00%,0,0,0,0,0,8,8,2,8
TNT::Array1D,169,20,124,8,5,0,1,2,0.06%,49,0,0,2,0,23,23,3,23
TNT::Array2D,198,24,161,5,7,0,1,4,0.03%,51,0,0,1,0,24,24,4,24
TNT::Array3D,197,27,164,3,7,0,2,5,0.02%,44,0,0,2,0,20,20,5,20
TNT::Fortran_Array1D,165,20,115,7,6,0,1,2,0.06%,44,0,0,1,0,20,20,3,20
TNT::Fortran_Array2D,130,19,98,1,5,0,1,2,0.01%,46,0,0,1,0,19,19,4,19
TNT::Fortran_Array3D,133,19,98,0,5,0,1,3,0.00%,37,0,0,1,0,17,17,5,17
TNT::i_refvec,131,13,106,0,7,0,2,5,0.00%,33,0,0,1,0,15,15,2,15
TNT::Matrix,301,70,154,17,8,0,1,5,0.11%,71,0,0,0,0,26,26,7,26
TNT::Sparse_Matrix_CompRow,36,13,23,5,1,0,1,1,0.22%,75,0,0,1,0,9,9,5,9
TNT::Stopwatch,47,1,46,0,6,0,1,2,0.00%,27,0,0,0,0,6,6,3,6
TNT::Vector,250,53,129,16,7,0,1,3,0.12%,40,0,0,0,0,24,24,3,24
