File,Lines,Comments,Blanks,Code,Lines-exe,Lines-dec,Stmt-exe,Stmt-dec,Ratio,Units,Cyclomatic,Modified,Strict,Essential,Avg Lines,Avg Code,Avg Comment,Avg Blank,bug
AlignedArray.h,104,55,6,42,16,16,15,14,1.31,8,1,1,1,1,4,4,0,0,0
AmoebaAngleForce.cpp,104,30,16,54,23,16,24,15,0.56,14,1,1,1,1,4,4,0,0,0
AmoebaAngleForce.h,197,131,23,39,3,27,3,25,3.36,3,1,1,1,1,3,3,0,0,0
AmoebaAngleForceImpl.cpp,67,30,9,25,8,7,12,11,1.2,6,1,1,1,1,4,4,0,0,0
AmoebaAngleForceImpl.h,72,37,7,22,2,14,2,13,1.68,3,1,1,1,1,3,3,1,0,0
AmoebaAngleForceProxy.cpp,85,30,10,40,26,12,23,14,0.75,3,2,2,2,1,14,13,0,2,0
AmoebaAngleForceProxy.h,53,35,7,8,0,6,0,5,4.38,0,0,0,0,0,0,0,0,0,0
AmoebaBondForce.cpp,84,30,12,38,17,10,18,11,0.79,10,1,1,1,1,4,4,0,0,0
AmoebaBondForce.h,169,108,20,35,3,23,3,21,3.09,3,1,1,1,1,3,3,0,0,0
AmoebaBondForceImpl.cpp,78,30,10,34,12,12,16,16,0.88,7,1,1,1,1,4,4,0,0,0
AmoebaBondForceImpl.h,75,37,8,23,2,15,2,14,1.61,3,1,1,1,1,3,3,1,0,0
AmoebaBondForceProxy.cpp,78,30,7,36,22,12,19,14,0.83,3,2,2,2,1,12,11,0,1,0
AmoebaBondForceProxy.h,53,35,7,8,0,6,0,5,4.38,0,0,0,0,0,0,0,0,0,0
AmoebaCudaKernelFactory.cpp,108,26,18,58,45,8,38,12,0.45,4,4,4,4,3,18,14,0,3,0
AmoebaCudaKernelFactory.h,45,30,7,6,0,4,0,3,5.0,0,0,0,0,0,0,0,0,0,0
AmoebaCudaKernels.cpp,2506,148,237,2094,1581,665,1325,573,0.07,103,4,4,4,1,22,20,1,1,0
AmoebaCudaKernels.h,597,303,18,268,16,222,14,217,1.13,14,1,1,1,1,2,2,0,0,0
AmoebaGeneralizedKirkwoodForce.cpp,99,38,15,42,17,12,18,13,0.9,12,1,1,1,1,4,3,0,0,0
AmoebaGeneralizedKirkwoodForce.h,194,116,25,49,6,30,6,27,2.37,7,1,1,1,1,3,3,0,0,0
AmoebaGeneralizedKirkwoodForceImpl.cpp,69,30,10,26,13,7,14,9,1.15,5,2,2,2,1,5,5,0,1,0
AmoebaGeneralizedKirkwoodForceImpl.h,72,37,7,24,3,14,3,13,1.54,4,1,1,1,1,3,3,1,0,0
AmoebaGeneralizedKirkwoodForceProxy.cpp,89,32,11,41,28,11,25,13,0.78,3,2,2,2,1,16,13,1,2,0
AmoebaGeneralizedKirkwoodForceProxy.h,53,35,7,8,0,6,0,5,4.38,0,0,0,0,0,0,0,0,0,0
AmoebaInPlaneAngleForce.cpp,106,30,16,56,25,16,26,15,0.54,14,1,1,1,1,4,4,0,0,0
AmoebaInPlaneAngleForce.h,203,134,23,42,3,30,3,25,3.19,3,1,1,1,1,4,4,0,0,0
AmoebaInPlaneAngleForceImpl.cpp,67,30,9,25,8,7,12,11,1.2,6,1,1,1,1,4,4,0,0,0
AmoebaInPlaneAngleForceImpl.h,72,37,7,22,2,14,2,13,1.68,3,1,1,1,1,3,3,1,0,0
AmoebaInPlaneAngleForceProxy.cpp,85,30,10,40,26,12,23,14,0.75,3,2,2,2,1,14,13,0,2,0
AmoebaInPlaneAngleForceProxy.h,53,35,7,8,0,6,0,5,4.38,0,0,0,0,0,0,0,0,0,0
amoebaKernels.h,488,279,75,126,46,71,11,69,2.21,22,1,1,1,1,3,3,0,0,0
AmoebaMultipoleForce.cpp,247,31,44,167,95,41,98,40,0.19,29,1,1,1,1,6,6,0,0,0
AmoebaMultipoleForce.h,421,256,56,102,20,73,20,57,2.51,3,1,1,1,1,11,10,0,2,0
AmoebaMultipoleForceImpl.cpp,201,33,29,135,87,33,82,33,0.24,12,2,2,3,1,12,11,0,1,0
AmoebaMultipoleForceImpl.h,105,51,15,33,2,25,2,21,1.55,3,1,1,1,1,3,3,1,0,0
AmoebaMultipoleForceProxy.cpp,204,37,36,126,101,27,87,29,0.29,6,3,3,3,1,27,21,1,5,0
AmoebaMultipoleForceProxy.h,53,35,7,8,0,6,0,5,4.38,0,0,0,0,0,0,0,0,0,0
AmoebaOutOfPlaneBendForce.cpp,108,30,17,57,26,16,27,15,0.53,14,1,1,1,1,4,4,0,0,0
AmoebaOutOfPlaneBendForce.h,196,128,24,40,3,28,3,25,3.2,3,1,1,1,1,4,4,0,0,0
AmoebaOutOfPlaneBendForceImpl.cpp,67,30,9,25,8,7,12,11,1.2,6,1,1,1,1,4,4,0,0,0
AmoebaOutOfPlaneBendForceImpl.h,72,37,7,22,2,14,2,13,1.68,3,1,1,1,1,3,3,1,0,0
AmoebaOutOfPlaneBendForceProxy.cpp,83,30,8,40,26,12,23,14,0.75,3,2,2,2,1,14,13,0,1,0
AmoebaOutOfPlaneBendForceProxy.h,53,35,7,8,0,6,0,5,4.38,0,0,0,0,0,0,0,0,0,0
AmoebaPiTorsionForce.cpp,73,30,8,31,18,6,19,7,0.97,6,1,1,1,1,5,5,0,0,0
AmoebaPiTorsionForce.h,143,94,15,30,3,18,3,16,3.13,3,1,1,1,1,3,3,0,0,0
AmoebaPiTorsionForceImpl.cpp,67,30,9,25,8,7,12,11,1.2,6,1,1,1,1,4,4,0,0,0
AmoebaPiTorsionForceImpl.h,72,37,7,22,2,14,2,13,1.68,3,1,1,1,1,3,3,1,0,0
AmoebaPiTorsionForceProxy.cpp,72,30,5,32,18,12,15,14,0.94,3,2,2,2,1,10,10,0,0,0
AmoebaPiTorsionForceProxy.h,53,35,7,8,0,6,0,5,4.38,0,0,0,0,0,0,0,0,0,0
AmoebaReferenceAngleForce.cpp,215,64,33,116,79,63,46,44,0.55,3,4,4,4,1,49,38,2,8,0
AmoebaReferenceAngleForce.h,142,91,20,27,0,24,0,6,3.37,2,1,1,1,1,1,1,0,0,0
AmoebaReferenceBondForce.cpp,119,42,21,54,34,30,22,21,0.78,2,3,3,3,1,36,26,3,8,0
AmoebaReferenceBondForce.h,107,67,19,17,0,14,0,5,3.94,2,1,1,1,1,1,1,0,0,0
AmoebaReferenceForce.cpp,296,151,85,58,27,19,26,15,2.6,12,1,1,1,1,13,5,4,5,0
AmoebaReferenceForce.h,142,90,28,19,0,17,0,15,4.74,0,0,0,0,0,0,0,0,0,0
AmoebaReferenceGeneralizedKirkwoodForce.cpp,205,22,42,140,77,64,51,59,0.16,24,1,1,1,1,6,6,0,1,0
AmoebaReferenceGeneralizedKirkwoodForce.h,254,168,39,43,0,38,2,40,3.91,1,1,1,1,1,1,1,0,0,0
AmoebaReferenceInPlaneAngleForce.cpp,284,72,56,154,108,74,76,54,0.47,3,6,6,6,1,71,51,5,16,0
AmoebaReferenceInPlaneAngleForce.h,145,93,20,28,0,25,0,6,3.32,2,1,1,1,1,1,1,0,0,0
AmoebaReferenceKernelFactory.cpp,101,27,18,51,40,8,39,12,0.53,4,4,4,4,3,16,13,1,3,0
AmoebaReferenceKernelFactory.h,45,30,7,6,0,4,0,3,5.0,0,0,0,0,0,0,0,0,0,0
AmoebaReferenceKernels.cpp,1069,68,202,774,500,263,438,233,0.09,73,2,2,2,1,13,11,0,2,0
AmoebaReferenceKernels.h,664,369,39,249,0,216,0,212,1.48,0,0,0,0,0,0,0,0,0,0
AmoebaReferenceMultipoleForce.cpp,6779,311,1267,5181,4307,2416,1923,1840,0.06,114,3,3,3,1,58,45,2,10,0
AmoebaReferenceMultipoleForce.h,1658,995,176,479,57,379,55,234,2.08,26,1,1,1,1,4,4,0,0,0
AmoebaReferenceOutOfPlaneBendForce.cpp,230,57,43,129,90,61,71,47,0.44,2,9,9,10,1,89,64,8,18,0
AmoebaReferenceOutOfPlaneBendForce.h,119,74,18,23,0,20,0,5,3.22,2,1,1,1,1,1,1,0,0,0
AmoebaReferencePiTorsionForce.cpp,226,46,47,130,101,47,85,38,0.35,2,6,6,6,1,89,64,4,21,0
AmoebaReferencePiTorsionForce.h,114,72,19,19,0,16,0,5,3.79,2,1,1,1,1,1,1,0,0,0
AmoebaReferenceStretchBendForce.cpp,182,55,31,93,62,46,48,36,0.59,2,6,6,6,1,65,46,7,12,0
AmoebaReferenceStretchBendForce.h,113,70,19,20,0,17,0,5,3.5,2,1,1,1,1,1,1,0,0,0
AmoebaReferenceTorsionTorsionForce.cpp,600,162,125,311,236,126,171,85,0.52,6,6,6,6,1,77,52,7,19,0
AmoebaReferenceTorsionTorsionForce.h,217,152,26,35,0,32,0,9,4.34,2,1,1,1,1,1,1,0,0,0
AmoebaReferenceVdwForce.cpp,412,47,96,265,171,102,120,81,0.18,25,2,2,2,1,14,11,1,3,0
AmoebaReferenceVdwForce.h,338,205,58,68,3,64,1,44,3.01,1,1,1,1,1,1,1,0,0,0
AmoebaReferenceWcaDispersionForce.cpp,345,29,69,245,202,121,100,113,0.12,3,8,8,9,2,104,81,2,21,0
AmoebaReferenceWcaDispersionForce.h,123,72,20,25,0,21,1,15,2.88,1,1,1,1,1,1,1,0,0,0
AmoebaSerializationProxyRegistration.cpp,95,30,8,20,14,3,15,6,1.5,2,2,2,2,1,9,9,0,0,0
AmoebaStretchBendForce.cpp,76,30,8,34,18,9,19,7,0.88,6,1,1,1,1,6,6,0,0,0
AmoebaStretchBendForce.h,149,94,16,35,3,23,3,16,2.69,3,1,1,1,1,4,4,0,0,0
AmoebaStretchBendForceImpl.cpp,67,30,9,25,8,7,12,11,1.2,6,1,1,1,1,4,4,0,0,0
AmoebaStretchBendForceImpl.h,72,37,7,22,2,14,2,13,1.68,3,1,1,1,1,3,3,1,0,0
AmoebaStretchBendForceProxy.cpp,75,30,8,32,18,12,15,14,0.94,3,2,2,2,1,11,10,0,1,0
AmoebaStretchBendForceProxy.h,53,35,7,8,0,6,0,5,4.38,0,0,0,0,0,0,0,0,0,0
AmoebaTorsionTorsionForce.cpp,185,36,24,120,90,34,100,32,0.3,8,4,4,4,1,17,15,1,2,0
AmoebaTorsionTorsionForce.h,211,111,29,66,11,37,11,34,1.68,9,1,1,1,1,4,3,0,0,0
AmoebaTorsionTorsionForceImpl.cpp,180,38,29,92,48,36,46,40,0.41,6,3,3,3,1,20,13,1,3,0
AmoebaTorsionTorsionForceImpl.h,73,37,9,22,2,14,2,13,1.68,3,1,1,1,1,3,3,1,0,0
AmoebaTorsionTorsionForceProxy.cpp,145,37,20,83,60,33,51,35,0.45,4,4,4,4,1,26,20,2,4,0
AmoebaTorsionTorsionForceProxy.h,53,35,7,8,0,6,0,5,4.38,0,0,0,0,0,0,0,0,0,0
AmoebaVdwForce.cpp,127,30,21,72,30,20,35,21,0.42,16,1,1,1,1,5,4,0,0,0
AmoebaVdwForce.h,255,161,31,59,7,41,7,36,2.73,5,1,1,1,1,4,4,0,0,0
AmoebaVdwForceImpl.cpp,261,68,26,169,134,79,74,84,0.4,7,4,4,4,1,30,23,5,2,0
AmoebaVdwForceImpl.h,80,41,9,24,2,16,2,15,1.71,3,1,1,1,1,3,3,1,0,0
AmoebaVdwForceProxy.cpp,106,31,17,53,37,17,33,19,0.58,3,3,3,3,1,21,17,0,4,0
AmoebaVdwForceProxy.h,53,35,7,8,0,6,0,5,4.38,0,0,0,0,0,0,0,0,0,0
AmoebaWcaDispersionForce.cpp,136,30,24,77,32,22,33,23,0.39,22,1,1,1,1,3,3,0,0,0
AmoebaWcaDispersionForce.h,157,83,18,52,3,40,3,39,1.6,3,1,1,1,1,3,3,0,0,0
AmoebaWcaDispersionForceImpl.cpp,146,33,23,86,58,37,37,41,0.38,8,2,2,2,1,12,10,0,2,0
AmoebaWcaDispersionForceImpl.h,91,51,10,24,2,16,2,15,2.12,3,1,1,1,1,3,3,1,0,0
AmoebaWcaDispersionForceProxy.cpp,95,30,13,47,34,11,31,13,0.64,3,2,2,2,1,18,15,0,3,0
AmoebaWcaDispersionForceProxy.h,53,35,7,8,0,6,0,5,4.38,0,0,0,0,0,0,0,0,0,0
AndersenThermostat.cpp,45,30,4,8,2,3,3,3,3.75,2,1,1,1,1,4,4,0,0,0
AndersenThermostat.h,129,81,7,37,10,17,8,16,2.19,8,1,1,1,1,3,3,0,0,0
AndersenThermostatImpl.cpp,100,33,13,48,24,20,28,22,0.69,7,2,2,2,1,8,7,0,1,0
AndersenThermostatImpl.h,75,40,8,22,2,15,2,14,1.82,2,1,1,1,1,4,3,1,0,0
AndersenThermostatProxy.cpp,68,30,5,28,18,6,15,8,1.07,3,2,2,2,1,9,9,0,0,0
AndersenThermostatProxy.h,53,35,7,8,0,6,0,5,4.38,0,0,0,0,0,0,0,0,0,0
apibegin.h,49,15,5,0,0,0,0,0,0.0,0,0,0,0,0,0,0,0,0,0
apiend.h,33,14,4,0,0,0,0,0,0.0,0,0,0,0,0,0,0,0,0,0
arithmetic_ansi.h,133,26,22,79,26,21,41,20,0.33,12,2,2,2,1,7,7,0,1,0
arithmetic_sse_double.h,287,30,22,12,5,2,4,2,2.5,1,1,1,1,0,8,4,0,0,0
arithmetic_sse_float.h,287,31,21,12,5,3,4,3,2.58,2,2,2,2,1,6,6,0,0,0
asmjit.h,379,346,27,0,0,0,0,0,0.0,0,0,0,0,0,0,0,0,0,0
assembler.cpp,387,53,89,235,156,65,127,56,0.23,24,2,2,2,1,13,10,1,2,0
assembler.h,540,248,93,189,58,98,53,90,1.31,34,1,1,1,1,4,4,0,0,0
AssertionUtilities.cpp,56,34,5,14,8,5,8,4,2.43,1,3,3,3,1,12,12,0,0,0
AssertionUtilities.h,65,35,15,3,0,3,0,2,11.67,0,0,0,0,0,0,0,0,0,0
base.h,34,9,4,0,0,0,0,0,0.0,0,0,0,0,0,0,0,0,0,0
BrownianIntegrator.cpp,81,30,8,36,19,8,23,11,0.83,6,1,1,2,1,6,6,0,0,0
BrownianIntegrator.h,140,95,7,34,6,18,6,17,2.79,6,1,1,1,1,3,3,0,0,0
BrownianIntegratorProxy.cpp,61,30,6,23,15,7,13,7,1.3,3,1,1,1,1,7,7,0,0,0
BrownianIntegratorProxy.h,17,1,5,8,0,6,0,5,0.12,0,0,0,0,0,0,0,0,0,0
build.h,385,98,50,1,0,1,0,2,98.0,1,1,1,1,1,1,1,0,0,0
cl.hpp,12306,974,973,7824,2012,4482,777,1291,0.12,366,2,2,2,1,13,11,0,1,0
CMAPTorsionForce.cpp,98,30,11,52,35,8,40,9,0.58,8,2,2,2,1,6,6,0,0,0
CMAPTorsionForce.h,193,133,9,46,4,28,4,25,2.89,6,1,1,1,1,3,3,0,0,0
CMAPTorsionForceImpl.cpp,157,36,18,96,70,52,60,37,0.38,6,4,4,4,1,18,16,1,2,0
CMAPTorsionForceImpl.h,74,40,7,22,2,14,2,13,1.82,3,1,1,1,1,3,3,1,0,0
CMAPTorsionForceProxy.cpp,94,30,5,54,38,21,33,23,0.56,3,4,4,4,1,17,17,0,0,0
CMAPTorsionForceProxy.h,53,35,7,8,0,6,0,5,4.38,0,0,0,0,0,0,0,0,0,0
CMMotionRemover.cpp,42,30,4,6,1,2,2,3,5.0,2,1,1,1,1,3,3,0,0,0
CMMotionRemover.h,72,45,7,16,3,8,2,7,2.81,2,1,1,1,1,3,3,0,0,0
CMMotionRemoverImpl.cpp,59,30,6,17,6,6,7,8,1.76,4,1,1,1,1,4,4,0,0,0
CMMotionRemoverImpl.h,68,37,7,21,3,12,3,11,1.76,3,1,1,1,1,3,3,1,0,0
CMMotionRemoverProxy.cpp,65,30,5,25,15,6,12,8,1.2,3,2,2,2,1,8,8,0,0,0
CMMotionRemoverProxy.h,53,35,7,8,0,6,0,5,4.38,0,0,0,0,0,0,0,0,0,0
codegen.cpp,111,27,23,51,26,21,22,9,0.53,5,3,3,3,1,14,10,1,2,0
codegen.h,337,157,64,102,27,57,24,45,1.54,20,1,1,1,1,3,3,0,0,0
CompiledExpression.cpp,371,37,19,95,67,23,68,25,0.39,10,3,3,3,1,11,9,1,1,0
CompiledExpression.h,104,52,8,28,0,25,0,24,1.86,0,0,0,0,0,0,0,0,0,0
CompiledExpressionSet.cpp,56,22,6,27,16,9,22,12,0.81,4,3,3,3,1,6,6,0,0,0
CompiledExpressionSet.h,71,47,6,13,0,10,0,9,3.62,0,0,0,0,0,0,0,0,0,0
compiler.cpp,621,54,139,416,300,98,248,81,0.13,36,2,2,3,1,14,11,0,2,0
compiler.h,3104,1245,575,1246,427,814,398,681,1.0,317,1,1,1,1,2,2,0,0,0
config.h,53,41,10,0,0,0,0,0,0.0,0,0,0,0,0,0,0,0,0,0
constpool.cpp,537,56,81,237,172,55,148,52,0.24,15,4,4,4,2,20,15,1,3,0
constpool.h,299,117,62,115,39,63,34,49,1.02,12,2,2,2,1,7,6,0,1,0
containers.cpp,116,24,28,60,48,13,38,12,0.4,3,6,6,6,4,25,19,1,5,0
containers.h,350,117,79,149,72,68,67,66,0.79,31,1,1,1,1,4,4,0,0,0
context.cpp,561,64,124,366,290,85,276,80,0.17,12,8,7,8,5,40,30,2,8,0
Context.cpp,284,40,41,196,116,61,97,63,0.2,26,2,2,2,1,8,7,0,1,0
Context.h,269,212,8,39,2,36,0,35,5.44,0,0,0,0,0,0,0,0,0,0
context_p.h,307,141,72,87,32,67,20,67,1.62,14,1,1,1,1,3,3,0,0,0
ContextImpl.cpp,441,46,61,318,207,99,201,99,0.14,32,3,3,3,1,11,10,1,1,0
ContextImpl.h,275,193,8,67,6,54,5,53,2.88,5,1,1,1,1,3,3,0,0,0
contrib.h,18,10,4,0,0,0,0,0,0.0,0,0,0,0,0,0,0,0,0,0
CpuBondForce.cpp,217,48,35,133,81,49,77,47,0.36,8,4,4,5,2,21,15,2,3,0
CpuBondForce.h,77,44,6,20,0,17,0,14,2.2,0,0,0,0,0,0,0,0,0,0
CpuCustomGBForce.cpp,587,48,62,469,328,168,341,140,0.1,17,6,6,7,2,31,27,2,2,0
CpuCustomGBForce.h,267,135,35,87,0,82,0,57,1.55,0,0,0,0,0,0,0,0,0,0
CpuCustomManyParticleForce.cpp,521,49,66,394,290,155,260,148,0.12,19,5,5,5,1,24,20,1,2,0
CpuCustomManyParticleForce.h,223,88,25,96,0,83,0,79,0.92,0,0,0,0,0,0,0,0,0,0
CpuCustomNonbondedForce.cpp,273,34,31,202,130,71,122,67,0.17,13,4,4,4,2,17,15,1,1,0
CpuCustomNonbondedForce.h,187,100,26,51,0,46,0,42,1.96,0,0,0,0,0,0,0,0,0,0
CpuGBSAOBCForce.cpp,427,34,31,359,261,172,181,174,0.09,14,4,4,4,2,27,25,1,1,0
CpuGBSAOBCForce.h,138,73,21,37,0,34,0,33,1.97,0,0,0,0,0,0,0,0,0,0
CpuGBVI.cpp,974,294,234,439,351,229,158,223,0.67,20,3,3,3,1,35,22,3,10,0
CpuGBVI.h,316,224,53,34,0,31,0,23,6.59,0,0,0,0,0,0,0,0,0,0
cpuinfo.cpp,79,21,13,14,3,5,3,7,1.5,3,1,1,1,1,9,3,0,0,0
cpuinfo.h,147,66,34,43,14,34,12,27,1.53,10,1,1,1,1,2,2,0,0,0
CpuKernelFactory.cpp,61,30,3,23,20,2,20,3,1.3,1,10,10,10,10,22,22,0,0,0
CpuKernelFactory.h,50,35,7,6,0,4,0,3,5.83,0,0,0,0,0,0,0,0,0,0
CpuKernels.cpp,1107,78,125,884,613,299,579,298,0.09,51,4,4,5,1,19,17,1,1,0
CpuKernels.h,436,247,15,162,0,129,0,122,1.52,6,1,1,1,1,3,3,0,0,0
CpuLangevinDynamics.cpp,126,27,19,76,36,34,28,33,0.36,10,1,1,1,1,8,7,0,1,0
CpuLangevinDynamics.h,100,60,11,23,0,20,0,18,2.61,0,0,0,0,0,0,0,0,0,0
CpuNeighborList.cpp,481,69,53,354,233,138,184,134,0.19,18,4,4,4,1,21,18,1,2,0
CpuNeighborList.h,79,36,6,30,0,27,0,25,1.2,0,0,0,0,0,0,0,0,0,0
CpuNonbondedForce.cpp,474,90,70,304,214,115,177,114,0.3,16,4,4,4,1,22,19,1,3,0
CpuNonbondedForce.h,248,148,39,52,2,49,0,45,2.85,0,0,0,0,0,0,0,0,0,0
CpuNonbondedForceVec4.cpp,297,52,41,203,156,94,97,94,0.26,7,5,5,7,1,36,29,3,4,0
CpuNonbondedForceVec4.h,89,59,16,12,0,9,0,8,4.92,0,0,0,0,0,0,0,0,0,0
CpuNonbondedForceVec8.cpp,335,22,6,8,2,2,4,4,2.75,2,1,1,1,1,3,3,0,0,0
CpuNonbondedForceVec8.h,90,24,5,0,0,0,0,0,0.0,0,0,0,0,0,0,0,0,0,0
CpuObc.cpp,584,155,139,282,218,141,118,134,0.55,11,4,4,5,2,39,25,4,10,0
CpuObc.h,186,119,39,25,0,22,0,15,4.76,0,0,0,0,0,0,0,0,0,0
CpuPlatform.cpp,142,31,15,80,51,28,42,30,0.39,11,2,2,2,1,7,7,0,0,0
CpuPlatform.h,93,42,8,35,4,26,2,25,1.2,2,1,1,1,1,4,4,0,0,0
CpuPmeKernelFactory.cpp,59,25,5,18,8,6,9,10,1.39,4,2,2,2,1,4,4,0,0,0
CpuPmeKernelFactory.h,50,35,7,6,0,4,0,3,5.83,0,0,0,0,0,0,0,0,0,0
CpuPmeKernels.cpp,590,54,49,487,372,208,300,210,0.11,16,6,6,7,1,33,30,1,2,0
CpuPmeKernels.h,131,74,7,43,0,39,0,37,1.72,1,1,1,1,1,3,3,0,0,0
CpuRandom.cpp,84,26,11,45,29,10,30,12,0.58,5,2,2,2,1,10,9,1,1,0
CpuRandom.h,61,35,6,16,0,13,0,12,2.19,0,0,0,0,0,0,0,0,0,0
CpuSETTLE.cpp,108,30,8,69,22,38,23,36,0.43,8,2,2,2,1,6,6,0,0,0
CpuSETTLE.h,79,51,8,14,0,11,0,10,3.64,0,0,0,0,0,0,0,0,0,0
cputicks.cpp,131,22,11,5,1,3,1,2,4.4,1,1,1,1,1,14,3,2,0,0
cputicks.h,40,20,11,5,0,4,0,3,4.0,0,0,0,0,0,0,0,0,0,0
CudaArray.cpp,91,25,7,54,34,11,30,11,0.46,5,3,3,3,1,11,11,0,0,0
CudaArray.h,146,84,8,47,15,24,13,20,1.79,7,1,1,2,1,4,4,0,0,0
CudaBondedUtilities.cpp,171,27,14,124,93,43,97,45,0.22,8,4,4,4,1,16,15,0,1,0
CudaBondedUtilities.h,139,99,7,27,0,24,0,23,3.67,0,0,0,0,0,0,0,0,0,0
CudaContext.cpp,1265,70,95,1046,778,318,784,298,0.07,42,7,6,8,1,27,24,1,1,0
CudaContext.h,670,344,17,294,56,181,48,178,1.17,49,1,1,1,1,3,3,0,0,0
CudaDrudeKernelFactory.cpp,72,26,7,33,20,7,14,11,0.79,4,2,2,2,1,8,8,0,0,0
CudaDrudeKernelFactory.h,50,35,7,6,0,4,0,3,5.83,0,0,0,0,0,0,0,0,0,0
CudaDrudeKernels.cpp,550,55,65,421,300,162,224,159,0.13,19,4,4,4,1,25,22,1,2,0
CudaDrudeKernels.h,162,99,8,50,0,38,0,34,1.98,3,1,1,1,1,3,3,0,0,0
CudaExpressionUtilities.cpp,723,41,28,653,507,155,511,153,0.06,10,16,12,18,7,68,65,2,2,0
CudaExpressionUtilities.h,128,65,7,46,6,31,4,21,1.41,5,1,1,1,1,3,3,0,0,0
CudaForceInfo.cpp,46,25,6,14,4,4,6,6,1.79,4,1,1,1,1,3,3,0,0,0
CudaForceInfo.h,64,43,7,11,0,8,0,7,3.91,1,1,1,1,1,2,2,0,0,0
CudaIntegrationUtilities.cpp,955,62,70,807,594,263,537,240,0.08,18,10,10,12,2,49,44,2,3,0
CudaIntegrationUtilities.h,163,82,7,69,3,60,3,59,1.19,3,1,1,1,1,3,3,0,0,0
CudaKernelFactory.cpp,130,26,4,94,90,3,89,4,0.28,1,45,45,45,45,95,93,1,1,0
CudaKernelFactory.h,45,30,7,6,0,4,0,3,5.0,0,0,0,0,0,0,0,0,0,0
CudaKernels.cpp,6465,225,501,5714,4337,1725,3961,1703,0.04,212,6,6,6,1,29,26,1,2,0
CudaKernels.h,1394,742,37,606,9,489,8,461,1.22,37,1,1,1,1,3,3,0,0,0
CudaNonbondedUtilities.cpp,640,48,48,531,417,119,398,118,0.09,23,6,6,6,1,25,23,1,1,0
CudaNonbondedUtilities.h,338,175,10,146,30,83,29,81,1.2,26,1,1,1,1,3,3,0,0,0
CudaParallelKernels.cpp,771,36,84,630,252,331,279,287,0.06,87,2,2,2,1,6,6,0,0,0
CudaParallelKernels.h,583,353,19,207,14,137,14,136,1.71,14,1,1,1,1,3,3,0,0,0
CudaParameterSet.cpp,198,28,9,151,101,53,120,59,0.19,5,10,10,11,1,28,28,0,0,0
CudaParameterSet.h,108,70,8,27,5,18,3,15,2.59,3,1,1,1,1,3,3,0,0,0
CudaPlatform.cpp,256,27,18,171,131,50,115,45,0.16,12,3,3,3,1,16,14,0,0,0
CudaPlatform.h,133,54,9,66,18,44,9,42,0.82,9,1,1,1,1,4,4,0,0,0
CudaRpmdKernelFactory.cpp,66,26,7,27,14,7,8,11,0.96,4,2,2,2,1,7,7,0,0,0
CudaRpmdKernelFactory.h,50,35,7,6,0,4,0,3,5.83,0,0,0,0,0,0,0,0,0,0
CudaRpmdKernels.cpp,550,59,57,426,357,100,313,96,0.14,10,8,8,9,1,49,42,3,4,0
CudaRpmdKernels.h,106,65,6,30,0,26,0,24,2.17,1,1,1,1,1,3,3,0,0,0
CudaSort.cpp,141,34,20,84,69,19,59,18,0.4,3,6,6,6,1,35,27,3,5,0
CudaSort.h,144,98,9,33,0,27,0,26,2.97,1,1,1,1,1,2,2,0,0,0
CustomAngleForce.cpp,125,30,18,68,32,16,44,20,0.44,16,2,2,2,1,4,4,0,0,0
CustomAngleForce.h,261,180,10,66,3,44,3,42,2.73,9,1,1,1,1,2,2,0,0,0
CustomAngleForceImpl.cpp,111,31,10,65,31,19,38,26,0.48,7,2,2,2,1,9,8,0,0,0
CustomAngleForceImpl.h,70,36,7,20,1,14,1,13,1.8,2,1,1,1,1,3,3,1,0,0
CustomAngleForceProxy.cpp,108,30,5,68,47,27,42,29,0.44,3,5,5,5,1,22,22,0,0,0
CustomAngleForceProxy.h,53,35,7,8,0,6,0,5,4.38,0,0,0,0,0,0,0,0,0,0
CustomBondForce.cpp,123,30,18,66,30,16,42,20,0.45,16,2,2,2,1,4,4,0,0,0
CustomBondForce.h,258,177,10,66,3,44,3,42,2.68,9,1,1,1,1,2,2,0,0,0
CustomBondForceImpl.cpp,116,31,12,68,31,23,38,30,0.46,8,2,2,2,1,8,8,0,0,0
CustomBondForceImpl.h,71,36,7,21,1,15,1,14,1.71,2,1,1,1,1,3,3,1,0,0
CustomBondForceProxy.cpp,108,30,5,68,47,27,42,29,0.44,3,5,5,5,1,22,22,0,0,0
CustomBondForceProxy.h,53,35,7,8,0,6,0,5,4.38,0,0,0,0,0,0,0,0,0,0
CustomCompoundBondForce.cpp,178,30,27,111,56,27,75,34,0.27,24,2,2,2,1,4,4,0,0,0
CustomCompoundBondForce.h,373,261,11,95,6,63,6,61,2.75,14,1,1,1,1,3,3,0,0,0
CustomCompoundBondForceImpl.cpp,198,38,21,132,65,49,72,58,0.29,14,2,2,2,1,9,8,0,1,0
CustomCompoundBondForceImpl.h,93,50,7,26,1,20,1,16,1.92,2,1,1,1,1,3,3,1,0,0
CustomCompoundBondForceProxy.cpp,141,31,6,99,72,37,67,39,0.31,3,7,7,7,1,33,32,0,0,0
CustomCompoundBondForceProxy.h,53,35,7,8,0,6,0,5,4.38,0,0,0,0,0,0,0,0,0,0
CustomExternalForce.cpp,121,30,18,64,28,16,40,20,0.47,16,2,2,2,1,4,4,0,0,0
CustomExternalForce.h,257,177,10,65,3,43,3,42,2.72,9,1,1,1,1,2,2,0,0,0
CustomExternalForceImpl.cpp,100,31,11,53,23,17,30,24,0.58,7,2,2,2,1,7,7,0,0,0
CustomExternalForceImpl.h,70,36,7,20,1,14,1,13,1.8,2,1,1,1,1,3,3,1,0,0
CustomExternalForceProxy.cpp,108,30,5,68,47,27,42,29,0.44,3,5,5,5,1,22,22,0,0,0
CustomExternalForceProxy.h,53,35,7,8,0,6,0,5,4.38,0,0,0,0,0,0,0,0,0,0
CustomFunction.h,77,57,7,11,0,8,0,7,5.18,1,1,1,1,1,2,2,0,0,0
CustomGBForce.cpp,230,30,36,155,78,38,103,45,0.19,35,2,2,2,1,4,4,0,0,0
CustomGBForce.h,633,465,13,146,9,101,9,90,3.18,20,1,1,1,1,3,3,0,0,0
CustomGBForceImpl.cpp,129,31,11,82,44,23,51,30,0.38,7,3,3,3,1,11,11,0,0,0
CustomGBForceImpl.h,70,36,7,20,1,14,1,13,1.8,2,1,1,1,1,3,3,1,0,0
CustomGBForceProxy.cpp,164,31,6,122,88,53,78,55,0.25,3,8,8,8,1,41,40,0,0,0
CustomGBForceProxy.h,53,35,7,8,0,6,0,5,4.38,0,0,0,0,0,0,0,0,0,0
CustomHbondForce.cpp,245,30,39,167,86,40,111,47,0.18,37,2,2,2,1,4,4,0,0,0
CustomHbondForce.h,539,384,12,134,9,93,9,86,2.87,18,1,1,1,1,3,3,0,0,0
CustomHbondForceImpl.cpp,272,38,21,206,116,63,121,72,0.18,14,3,3,4,1,15,14,0,1,0
CustomHbondForceImpl.h,94,51,7,26,1,20,1,16,1.96,2,1,1,1,1,3,3,1,0,0
CustomHbondForceProxy.cpp,176,31,6,134,98,56,89,58,0.23,3,9,9,9,1,45,44,0,0,0
CustomHbondForceProxy.h,53,35,7,8,0,6,0,5,4.38,0,0,0,0,0,0,0,0,0,0
CustomIntegrator.cpp,260,30,30,191,121,36,135,38,0.16,28,2,2,3,1,7,7,0,0,0
CustomIntegrator.h,512,418,8,79,5,61,5,52,5.29,7,1,1,1,1,3,3,0,0,0
CustomIntegratorProxy.cpp,118,31,6,79,58,30,52,32,0.39,3,6,6,6,1,26,26,0,0,0
CustomIntegratorProxy.h,17,1,5,8,0,6,0,5,0.12,0,0,0,0,0,0,0,0,0,0
CustomManyParticleForce.cpp,224,30,34,150,76,44,97,45,0.2,33,2,2,2,1,4,4,0,0,0
CustomManyParticleForce.h,558,410,13,128,8,91,7,82,3.2,16,1,1,1,1,3,3,0,0,0
CustomManyParticleForceImpl.cpp,333,44,34,248,151,89,154,98,0.18,16,4,4,4,1,17,15,1,1,0
CustomManyParticleForceImpl.h,109,64,7,28,1,22,1,18,2.29,2,1,1,1,1,3,3,1,0,0
CustomManyParticleForceProxy.cpp,170,30,5,130,97,49,89,51,0.23,3,8,8,8,1,43,43,0,0,0
CustomManyParticleForceProxy.h,53,35,7,8,0,6,0,5,4.38,0,0,0,0,0,0,0,0,0,0
CustomNonbondedForce.cpp,287,31,43,204,107,58,134,64,0.15,42,2,2,2,1,5,5,0,0,0
CustomNonbondedForce.h,574,409,13,144,8,101,8,94,2.84,19,1,1,1,1,3,3,0,0,0
CustomNonbondedForceImpl.cpp,300,43,29,214,151,74,143,75,0.2,9,6,6,8,2,27,24,1,2,0
CustomNonbondedForceImpl.h,78,40,7,23,1,17,1,15,1.74,2,1,1,1,1,3,3,1,0,0
CustomNonbondedForceProxy.cpp,183,34,7,138,108,53,100,55,0.25,3,10,10,10,1,47,45,1,1,0
CustomNonbondedForceProxy.h,53,35,7,8,0,6,0,5,4.38,0,0,0,0,0,0,0,0,0,0
CustomTorsionForce.cpp,127,30,18,70,34,16,46,20,0.43,16,2,2,2,1,4,4,0,0,0
CustomTorsionForce.h,264,183,10,66,3,44,3,42,2.77,9,1,1,1,1,2,2,0,0,0
CustomTorsionForceImpl.cpp,118,31,11,71,35,20,42,27,0.44,7,2,2,3,1,10,9,0,0,0
CustomTorsionForceImpl.h,70,36,7,20,1,14,1,13,1.8,2,1,1,1,1,3,3,1,0,0
CustomTorsionForceProxy.cpp,108,30,5,68,47,27,42,29,0.44,3,5,5,5,1,22,22,0,0,0
CustomTorsionForceProxy.h,53,35,7,8,0,6,0,5,4.38,0,0,0,0,0,0,0,0,0,0
DrudeForce.cpp,99,30,10,54,34,9,40,11,0.56,9,1,1,2,1,6,6,0,0,0
DrudeForce.h,210,146,9,50,6,30,6,27,2.92,6,1,1,1,1,3,3,0,0,0
DrudeForceImpl.cpp,168,33,13,112,65,30,68,32,0.29,7,3,3,4,1,17,16,0,1,0
DrudeForceImpl.h,75,37,8,24,2,16,2,15,1.54,3,1,1,1,1,3,3,1,0,0
DrudeForceProxy.cpp,86,30,5,46,28,19,22,21,0.65,3,3,3,3,1,15,15,0,0,0
DrudeForceProxy.h,53,35,7,8,0,6,0,5,4.38,0,0,0,0,0,0,0,0,0,0
DrudeKernels.h,145,93,8,35,12,20,3,19,2.66,6,1,1,1,1,3,3,0,0,0
DrudeLangevinIntegrator.cpp,98,30,9,51,31,12,33,15,0.59,7,2,2,2,1,7,7,0,0,0
DrudeLangevinIntegrator.h,187,129,7,47,10,23,10,22,2.74,10,1,1,1,1,3,3,0,0,0
DrudeLangevinIntegratorProxy.cpp,64,30,5,25,17,7,15,7,1.2,3,1,1,1,1,8,8,0,0,0
DrudeLangevinIntegratorProxy.h,53,35,7,8,0,6,0,5,4.38,0,0,0,0,0,0,0,0,0,0
DrudeSCFIntegrator.cpp,94,30,9,47,27,12,29,15,0.64,7,2,2,2,1,6,6,0,0,0
DrudeSCFIntegrator.h,113,80,7,22,2,14,2,13,3.64,2,1,1,1,1,3,3,0,0,0
DrudeSerializationProxyRegistration.cpp,68,30,8,11,5,3,6,6,2.73,2,2,2,2,1,5,5,0,0,0
dtoa.cpp,4321,415,149,1686,1229,2346,1176,132,0.25,30,13,12,15,6,110,55,6,2,0
Empty.cpp,3,3,0,0,0,0,0,0,0.0,0,0,0,0,0,0,0,0,0,0
error.cpp,81,20,18,38,26,25,9,9,0.53,6,2,2,2,1,4,3,0,1,0
error.h,218,141,37,29,1,27,0,12,4.86,0,0,0,0,0,0,0,0,0,0
Exception.h,59,35,7,14,1,7,1,6,2.5,3,1,1,1,1,2,2,0,0,0
ExpressionProgram.cpp,105,30,13,59,33,21,35,23,0.51,11,2,2,2,1,5,5,0,0,0
ExpressionProgram.h,95,60,8,21,0,18,0,17,2.86,0,0,0,0,0,0,0,0,0,0
ExpressionTreeNode.cpp,107,30,14,60,33,13,36,15,0.5,12,2,2,2,1,5,5,0,0,0
ExpressionTreeNode.h,105,72,8,21,0,18,0,17,3.43,0,0,0,0,0,0,0,0,0,0
fftpack.cpp,1094,67,143,883,507,152,598,68,0.08,17,7,7,8,1,58,51,2,4,0
fftpack.h,245,123,37,75,9,76,9,20,1.64,8,1,1,1,1,3,3,0,0,0
Force.cpp,62,30,6,20,10,6,12,8,1.5,4,2,2,2,1,5,5,0,0,0
Force.h,103,72,8,21,0,15,0,14,3.43,2,1,1,1,1,2,2,0,0,0
ForceImpl.h,111,79,8,18,6,13,1,12,4.39,2,1,1,1,1,3,3,0,0,0
g_fmt.cpp,104,24,4,66,43,11,44,9,0.36,1,17,17,19,5,70,61,2,1,0
GBSAOBCForce.cpp,84,30,12,37,16,10,19,11,0.81,10,1,1,1,1,4,4,0,0,0
GBSAOBCForce.h,213,144,8,57,8,34,8,28,2.53,9,1,1,1,1,3,3,0,0,0
GBSAOBCForceImpl.cpp,72,30,7,30,15,8,16,10,1.0,5,2,2,2,1,6,6,0,0,0
GBSAOBCForceImpl.h,69,37,7,21,2,13,2,12,1.76,3,1,1,1,1,3,3,1,0,0
GBSAOBCForceProxy.cpp,85,30,5,45,32,12,28,14,0.67,3,3,3,3,1,14,14,0,0,0
GBSAOBCForceProxy.h,53,35,7,8,0,6,0,5,4.38,0,0,0,0,0,0,0,0,0,0
GBVIForce.cpp,129,30,21,72,32,20,37,20,0.42,19,1,1,1,1,4,4,0,0,0
GBVIForce.h,282,182,15,81,9,55,9,45,2.25,9,1,1,1,1,3,3,0,0,0
GBVIForceImpl.cpp,254,74,41,113,75,34,68,35,0.65,5,4,4,5,1,34,22,2,6,0
GBVIForceImpl.h,77,39,11,23,2,15,2,13,1.7,3,1,1,1,1,3,3,1,0,0
GBVIForceProxy.cpp,103,30,7,61,43,18,39,20,0.49,3,3,3,4,1,20,20,0,1,0
GBVIForceProxy.h,53,35,7,8,0,6,0,5,4.38,0,0,0,0,0,0,0,0,0,0
GBVIParameters.cpp,424,205,75,138,66,41,65,35,1.49,27,1,1,1,1,6,5,0,1,0
GBVIParameters.h,341,216,72,50,0,46,0,43,4.32,0,0,0,0,0,0,0,0,0,0
globals.cpp,30,13,8,6,2,3,2,2,2.17,1,1,1,1,1,4,4,0,0,0
globals.h,177,93,39,28,5,30,1,12,3.32,1,1,1,1,1,1,1,0,0,0
gmx_atomic.h,1596,315,77,135,24,776,20,26,2.33,11,1,1,1,1,13,10,1,1,0
hardware.h,124,40,6,9,5,3,5,2,4.44,1,2,2,2,1,30,9,0,0,0
HarmonicAngleForce.cpp,72,30,8,29,16,6,19,7,1.03,6,1,1,2,1,5,5,0,0,0
HarmonicAngleForce.h,131,87,8,30,3,18,3,16,2.9,3,1,1,1,1,3,3,0,0,0
HarmonicAngleForceImpl.cpp,66,30,8,25,8,7,12,11,1.2,6,1,1,1,1,4,4,0,0,0
HarmonicAngleForceImpl.h,72,37,7,22,2,14,2,13,1.68,3,1,1,1,1,3,3,1,0,0
HarmonicAngleForceProxy.cpp,75,30,6,34,20,12,17,14,0.88,3,2,2,2,1,11,11,0,0,0
HarmonicAngleForceProxy.h,53,35,7,8,0,6,0,5,4.38,0,0,0,0,0,0,0,0,0,0
HarmonicBondForce.cpp,70,30,8,27,14,6,17,7,1.11,6,1,1,2,1,4,4,0,0,0
HarmonicBondForce.h,128,84,8,30,3,18,3,16,2.8,3,1,1,1,1,3,3,0,0,0
HarmonicBondForceImpl.cpp,76,30,9,34,12,12,16,16,0.88,7,1,1,1,1,4,4,0,0,0
HarmonicBondForceImpl.h,73,37,7,23,2,15,2,14,1.61,3,1,1,1,1,3,3,1,0,0
HarmonicBondForceProxy.cpp,74,30,5,34,20,12,17,14,0.88,3,2,2,2,1,11,11,0,0,0
HarmonicBondForceProxy.h,53,35,7,8,0,6,0,5,4.38,0,0,0,0,0,0,0,0,0,0
has_opencl_gpu.c,84,15,6,59,37,13,40,13,0.25,2,6,5,6,3,31,30,2,1,0
HelloArgon.cpp,98,40,16,52,31,15,24,15,0.77,3,3,3,3,1,25,17,8,4,0
HelloArgonInC.c,116,40,19,65,40,16,38,16,0.62,2,2,2,2,1,13,10,4,1,0
HelloEthane.cpp,392,152,54,207,140,119,65,84,0.73,8,3,3,3,1,25,17,5,3,0
HelloSodiumChloride.cpp,309,116,45,155,89,84,56,50,0.75,8,2,2,2,1,20,14,4,3,0
HelloSodiumChlorideInC.c,333,128,48,167,95,74,62,41,0.77,6,2,2,2,1,30,21,6,4,0
HelloWaterBox.cpp,385,169,60,185,129,88,68,68,0.91,8,2,2,2,1,28,18,8,4,0
hilbert.cpp,1751,248,99,763,480,270,391,199,0.33,21,6,6,6,1,39,35,2,2,0
hilbert.h,175,114,15,26,0,28,0,12,4.38,0,0,0,0,0,0,0,0,0,0
host.h,59,20,14,20,0,20,1,20,1.0,0,0,0,0,0,0,0,0,0,0
Integrator.cpp,49,33,5,9,3,2,4,3,3.67,2,2,2,2,1,6,4,2,1,0
Integrator.h,138,88,8,36,8,22,4,21,2.44,6,1,1,1,1,3,3,0,0,0
intutil.cpp,210,11,7,2,0,2,0,1,5.5,0,0,0,0,0,0,0,0,0,0
intutil.h,713,168,133,383,202,136,176,114,0.44,84,1,1,2,1,5,4,0,0,0
jama_cholesky.h,258,76,42,113,50,48,58,40,0.67,6,4,4,4,1,24,15,1,4,0
jama_eig.h,1030,194,162,676,505,146,518,145,0.29,10,15,15,15,2,85,66,8,12,0
jama_lu.h,319,64,73,179,99,66,116,61,0.36,10,5,5,5,1,22,17,1,4,0
jama_qr.h,326,86,57,182,101,42,141,39,0.47,7,7,7,7,1,29,25,3,2,0
jama_svd.h,538,70,74,386,247,72,305,68,0.18,8,13,12,13,2,58,47,5,6,0
Kernel.cpp,78,30,10,37,17,8,19,10,0.81,8,2,2,2,1,4,4,0,0,0
Kernel.h,102,69,7,23,2,16,2,13,3.0,2,1,1,1,1,3,3,0,0,0
KernelFactory.h,60,43,7,8,0,5,0,4,5.38,1,1,1,1,1,2,2,0,0,0
KernelImpl.cpp,47,30,6,10,2,3,4,5,3.0,3,1,1,1,1,3,3,0,0,0
KernelImpl.h,77,49,7,16,1,11,1,10,3.06,1,1,1,1,1,3,3,0,0,0
kernels.h,1265,810,38,384,129,227,31,204,2.11,62,1,1,1,1,3,3,0,0,0
LangevinIntegrator.cpp,81,30,8,36,19,8,23,11,0.83,6,1,1,2,1,6,6,0,0,0
LangevinIntegrator.h,140,95,7,34,6,18,6,17,2.79,6,1,1,1,1,3,3,0,0,0
LangevinIntegratorProxy.cpp,61,30,6,23,15,7,13,7,1.3,3,1,1,1,1,7,7,0,0,0
LangevinIntegratorProxy.h,17,1,5,8,0,6,0,5,0.12,0,0,0,0,0,0,0,0,0,0
lbfgs.cpp,1371,370,141,784,447,230,467,74,0.47,11,15,14,18,6,91,62,21,8,0
lbfgs.h,746,581,43,97,0,95,0,26,5.99,0,0,0,0,0,0,0,0,0,0
Lepton.h,43,31,3,0,0,0,0,0,0.0,0,0,0,0,0,0,0,0,0,0
LocalEnergyMinimizer.cpp,185,42,22,116,88,48,67,49,0.36,3,6,6,6,2,45,37,4,5,0
LocalEnergyMinimizer.h,67,52,7,6,1,4,0,3,8.67,0,0,0,0,0,0,0,0,0,0
lock.h,131,55,29,27,8,15,8,18,2.04,8,1,1,1,1,2,2,0,0,0
logger.cpp,167,42,44,73,44,28,33,27,0.58,13,2,2,2,1,7,5,0,1,0
logger.h,246,116,60,63,12,47,8,37,1.84,7,1,1,1,1,3,3,0,0,0
MonteCarloAnisotropicBarostat.cpp,45,30,4,8,2,3,3,3,3.75,2,1,1,1,1,4,4,0,0,0
MonteCarloAnisotropicBarostat.h,185,115,7,58,18,26,14,25,1.98,14,1,1,1,1,3,3,0,0,0
MonteCarloAnisotropicBarostatImpl.cpp,155,38,17,96,67,26,57,29,0.4,5,4,4,4,2,20,18,1,2,0
MonteCarloAnisotropicBarostatImpl.h,71,36,7,22,2,15,2,14,1.64,2,1,1,1,1,4,3,1,0,0
MonteCarloAnisotropicBarostatProxy.cpp,77,30,5,37,26,7,22,9,0.81,3,2,2,2,1,12,12,0,0,0
MonteCarloAnisotropicBarostatProxy.h,53,35,7,8,0,6,0,5,4.38,0,0,0,0,0,0,0,0,0,0
MonteCarloBarostat.cpp,45,30,4,8,2,3,3,3,3.75,2,1,1,1,1,4,4,0,0,0
MonteCarloBarostat.h,139,89,7,39,11,17,9,16,2.28,9,1,1,1,1,3,3,0,0,0
MonteCarloBarostatImpl.cpp,125,37,16,68,47,23,35,26,0.54,5,2,2,2,1,14,12,1,1,0
MonteCarloBarostatImpl.h,71,36,7,22,2,15,2,14,1.64,2,1,1,1,1,4,3,1,0,0
MonteCarloBarostatProxy.cpp,69,30,5,29,19,5,17,7,1.03,3,2,2,2,1,9,9,0,0,0
MonteCarloBarostatProxy.h,53,35,7,8,0,6,0,5,4.38,0,0,0,0,0,0,0,0,0,0
MonteCarloMembraneBarostat.cpp,46,30,4,9,2,4,3,3,3.33,2,1,1,1,1,4,4,0,0,0
MonteCarloMembraneBarostat.h,238,155,7,72,19,36,16,28,2.15,16,1,1,1,1,3,3,0,0,0
MonteCarloMembraneBarostatImpl.cpp,154,38,16,96,69,28,55,31,0.4,5,4,4,4,2,20,18,1,2,0
MonteCarloMembraneBarostatImpl.h,71,36,7,22,2,15,2,14,1.64,2,1,1,1,1,4,3,1,0,0
MonteCarloMembraneBarostatProxy.cpp,75,30,5,35,25,7,20,9,0.86,3,2,2,2,1,11,11,0,0,0
MonteCarloMembraneBarostatProxy.h,53,35,7,8,0,6,0,5,4.38,0,0,0,0,0,0,0,0,0,0
MSVC_erfc.h,89,8,3,0,0,0,0,0,0.0,0,0,0,0,0,0,0,0,0,0
MSVC_erfc.h,87,8,3,0,0,0,0,0,0.0,0,0,0,0,0,0,0,0,0,0
NonbondedForce.cpp,242,34,34,165,89,44,97,50,0.21,27,2,2,2,1,6,6,0,0,0
NonbondedForce.h,404,303,9,84,8,61,7,52,3.61,8,1,1,1,1,3,3,0,0,0
NonbondedForceImpl.cpp,278,38,22,208,150,67,103,69,0.18,13,3,3,4,1,16,15,1,1,0
NonbondedForceImpl.h,93,49,8,30,2,22,2,21,1.63,3,1,1,1,1,3,3,1,0,0
NonbondedForceProxy.cpp,113,30,5,73,54,24,46,26,0.41,3,3,3,3,1,24,24,0,0,0
NonbondedForceProxy.h,53,35,7,8,0,6,0,5,4.38,0,0,0,0,0,0,0,0,0,0
ObcParameters.cpp,413,206,68,133,61,40,61,31,1.55,28,1,1,1,1,5,5,0,0,0
ObcParameters.h,358,223,80,52,1,48,0,48,4.29,0,0,0,0,0,0,0,0,0,0
OpenCLArray.cpp,88,25,8,51,28,8,21,7,0.49,6,2,2,3,1,8,8,0,0,0
OpenCLArray.h,167,102,7,51,20,26,14,21,2.0,8,1,1,2,1,4,4,0,0,0
OpenCLBondedUtilities.cpp,280,33,22,220,173,78,176,79,0.15,8,7,7,7,2,30,27,1,2,0
OpenCLBondedUtilities.h,146,102,7,31,1,26,1,25,3.29,1,1,1,1,1,3,3,0,0,0
OpenCLCompact.cpp,71,27,9,33,26,7,23,8,0.82,3,2,2,2,1,13,11,1,1,0
OpenCLCompact.h,46,25,6,13,0,10,0,9,1.92,0,0,0,0,0,0,0,0,0,0
OpenCLContext.cpp,1226,78,97,998,738,262,681,257,0.08,40,6,6,7,1,28,24,1,1,0
OpenCLContext.h,777,350,17,396,60,240,53,230,0.88,76,1,1,1,1,3,3,0,0,0
OpenCLDrudeKernelFactory.cpp,72,26,7,33,20,7,14,11,0.79,4,2,2,2,1,8,8,0,0,0
OpenCLDrudeKernelFactory.h,50,35,7,6,0,4,0,3,5.83,0,0,0,0,0,0,0,0,0,0
OpenCLDrudeKernels.cpp,576,55,66,444,317,144,258,146,0.12,20,4,4,4,1,25,22,1,2,0
OpenCLDrudeKernels.h,164,99,8,52,0,40,0,36,1.9,3,1,1,1,1,3,3,0,0,0
OpenCLExpressionUtilities.cpp,715,41,28,645,501,154,504,152,0.06,10,15,12,17,7,67,64,2,2,0
OpenCLExpressionUtilities.h,128,65,7,46,6,31,4,21,1.41,5,1,1,1,1,3,3,0,0,0
OpenCLFFT3D.cpp,261,29,12,213,186,22,172,24,0.14,4,8,8,8,2,55,53,1,2,0
OpenCLFFT3D.h,93,70,7,14,1,11,0,10,5.0,0,0,0,0,0,0,0,0,0,0
OpenCLForceInfo.cpp,46,25,6,14,4,4,6,6,1.79,4,1,1,1,1,3,3,0,0,0
OpenCLForceInfo.h,72,46,7,16,1,10,1,9,2.88,2,1,1,1,1,3,3,0,0,0
OpenCLIntegrationUtilities.cpp,1108,74,82,945,715,243,671,237,0.08,19,11,11,13,2,55,49,3,3,0
OpenCLIntegrationUtilities.h,162,82,7,68,3,59,3,58,1.21,3,1,1,1,1,3,3,0,0,0
OpenCLKernelFactory.cpp,128,26,4,94,90,3,89,4,0.28,1,45,45,45,45,95,93,1,1,0
OpenCLKernelFactory.h,45,30,7,6,0,4,0,3,5.0,0,0,0,0,0,0,0,0,0,0
OpenCLKernels.cpp,6691,234,497,5934,4509,1657,4184,1661,0.04,214,6,6,6,1,30,27,1,2,0
OpenCLKernels.h,1404,742,36,617,9,500,8,466,1.2,37,1,1,1,1,3,3,0,0,0
OpenCLNonbondedUtilities.cpp,633,46,40,541,426,112,399,111,0.09,25,5,5,6,1,23,21,1,1,0
OpenCLNonbondedUtilities.h,344,178,10,149,31,84,30,82,1.19,27,1,1,1,1,3,3,0,0,0
OpenCLParallelKernels.cpp,728,35,81,599,229,317,243,273,0.06,87,2,2,2,1,6,5,0,0,0
OpenCLParallelKernels.h,582,353,19,206,14,136,14,135,1.71,14,1,1,1,1,3,3,0,0,0
OpenCLParameterSet.cpp,205,28,8,165,108,44,102,52,0.17,5,9,9,9,1,31,31,0,0,0
OpenCLParameterSet.h,115,74,8,30,6,19,4,16,2.47,4,1,1,1,1,3,3,0,0,0
OpenCLPlatform.cpp,238,28,20,151,112,37,104,35,0.19,13,3,3,3,1,13,11,0,0,0
OpenCLPlatform.h,118,48,8,58,14,40,7,39,0.83,7,1,1,1,1,4,4,0,0,0
OpenCLRpmdKernelFactory.cpp,66,26,7,27,14,7,8,11,0.96,4,2,2,2,1,7,7,0,0,0
OpenCLRpmdKernelFactory.h,50,35,7,6,0,4,0,3,5.83,0,0,0,0,0,0,0,0,0,0
OpenCLRpmdKernels.cpp,556,56,54,439,374,67,358,69,0.13,10,7,7,8,1,50,44,3,4,0
OpenCLRpmdKernels.h,107,65,5,32,0,28,0,26,2.03,1,1,1,1,1,3,3,0,0,0
OpenCLSort.cpp,165,34,20,108,95,14,88,15,0.31,3,6,6,7,1,43,35,3,5,0
OpenCLSort.h,142,98,8,33,0,27,0,26,2.97,1,1,1,1,1,2,2,0,0,0
OpenMM.h,77,31,3,0,0,0,0,0,0.0,0,0,0,0,0,0,0,0,0,0
OpenMMAmoeba.h,47,31,3,0,0,0,0,0,0.0,0,0,0,0,0,0,0,0,0,0
OpenMMDrude.h,39,31,3,0,0,0,0,0,0.0,0,0,0,0,0,0,0,0,0,0
OpenMMException.h,59,35,7,14,1,7,1,6,2.5,3,1,1,1,1,2,2,0,0,0
operand.cpp,38,14,9,12,1,11,0,10,1.17,0,0,0,0,0,0,0,0,0,0
operand.h,1090,397,173,475,176,223,165,194,0.84,113,1,1,1,1,3,3,0,0,0
Operation.cpp,319,30,42,244,160,46,50,46,0.12,39,1,1,1,1,6,6,0,0,0
Operation.h,1095,79,46,960,246,394,234,391,0.08,246,1,1,1,1,3,3,0,0,0
OSRngSeed.cpp,69,30,3,13,7,3,6,3,2.31,1,3,3,3,1,25,12,0,0,0
OSRngSeed.h,47,38,5,1,0,1,0,1,38.0,0,0,0,0,0,0,0,0,0,0
ParsedExpression.cpp,351,86,23,290,219,47,208,49,0.3,20,5,5,6,4,15,14,3,0,0
ParsedExpression.h,130,86,10,29,0,26,0,25,2.97,0,0,0,0,0,0,0,0,0,0
Parser.cpp,392,41,32,311,243,59,215,60,0.13,11,8,6,10,5,30,27,1,2,0
Parser.h,77,44,8,20,0,17,0,15,2.2,0,0,0,0,0,0,0,0,0,0
PeriodicTorsionForce.cpp,76,30,8,33,20,6,23,7,0.91,6,1,1,2,1,5,5,0,0,0
PeriodicTorsionForce.h,138,93,8,31,4,18,4,16,3.0,3,1,1,1,1,4,4,0,0,0
PeriodicTorsionForceImpl.cpp,66,30,8,25,8,7,12,11,1.2,6,1,1,1,1,4,4,0,0,0
PeriodicTorsionForceImpl.h,72,37,7,22,2,14,2,13,1.68,3,1,1,1,1,3,3,1,0,0
PeriodicTorsionForceProxy.cpp,75,30,5,35,21,12,17,14,0.86,3,2,2,2,1,11,11,0,0,0
PeriodicTorsionForceProxy.h,53,35,7,8,0,6,0,5,4.38,0,0,0,0,0,0,0,0,0,0
Platform.cpp,314,35,33,167,91,55,90,57,0.21,26,2,2,2,1,8,6,0,0,0
Platform.h,240,187,8,40,0,36,0,35,4.67,0,0,0,0,0,0,0,0,0,0
PluginInitializer.h,59,50,5,2,0,2,0,4,25.0,0,0,0,0,0,0,0,0,0,0
pthread.h,1368,520,223,230,3,258,0,244,2.26,0,0,0,0,0,0,0,0,0,0
quern.cpp,93,5,4,79,41,33,55,15,0.06,3,7,7,13,3,28,26,2,0,0
quern.h,235,69,24,131,0,131,0,18,0.53,0,0,0,0,0,0,0,0,0,0
quern_factorization.cpp,895,45,19,836,583,238,532,145,0.05,18,9,9,14,5,48,46,2,0,0
quern_list.h,230,12,35,180,78,60,70,51,0.07,25,1,1,1,1,6,6,0,0,0
quern_order.cpp,163,20,7,132,85,55,95,36,0.15,5,7,7,11,2,30,26,3,0,0
quern_solver.cpp,116,7,6,99,66,36,72,22,0.07,5,5,5,7,3,21,20,1,0,0
RBTorsionForce.cpp,82,30,8,39,26,6,29,7,0.77,6,1,1,2,1,6,6,0,0,0
RBTorsionForce.h,152,102,8,36,9,18,9,16,2.83,3,1,1,1,1,5,5,0,0,0
RBTorsionForceImpl.cpp,66,30,8,25,8,7,12,11,1.2,6,1,1,1,1,4,4,0,0,0
RBTorsionForceImpl.h,72,37,7,22,2,14,2,13,1.68,3,1,1,1,1,3,3,1,0,0
RBTorsionForceProxy.cpp,77,30,6,36,22,12,17,14,0.83,3,2,2,2,1,11,11,0,0,0
RBTorsionForceProxy.h,53,35,7,8,0,6,0,5,4.38,0,0,0,0,0,0,0,0,0,0
RealVec.h,177,58,22,92,46,32,38,30,0.63,19,1,1,1,1,4,4,0,0,0
ReferenceAndersenThermostat.cpp,86,44,15,23,10,9,11,10,1.91,3,2,2,2,1,9,7,0,1,0
ReferenceAndersenThermostat.h,75,47,16,8,0,5,0,4,5.88,0,0,0,0,0,0,0,0,0,0
ReferenceAngleBondIxn.cpp,192,69,44,72,46,38,30,35,0.96,4,3,3,3,1,29,18,4,8,0
ReferenceAngleBondIxn.h,91,58,19,11,0,8,0,5,5.27,0,0,0,0,0,0,0,0,0,0
ReferenceBondForce.cpp,105,55,26,18,4,10,5,7,3.06,3,1,1,1,1,13,5,3,5,0
ReferenceBondForce.h,79,49,16,10,0,7,0,4,4.9,0,0,0,0,0,0,0,0,0,0
ReferenceBondIxn.cpp,294,113,64,85,56,36,32,26,1.33,6,3,3,3,1,30,14,4,8,0
ReferenceBondIxn.h,131,88,22,16,0,13,0,7,5.5,0,0,0,0,0,0,0,0,0,0
ReferenceBrownianDynamics.cpp,179,70,40,61,38,26,33,23,1.15,4,4,4,4,1,25,15,4,7,0
ReferenceBrownianDynamics.h,93,59,19,12,0,9,0,8,4.92,0,0,0,0,0,0,0,0,0,0
ReferenceCCMAAlgorithm.cpp,296,33,30,223,147,82,131,79,0.15,8,6,6,6,2,31,27,1,2,0
ReferenceCCMAAlgorithm.h,125,60,22,37,0,29,0,24,1.62,1,1,1,1,1,4,4,0,0,0
ReferenceCMAPTorsionIxn.cpp,194,62,26,104,79,52,53,48,0.6,4,2,2,2,1,31,26,2,4,0
ReferenceCMAPTorsionIxn.h,95,54,19,16,0,13,0,8,3.38,0,0,0,0,0,0,0,0,0,0
ReferenceConstraintAlgorithm.h,64,43,9,8,2,6,0,4,5.38,1,1,1,1,1,1,1,0,0,0
ReferenceConstraints.cpp,206,43,21,134,104,30,99,32,0.32,4,8,8,9,1,40,33,3,4,0
ReferenceConstraints.h,75,53,8,11,0,9,0,8,4.82,0,0,0,0,0,0,0,0,0,0
ReferenceCustomAngleIxn.cpp,160,51,29,73,49,32,43,28,0.7,3,4,4,4,1,33,24,3,6,0
ReferenceCustomAngleIxn.h,83,46,16,17,0,14,0,11,2.71,0,0,0,0,0,0,0,0,0,0
ReferenceCustomBondIxn.cpp,130,48,25,50,32,21,29,17,0.96,3,3,3,3,1,23,16,2,5,0
ReferenceCustomBondIxn.h,84,46,17,17,0,14,0,11,2.71,0,0,0,0,0,0,0,0,0,0
ReferenceCustomCompoundBondIxn.cpp,251,63,30,150,104,64,102,64,0.42,6,5,5,5,1,28,24,1,3,0
ReferenceCustomCompoundBondIxn.h,172,62,29,74,1,57,1,47,0.84,5,1,1,1,1,3,3,0,0,0
ReferenceCustomDynamics.cpp,345,78,25,229,170,52,176,46,0.34,6,11,10,12,4,42,38,2,2,0
ReferenceCustomDynamics.h,126,69,20,28,0,25,0,18,2.46,0,0,0,0,0,0,0,0,0,0
ReferenceCustomExternalIxn.cpp,138,47,19,65,46,15,50,9,0.72,3,2,2,2,1,25,21,1,3,0
ReferenceCustomExternalIxn.h,90,46,17,23,0,20,0,17,2.0,0,0,0,0,0,0,0,0,0,0
ReferenceCustomGBIxn.cpp,446,71,54,314,205,110,223,89,0.23,13,6,6,6,1,28,24,2,3,0
ReferenceCustomGBIxn.h,293,181,37,67,0,64,0,31,2.7,0,0,0,0,0,0,0,0,0,0
ReferenceCustomHbondIxn.cpp,307,86,42,171,118,65,117,65,0.5,8,4,4,4,1,25,21,1,3,0
ReferenceCustomHbondIxn.h,201,87,33,73,2,57,2,47,1.19,5,1,1,1,1,3,3,0,0,0
ReferenceCustomManyParticleIxn.cpp,323,38,43,231,172,81,171,78,0.16,9,6,6,6,2,31,25,2,3,0
ReferenceCustomManyParticleIxn.h,195,74,31,81,0,66,0,56,0.91,4,1,1,1,1,3,3,0,0,0
ReferenceCustomNonbondedIxn.cpp,311,110,49,147,95,47,95,48,0.75,8,4,4,5,1,23,18,2,3,0
ReferenceCustomNonbondedIxn.h,164,96,28,31,0,28,0,23,3.1,0,0,0,0,0,0,0,0,0,0
ReferenceCustomTorsionIxn.cpp,177,54,40,76,50,34,44,30,0.71,3,3,3,3,1,38,25,4,10,0
ReferenceCustomTorsionIxn.h,83,46,16,17,0,14,0,11,2.71,0,0,0,0,0,0,0,0,0,0
ReferenceDrudeKernelFactory.cpp,63,25,6,27,16,8,15,12,0.93,4,2,2,2,1,7,7,0,0,0
ReferenceDrudeKernelFactory.h,50,35,7,6,0,4,0,3,5.83,0,0,0,0,0,0,0,0,0,0
ReferenceDrudeKernels.cpp,465,56,72,329,249,162,173,164,0.17,19,3,3,4,1,21,17,1,3,0
ReferenceDrudeKernels.h,165,99,9,50,0,38,0,35,1.98,3,1,1,1,1,3,3,0,0,0
ReferenceDynamics.cpp,267,136,76,48,20,17,18,17,2.83,11,1,1,1,1,12,4,3,4,0
ReferenceDynamics.h,178,114,35,22,0,19,0,18,5.18,0,0,0,0,0,0,0,0,0,0
ReferenceForce.cpp,174,82,43,42,21,14,20,11,1.95,8,1,1,1,1,10,5,2,3,0
ReferenceForce.h,128,77,25,22,7,19,0,16,3.5,0,0,0,0,0,0,0,0,0,0
ReferenceHarmonicBondIxn.cpp,127,54,33,33,20,18,12,16,1.64,3,2,2,2,1,21,10,3,8,0
ReferenceHarmonicBondIxn.h,75,47,16,9,0,6,0,4,5.22,0,0,0,0,0,0,0,0,0,0
ReferenceKernelFactory.cpp,104,30,3,67,64,2,64,3,0.45,1,32,32,32,32,66,66,0,0,0
ReferenceKernelFactory.h,50,35,7,6,0,4,0,3,5.83,0,0,0,0,0,0,0,0,0,0
ReferenceKernels.cpp,2052,104,274,1626,1145,581,1072,582,0.06,133,3,3,3,1,14,12,1,1,0
ReferenceKernels.h,1263,764,36,456,0,337,0,329,1.68,30,1,1,1,1,2,2,0,0,0
ReferenceLincsAlgorithm.cpp,313,116,55,134,91,57,82,50,0.87,9,3,3,3,1,20,15,2,4,0
ReferenceLincsAlgorithm.h,162,101,29,27,0,24,0,22,3.74,0,0,0,0,0,0,0,0,0,0
ReferenceLJCoulomb14.cpp,140,58,35,40,28,26,12,26,1.45,3,2,2,2,1,25,13,4,8,0
ReferenceLJCoulomb14.h,73,46,15,8,0,6,0,4,5.75,0,0,0,0,0,0,0,0,0,0
ReferenceLJCoulombIxn.cpp,613,157,122,323,244,130,192,125,0.49,10,7,7,8,1,45,32,3,10,0
ReferenceLJCoulombIxn.h,202,126,34,38,3,34,0,26,3.32,0,0,0,0,0,0,0,0,0,0
ReferenceMonteCarloBarostat.cpp,128,54,19,51,38,22,36,24,1.06,4,3,3,3,1,15,12,1,2,0
ReferenceMonteCarloBarostat.h,87,53,19,10,0,7,0,7,5.3,0,0,0,0,0,0,0,0,0,0
ReferenceNeighborList.cpp,263,16,34,211,111,89,94,63,0.08,10,4,4,4,2,21,19,1,1,0
ReferenceNeighborList.h,49,9,7,28,6,28,0,7,0.32,0,0,0,0,0,0,0,0,0,0
ReferencePairIxn.cpp,64,38,15,4,0,2,0,2,9.5,2,1,1,1,1,9,2,3,4,0
ReferencePairIxn.h,79,49,16,10,0,7,0,4,4.9,0,0,0,0,0,0,0,0,0,0
ReferencePlatform.cpp,109,30,9,62,46,9,46,11,0.48,7,1,1,1,1,9,9,0,0,0
ReferencePlatform.h,73,35,7,27,2,21,1,20,1.3,1,1,1,1,1,4,4,0,0,0
ReferencePME.cpp,734,188,126,425,212,116,279,97,0.44,9,5,5,6,1,68,45,13,9,0
ReferencePME.h,90,58,9,20,0,20,0,5,2.9,0,0,0,0,0,0,0,0,0,0
ReferenceProperDihedralBond.cpp,183,60,48,68,47,40,27,36,0.88,3,2,2,2,1,40,22,5,13,0
ReferenceProperDihedralBond.h,76,48,16,9,0,6,0,4,5.33,0,0,0,0,0,0,0,0,0,0
ReferenceRbDihedralBond.cpp,198,60,51,80,57,41,37,37,0.75,3,3,3,3,1,45,26,6,14,0
ReferenceRbDihedralBond.h,74,46,16,9,0,6,0,4,5.11,0,0,0,0,0,0,0,0,0,0
ReferenceRpmdKernelFactory.cpp,56,25,6,20,9,7,9,11,1.25,4,2,2,2,1,5,5,0,0,0
ReferenceRpmdKernelFactory.h,50,35,7,6,0,4,0,3,5.83,0,0,0,0,0,0,0,0,0,0
ReferenceRpmdKernels.cpp,394,55,54,283,224,125,200,127,0.19,11,7,7,8,1,31,26,2,4,0
ReferenceRpmdKernels.h,102,65,6,26,0,22,0,20,2.5,1,1,1,1,1,3,3,0,0,0
ReferenceSETTLEAlgorithm.cpp,244,41,31,171,155,133,35,133,0.24,5,1,1,1,1,41,34,2,5,0
ReferenceSETTLEAlgorithm.h,94,64,9,18,0,15,0,13,3.56,0,0,0,0,0,0,0,0,0,0
ReferenceStochasticDynamics.cpp,252,103,60,81,48,39,41,31,1.27,6,3,3,3,1,24,13,4,7,0
ReferenceStochasticDynamics.h,125,82,23,16,0,13,0,10,5.12,0,0,0,0,0,0,0,0,0,0
ReferenceTabulatedFunction.cpp,276,30,34,192,125,58,115,62,0.16,31,2,2,3,1,6,6,0,0,0
ReferenceTabulatedFunction.h,148,53,12,78,0,60,0,60,0.68,0,0,0,0,0,0,0,0,0,0
ReferenceVariableStochasticDynamics.cpp,297,121,67,102,61,43,55,34,1.19,8,3,3,3,1,21,13,3,6,0
ReferenceVariableStochasticDynamics.h,147,97,27,20,0,17,0,12,4.85,0,0,0,0,0,0,0,0,0,0
ReferenceVariableVerletDynamics.cpp,175,72,30,68,45,26,42,25,1.06,5,4,4,4,1,18,13,2,3,0
ReferenceVariableVerletDynamics.h,100,63,21,13,0,10,0,9,4.85,0,0,0,0,0,0,0,0,0,0
ReferenceVerletDynamics.cpp,149,60,32,49,31,21,28,19,1.22,3,4,4,4,1,26,16,4,7,0
ReferenceVerletDynamics.h,82,52,17,10,0,7,0,6,5.2,0,0,0,0,0,0,0,0,0,0
ReferenceVirtualSites.cpp,202,39,15,146,124,80,58,78,0.27,2,7,7,7,1,82,72,5,6,0
ReferenceVirtualSites.h,51,37,4,5,0,3,0,3,7.4,0,0,0,0,0,0,0,0,0,0
RPMDIntegrator.cpp,222,46,29,138,94,50,82,50,0.33,12,3,3,3,1,14,11,1,1,0
RPMDIntegrator.h,244,175,7,55,11,31,10,30,3.18,10,1,1,1,1,3,3,0,0,0
RpmdKernels.h,91,62,6,16,7,11,1,10,3.88,2,1,1,1,1,3,3,0,0,0
runtime.cpp,191,41,42,82,49,26,40,25,0.5,15,1,1,2,1,8,5,1,1,0
runtime.h,262,129,58,70,13,50,8,49,1.84,8,1,1,1,1,3,3,0,0,0
sched.h,178,69,29,19,0,18,0,14,3.63,0,0,0,0,0,0,0,0,0,0
semaphore.h,166,57,31,24,0,24,0,25,2.38,0,0,0,0,0,0,0,0,0,0
SerializationNode.cpp,175,30,25,117,64,40,60,44,0.26,21,2,2,2,1,5,5,0,0,0
SerializationNode.h,251,193,7,44,8,33,6,30,4.39,2,2,2,2,1,6,6,0,0,0
SerializationProxy.cpp,73,30,9,31,13,11,13,13,0.97,7,1,1,1,1,4,4,0,0,0
SerializationProxy.h,114,82,8,19,0,15,0,14,4.32,1,1,1,1,1,2,2,0,0,0
SerializationProxyRegistration.cpp,147,30,5,45,39,3,40,6,0.67,2,2,2,2,1,22,22,0,0,0
SFMT-alti.h,156,42,11,86,59,21,65,14,0.49,4,3,3,3,1,23,20,0,1,0
SFMT-params.h,97,48,10,0,0,0,0,0,0.0,0,0,0,0,0,0,0,0,0,0
SFMT-params11213.h,46,5,4,0,0,0,0,0,0.0,0,0,0,0,0,0,0,0,0,0
SFMT-params1279.h,46,5,4,0,0,0,0,0,0.0,0,0,0,0,0,0,0,0,0,0
SFMT-params132049.h,46,5,4,0,0,0,0,0,0.0,0,0,0,0,0,0,0,0,0,0
SFMT-params19937.h,46,5,4,0,0,0,0,0,0.0,0,0,0,0,0,0,0,0,0,0
SFMT-params216091.h,46,5,4,0,0,0,0,0,0.0,0,0,0,0,0,0,0,0,0,0
SFMT-params2281.h,46,5,4,0,0,0,0,0,0.0,0,0,0,0,0,0,0,0,0,0
SFMT-params4253.h,46,5,4,0,0,0,0,0,0.0,0,0,0,0,0,0,0,0,0,0
SFMT-params44497.h,46,5,4,0,0,0,0,0,0.0,0,0,0,0,0,0,0,0,0,0
SFMT-params607.h,46,5,4,0,0,0,0,0,0.0,0,0,0,0,0,0,0,0,0,0
SFMT-params86243.h,46,5,4,0,0,0,0,0,0.0,0,0,0,0,0,0,0,0,0,0
SFMT-sse2.h,123,35,9,76,55,13,61,11,0.46,3,3,3,3,1,26,25,0,1,0
SFMT.cpp,694,202,50,295,188,74,189,73,0.68,23,2,2,2,1,13,12,0,1,0
SFMT.h,185,52,24,69,13,30,13,31,0.75,12,1,1,1,1,4,4,0,0,0
SHA1.cpp,256,19,48,154,105,25,250,25,0.12,10,3,3,3,1,19,15,1,3,0
SHA1.h,283,141,32,35,3,31,0,23,4.03,0,0,0,0,0,0,0,0,0,0
SimTKOpenMMCommon.cpp,38,24,7,6,6,6,0,6,4.0,0,0,0,0,0,0,0,0,0,0
SimTKOpenMMCommon.h,65,29,16,15,0,13,0,13,1.93,0,0,0,0,0,0,0,0,0,0
SimTKOpenMMLog.cpp,304,153,85,63,32,16,27,16,2.43,12,1,1,1,1,14,5,4,5,0
SimTKOpenMMLog.h,185,116,42,21,2,17,0,17,5.52,0,0,0,0,0,0,0,0,0,0
SimTKOpenMMRealType.h,150,38,25,0,0,0,0,0,0.0,0,0,0,0,0,0,0,0,0,0
SimTKOpenMMUtilities.cpp,386,153,78,148,91,39,80,31,1.03,12,3,3,3,1,18,12,2,4,0
SimTKOpenMMUtilities.h,225,150,38,31,4,28,0,20,4.84,2,1,1,1,1,1,1,0,0,0
SplineFitter.cpp,724,65,78,578,493,294,334,214,0.11,11,10,10,12,1,61,52,3,6,0
SplineFitter.h,179,152,7,17,0,14,0,13,8.94,0,0,0,0,0,0,0,0,0,0
State.cpp,144,30,16,96,44,25,46,27,0.31,25,1,1,1,1,4,4,0,0,0
State.h,149,89,9,45,0,39,0,38,1.98,0,0,0,0,0,0,0,0,0,0
StateProxy.cpp,202,42,7,150,110,39,81,41,0.28,3,10,10,10,1,54,49,4,1,0
StateProxy.h,17,1,5,8,0,6,0,5,0.12,0,0,0,0,0,0,0,0,0,0
string.cpp,374,49,90,231,173,54,146,49,0.21,14,4,4,5,2,23,16,2,5,0
string.h,372,122,83,162,83,80,62,71,0.75,30,1,1,1,1,5,4,0,1,0
System.cpp,121,30,16,70,43,15,52,16,0.43,13,2,2,3,1,5,5,0,0,0
System.h,255,183,9,59,10,36,10,34,3.1,8,1,1,1,1,3,3,0,0,0
SystemProxy.cpp,144,30,5,103,71,43,49,45,0.29,3,7,7,7,1,34,34,0,0,0
SystemProxy.h,53,35,7,8,0,6,0,5,4.38,0,0,0,0,0,0,0,0,0,0
TabulatedFunction.cpp,269,30,27,210,154,36,162,38,0.14,24,2,2,3,1,9,9,0,0,0
TabulatedFunction.h,368,283,13,69,0,48,0,47,4.1,1,1,1,1,1,2,2,0,0,0
TabulatedFunctionProxies.cpp,208,30,20,154,109,55,102,57,0.19,18,2,2,2,1,8,8,0,0,0
TabulatedFunctionProxies.h,108,50,17,38,0,26,0,25,1.32,0,0,0,0,0,0,0,0,0,0
test.c,318,16,15,253,178,33,189,33,0.06,5,11,11,11,1,54,49,1,1,0
TestCpuCustomGBForce.cpp,483,45,26,405,322,142,326,150,0.11,7,11,11,14,1,60,57,2,2,0
TestCpuCustomManyParticleForce.cpp,699,53,53,580,452,296,383,278,0.09,15,6,6,6,1,42,38,1,2,0
TestCpuCustomNonbondedForce.cpp,874,58,60,746,581,315,657,350,0.08,18,10,10,14,1,44,41,1,2,0
TestCpuEwald.cpp,273,43,32,185,139,79,151,85,0.23,4,11,11,13,1,54,45,3,6,0
TestCpuGBSAOBCForce.cpp,272,45,22,199,158,87,159,95,0.23,5,8,8,11,1,43,39,2,3,0
TestCpuLangevinIntegrator.cpp,283,43,30,199,147,83,158,89,0.22,6,9,9,10,1,38,33,2,3,0
TestCpuNeighborList.cpp,128,36,9,73,54,27,48,29,0.49,2,9,9,10,2,39,36,2,2,0
TestCpuNonbondedForce.cpp,650,48,46,542,430,229,486,256,0.09,11,13,13,19,1,53,49,1,3,0
TestCpuPeriodicTorsionForce.cpp,133,34,10,80,55,40,77,49,0.42,3,9,9,14,1,26,25,0,1,0
TestCpuPme.cpp,139,37,14,76,47,30,47,33,0.49,4,3,3,4,1,20,17,1,2,0
TestCpuRBTorsionForce.cpp,152,34,10,99,70,51,89,60,0.34,3,11,11,15,1,33,32,0,1,0
TestCpuSettle.cpp,120,34,9,68,49,22,47,24,0.5,2,5,5,5,2,35,33,1,2,0
TestCudaAmoebaAngleForce.cpp,335,51,64,170,123,66,94,64,0.3,7,3,3,4,1,37,24,1,7,0
TestCudaAmoebaBondForce.cpp,240,38,47,128,91,53,75,54,0.3,6,3,3,4,1,31,21,1,6,0
TestCudaAmoebaGeneralizedKirkwoodForce.cpp,8496,64,143,8206,8118,7898,315,140,0.01,11,3,3,3,1,765,746,2,11,0
TestCudaAmoebaInPlaneAngleForce.cpp,411,67,83,214,159,76,127,74,0.31,8,4,4,4,1,42,26,3,9,0
TestCudaAmoebaMultipoleForce.cpp,3025,152,343,2449,2215,313,2099,299,0.06,20,4,4,4,1,145,122,5,15,0
TestCudaAmoebaOutOfPlaneBendForce.cpp,542,81,98,295,223,90,203,87,0.27,8,6,6,6,1,59,37,4,10,0
TestCudaAmoebaPiTorsionForce.cpp,337,52,72,178,134,57,124,57,0.29,7,4,4,4,1,38,25,1,8,0
TestCudaAmoebaStretchBendForce.cpp,325,61,69,154,110,59,94,59,0.4,7,4,4,4,1,36,21,2,7,0
TestCudaAmoebaTorsionTorsionForce.cpp,2702,36,31,2616,2587,2540,85,39,0.01,3,7,7,8,1,882,871,1,6,0
TestCudaAmoebaVdwForce.cpp,2040,72,159,1782,1668,163,1641,165,0.04,12,5,5,6,1,163,148,3,11,0
TestCudaAndersenThermostat.cpp,219,40,22,146,116,52,107,54,0.27,4,8,8,8,1,41,36,2,4,0
TestCudaBrownianIntegrator.cpp,280,42,31,195,147,78,149,84,0.22,6,8,8,9,1,36,32,2,3,0
TestCudaCheckpoints.cpp,229,45,33,140,110,54,119,63,0.32,4,8,8,12,1,43,34,3,6,0
TestCudaCMAPTorsionForce.cpp,120,36,11,62,44,28,47,31,0.58,2,8,8,9,1,33,29,2,2,0
TestCudaCMMotionRemover.cpp,122,34,10,65,42,25,44,29,0.52,3,6,6,7,1,22,21,0,1,0
TestCudaCustomAngleForce.cpp,176,37,16,113,88,42,103,47,0.33,3,9,9,11,1,40,36,1,3,0
TestCudaCustomBondForce.cpp,181,34,11,127,95,52,125,63,0.27,4,9,9,14,1,32,31,0,1,0
TestCudaCustomCompoundBondForce.cpp,366,39,20,293,216,134,240,146,0.13,7,9,9,14,1,43,41,1,1,0
TestCudaCustomExternalForce.cpp,178,34,11,123,91,49,118,59,0.28,4,9,9,13,1,31,30,0,1,0
TestCudaCustomGBForce.cpp,482,45,27,406,328,142,333,150,0.11,7,12,11,15,1,60,57,2,2,0
TestCudaCustomHbondForce.cpp,248,37,18,181,147,62,181,75,0.2,5,9,9,13,1,38,35,1,2,0
TestCudaCustomIntegrator.cpp,783,92,62,618,506,241,586,261,0.15,14,13,13,16,1,48,44,2,3,0
TestCudaCustomManyParticleForce.cpp,691,53,54,571,451,289,382,271,0.09,15,6,6,6,1,41,38,1,2,0
TestCudaCustomNonbondedForce.cpp,948,58,62,819,638,350,725,388,0.07,20,10,10,14,1,44,41,1,2,0
TestCudaCustomTorsionForce.cpp,216,39,19,146,114,53,129,58,0.27,4,8,8,10,1,39,36,1,3,0
TestCudaDrudeForce.cpp,213,38,20,145,112,68,88,71,0.26,7,3,3,3,1,22,20,1,1,0
TestCudaDrudeLangevinIntegrator.cpp,192,45,18,123,100,56,84,59,0.37,3,6,6,6,1,46,40,4,4,0
TestCudaDrudeSCFIntegrator.cpp,144,41,9,88,71,30,69,33,0.47,2,9,9,9,1,46,43,4,2,0
TestCudaEwald.cpp,320,48,41,218,162,96,173,102,0.22,5,10,10,12,1,52,43,3,6,0
TestCudaGBSAOBCForce.cpp,273,45,24,197,160,85,160,93,0.23,5,8,8,11,1,43,39,2,3,0
TestCudaHarmonicAngleForce.cpp,143,36,11,89,65,43,83,52,0.4,3,10,10,14,1,29,28,1,1,0
TestCudaHarmonicBondForce.cpp,135,34,11,81,57,37,81,46,0.42,3,10,10,14,1,27,26,0,1,0
TestCudaLangevinIntegrator.cpp,284,43,31,199,150,78,156,84,0.22,6,8,8,10,1,38,33,2,3,0
TestCudaLocalEnergyMinimizer.cpp,216,41,26,138,110,50,98,53,0.3,4,5,5,6,1,41,34,3,5,0
TestCudaMonteCarloAnisotropicBarostat.cpp,400,80,34,275,218,102,214,104,0.29,5,11,11,12,1,65,54,6,5,0
TestCudaMonteCarloBarostat.cpp,289,43,29,205,160,82,165,90,0.21,5,9,9,12,1,46,40,2,4,0
TestCudaMultipleForces.cpp,113,34,7,58,43,28,46,31,0.59,2,8,8,9,1,27,27,0,0,0
TestCudaNonbondedForce.cpp,892,231,53,592,470,255,492,332,0.39,12,13,13,19,1,54,49,2,3,0
TestCudaPeriodicTorsionForce.cpp,138,34,11,84,60,40,81,49,0.4,3,10,10,14,1,28,27,0,1,0
TestCudaRandom.cpp,149,37,15,87,66,46,69,46,0.43,3,8,8,8,1,32,28,1,2,0
TestCudaRBTorsionForce.cpp,157,34,11,103,75,51,93,60,0.33,3,11,11,16,1,34,33,0,1,0
TestCudaRpmd.cpp,573,47,41,470,365,255,334,240,0.1,9,11,11,11,1,57,52,2,3,0
TestCudaSettle.cpp,119,34,10,66,48,22,46,24,0.52,2,5,5,5,1,34,32,1,2,0
TestCudaSort.cpp,135,36,18,72,45,30,50,30,0.5,13,2,2,2,1,6,5,0,1,0
TestCudaVariableLangevinIntegrator.cpp,339,51,40,242,185,101,185,107,0.21,7,8,8,9,1,40,34,3,4,0
TestCudaVariableVerletIntegrator.cpp,317,47,32,232,180,96,185,102,0.2,6,9,9,10,1,43,38,2,4,0
TestCudaVerletIntegrator.cpp,253,38,22,182,140,71,152,77,0.21,5,9,9,11,1,39,36,1,2,0
TestCudaVirtualSites.cpp,587,73,38,464,370,173,428,199,0.16,9,12,12,17,1,56,51,2,3,0
TestCudaWcaDispersionForce.cpp,202,40,38,102,77,33,79,35,0.39,3,6,6,6,1,47,33,2,9,0
TestFindExclusions.cpp,233,63,22,143,97,38,132,40,0.44,5,9,9,9,1,33,28,3,2,0
TestFindMolecules.cpp,81,30,4,38,25,15,32,17,0.79,2,6,6,6,1,18,18,0,0,0
TestOpenCLAndersenThermostat.cpp,220,40,23,146,116,52,107,54,0.27,4,8,8,8,1,41,36,2,4,0
TestOpenCLBrownianIntegrator.cpp,281,42,32,195,147,78,149,84,0.22,6,8,8,9,1,36,32,2,3,0
TestOpenCLCheckpoints.cpp,229,45,33,140,110,54,119,63,0.32,4,8,8,12,1,43,34,3,6,0
TestOpenCLCMAPTorsionForce.cpp,121,36,12,62,44,28,47,31,0.58,2,8,8,9,1,33,29,2,2,0
TestOpenCLCMMotionRemover.cpp,123,34,11,65,42,25,44,29,0.52,3,6,6,7,1,22,21,0,1,0
TestOpenCLCustomAngleForce.cpp,181,37,19,115,88,46,101,51,0.32,3,9,9,11,1,41,37,1,3,0
TestOpenCLCustomBondForce.cpp,182,34,12,127,95,52,125,63,0.27,4,9,9,14,1,32,31,0,1,0
TestOpenCLCustomCompoundBondForce.cpp,366,39,20,293,216,134,240,146,0.13,7,9,9,14,1,43,41,1,1,0
TestOpenCLCustomExternalForce.cpp,181,34,14,123,91,49,118,59,0.28,4,9,9,13,1,31,30,0,1,0
TestOpenCLCustomGBForce.cpp,482,45,27,406,328,142,333,150,0.11,7,12,11,15,1,60,57,2,2,0
TestOpenCLCustomHbondForce.cpp,249,37,19,181,147,62,181,75,0.2,5,9,9,13,1,38,35,1,2,0
TestOpenCLCustomIntegrator.cpp,783,92,62,618,506,241,586,261,0.15,14,13,13,16,1,48,44,2,3,0
TestOpenCLCustomManyParticleForce.cpp,691,53,54,571,451,289,382,271,0.09,15,6,6,6,1,41,38,1,2,0
TestOpenCLCustomNonbondedForce.cpp,947,58,61,819,638,350,725,388,0.07,20,10,10,14,1,44,41,1,2,0
TestOpenCLCustomTorsionForce.cpp,218,39,20,147,112,57,126,62,0.27,4,8,8,10,1,40,36,1,3,0
TestOpenCLDrudeForce.cpp,213,38,20,145,112,68,88,71,0.26,7,3,3,3,1,22,20,1,1,0
TestOpenCLDrudeLangevinIntegrator.cpp,192,45,18,123,100,56,84,59,0.37,3,6,6,6,1,46,40,4,4,0
TestOpenCLDrudeSCFIntegrator.cpp,144,41,9,88,71,30,69,33,0.47,2,9,9,9,1,46,43,4,2,0
TestOpenCLEwald.cpp,321,48,42,218,162,96,173,102,0.22,5,10,10,12,1,52,43,3,6,0
TestOpenCLFFT.cpp,115,35,10,59,40,21,50,23,0.59,2,8,8,8,1,31,28,1,2,0
TestOpenCLGBSAOBCForce.cpp,271,45,24,195,158,85,158,93,0.23,5,8,8,11,1,42,38,2,3,0
TestOpenCLHarmonicAngleForce.cpp,143,36,11,89,65,43,83,52,0.4,3,10,10,14,1,29,28,1,1,0
TestOpenCLHarmonicBondForce.cpp,135,34,11,81,57,37,81,46,0.42,3,10,10,14,1,27,26,0,1,0
TestOpenCLLangevinIntegrator.cpp,284,43,31,199,150,78,156,84,0.22,6,8,8,10,1,38,33,2,3,0
TestOpenCLLocalEnergyMinimizer.cpp,217,41,27,138,110,50,98,53,0.3,4,5,5,6,1,41,34,3,5,0
TestOpenCLMonteCarloAnisotropicBarostat.cpp,400,80,34,275,218,102,214,104,0.29,5,11,11,12,1,65,54,6,5,0
TestOpenCLMonteCarloBarostat.cpp,291,43,31,205,160,82,165,90,0.21,5,9,9,12,1,46,40,2,4,0
TestOpenCLMultipleForces.cpp,114,34,8,58,43,28,46,31,0.59,2,8,8,9,1,27,27,0,0,0
TestOpenCLNonbondedForce.cpp,896,235,53,592,470,255,492,332,0.4,12,13,13,19,1,54,49,2,3,0
TestOpenCLPeriodicTorsionForce.cpp,138,34,11,84,60,40,81,49,0.4,3,10,10,14,1,28,27,0,1,0
TestOpenCLRandom.cpp,147,37,15,85,66,44,69,46,0.44,3,8,8,8,1,31,27,1,2,0
TestOpenCLRBTorsionForce.cpp,157,34,11,103,75,51,93,60,0.33,3,11,11,16,1,34,33,0,1,0
TestOpenCLRpmd.cpp,574,47,41,471,366,256,334,241,0.1,9,11,11,11,1,57,52,2,3,0
TestOpenCLSettle.cpp,119,34,10,66,48,22,46,24,0.52,2,5,5,5,1,34,32,1,2,0
TestOpenCLSort.cpp,135,36,20,70,45,28,50,30,0.51,13,2,2,2,1,6,5,0,1,0
TestOpenCLVariableLangevinIntegrator.cpp,339,51,40,242,185,101,185,107,0.21,7,8,8,9,1,40,34,3,4,0
TestOpenCLVariableVerletIntegrator.cpp,317,47,33,231,179,95,185,101,0.2,6,9,9,10,1,43,38,2,4,0
TestOpenCLVerletIntegrator.cpp,251,38,22,180,138,69,148,75,0.21,5,9,9,10,1,38,35,1,2,0
TestOpenCLVirtualSites.cpp,587,73,38,464,370,173,428,199,0.16,9,12,12,17,1,56,51,2,3,0
TestParser.cpp,298,36,38,222,188,46,176,48,0.16,12,4,4,4,1,20,18,1,2,0
TestReferenceAmoebaAngleForce.cpp,340,54,63,169,121,66,92,65,0.32,7,3,3,4,1,38,24,1,7,0
TestReferenceAmoebaBondForce.cpp,247,40,49,127,89,53,73,55,0.31,6,3,3,3,1,32,21,1,6,0
TestReferenceAmoebaGeneralizedKirkwoodForce.cpp,8496,64,145,8204,8116,7898,313,140,0.01,11,3,3,3,1,765,746,2,11,0
TestReferenceAmoebaInPlaneAngleForce.cpp,416,71,81,213,157,76,125,75,0.33,8,4,4,4,1,43,26,3,8,0
TestReferenceAmoebaMultipoleForce.cpp,2860,105,313,2361,2149,282,2041,267,0.04,19,3,3,3,1,145,124,3,14,0
TestReferenceAmoebaOutOfPlaneBendForce.cpp,551,89,96,294,221,90,201,87,0.3,8,5,5,6,1,60,36,5,10,0
TestReferenceAmoebaPiTorsionForce.cpp,343,55,72,177,132,57,122,57,0.31,7,3,3,4,1,39,25,1,8,0
TestReferenceAmoebaStretchBendForce.cpp,329,65,66,153,108,59,92,59,0.42,7,3,3,4,1,36,21,3,7,0
TestReferenceAmoebaTorsionTorsionForce.cpp,2687,36,31,2612,2584,2540,82,39,0.01,3,7,7,7,1,877,870,1,6,0
TestReferenceAmoebaVdwForce.cpp,2040,73,161,1769,1657,161,1632,163,0.04,12,5,5,5,1,163,147,3,11,0
TestReferenceAndersenThermostat.cpp,218,40,21,146,114,54,105,56,0.27,4,8,8,8,1,41,36,2,4,0
TestReferenceBrownianIntegrator.cpp,272,42,28,191,140,80,144,86,0.22,6,8,8,9,1,36,31,2,3,0
TestReferenceCheckpoints.cpp,190,43,28,108,82,44,97,53,0.4,4,7,7,11,1,34,26,3,5,0
TestReferenceCMAPTorsionForce.cpp,118,36,11,60,42,28,45,31,0.6,2,7,7,8,1,32,29,2,2,0
TestReferenceCMMotionRemover.cpp,116,34,9,61,40,26,40,30,0.56,3,5,5,7,1,21,20,0,1,0
TestReferenceCustomAngleForce.cpp,148,37,17,84,66,27,74,31,0.44,2,8,8,10,1,47,41,2,5,0
TestReferenceCustomBondForce.cpp,115,34,9,63,47,19,66,27,0.54,2,10,10,16,1,32,30,1,1,0
TestReferenceCustomCompoundBondForce.cpp,336,39,21,262,192,118,211,129,0.15,6,9,9,14,1,46,43,1,2,0
TestReferenceCustomExternalForce.cpp,113,34,10,60,44,19,63,27,0.57,2,10,10,16,1,30,29,1,1,0
TestReferenceCustomGBForce.cpp,926,70,136,697,548,220,518,229,0.1,14,8,8,10,1,60,50,2,8,0
TestReferenceCustomHbondForce.cpp,250,37,19,182,145,65,179,78,0.2,5,8,8,13,1,38,36,1,2,0
TestReferenceCustomIntegrator.cpp,722,87,58,565,450,235,519,255,0.15,13,12,12,15,1,48,43,2,3,0
TestReferenceCustomManyParticleForce.cpp,609,53,51,492,387,247,317,232,0.11,13,5,5,5,1,42,38,1,3,0
TestReferenceCustomNonbondedForce.cpp,885,58,59,758,578,331,654,366,0.08,18,10,10,14,1,45,42,1,2,0
TestReferenceCustomTorsionForce.cpp,189,39,21,117,90,39,99,43,0.33,3,8,8,9,1,43,38,2,4,0
TestReferenceDrudeForce.cpp,211,38,20,143,110,68,86,71,0.27,7,3,3,3,1,22,20,1,1,0
TestReferenceDrudeLangevinIntegrator.cpp,190,45,18,121,98,56,82,59,0.37,3,6,6,6,1,45,39,4,4,0
TestReferenceDrudeSCFIntegrator.cpp,141,41,9,85,68,29,67,32,0.48,2,8,8,8,1,44,41,4,2,0
TestReferenceEwald.cpp,422,73,64,270,201,131,196,135,0.27,7,8,8,8,1,52,38,6,8,0
TestReferenceGBSAOBCForce.cpp,230,43,20,161,128,72,125,80,0.27,5,6,6,9,1,35,32,2,2,0
TestReferenceGBVIForce.cpp,268,36,47,172,140,53,112,55,0.21,3,6,6,6,1,71,56,1,13,0
TestReferenceHarmonicAngleForce.cpp,110,36,8,59,43,25,56,33,0.61,2,10,10,16,1,30,28,2,1,0
TestReferenceHarmonicBondForce.cpp,104,34,8,53,37,19,56,27,0.64,2,10,10,16,1,27,25,1,1,0
TestReferenceKineticEnergy.cpp,82,33,6,36,24,10,26,12,0.92,2,3,3,3,1,17,17,0,0,0
TestReferenceLangevinIntegrator.cpp,279,43,30,195,144,81,151,87,0.22,6,8,8,10,1,37,32,2,3,0
TestReferenceLocalEnergyMinimizer.cpp,215,41,25,138,108,52,96,55,0.3,4,5,5,6,1,41,34,3,5,0
TestReferenceMonteCarloAnisotropicBarostat.cpp,401,81,34,276,216,105,212,107,0.29,5,11,11,12,1,65,55,6,5,0
TestReferenceMonteCarloBarostat.cpp,221,42,24,144,109,56,123,64,0.29,4,10,10,13,1,42,36,2,4,0
TestReferenceMonteCarloMembraneBarostat.cpp,197,42,20,125,98,47,96,49,0.34,3,10,10,10,1,48,41,3,5,0
TestReferenceNeighborList.cpp,126,30,15,75,49,26,47,28,0.4,6,2,2,2,1,13,12,0,1,0
TestReferenceNonbondedForce.cpp,496,43,32,411,322,175,349,195,0.1,9,11,11,17,1,49,45,1,2,0
TestReferencePeriodicTorsionForce.cpp,105,34,8,54,38,22,54,30,0.63,2,10,10,16,1,27,26,1,1,0
TestReferenceRandom.cpp,126,37,13,70,53,37,59,39,0.53,3,7,7,7,1,26,23,1,2,0
TestReferenceRBTorsionForce.cpp,124,34,8,73,53,33,66,41,0.47,2,12,12,18,1,37,35,1,1,0
TestReferenceRpmd.cpp,454,42,30,368,276,188,270,193,0.11,8,10,10,10,1,49,46,1,2,0
TestReferenceSettle.cpp,116,34,9,64,46,22,44,24,0.53,2,5,5,5,1,33,31,1,2,0
TestReferenceVariableLangevinIntegrator.cpp,341,51,39,245,183,106,183,112,0.21,7,8,8,9,1,40,35,3,4,0
TestReferenceVariableVerletIntegrator.cpp,317,47,32,232,176,101,183,107,0.2,6,9,9,11,1,43,38,2,4,0
TestReferenceVerletIntegrator.cpp,248,38,20,179,134,74,144,80,0.21,5,9,9,11,1,38,35,1,2,0
TestReferenceVirtualSites.cpp,440,63,27,338,265,126,308,147,0.19,7,11,11,16,1,52,48,2,2,0
TestReferenceWcaDispersionForce.cpp,193,41,40,100,75,33,77,35,0.41,3,6,6,6,1,44,32,2,9,0
TestSerializationNode.cpp,89,30,5,51,36,4,68,6,0.59,2,10,10,10,1,25,25,0,0,0
TestSerializeAmoebaAngleForce.cpp,95,33,10,46,32,10,61,13,0.72,2,7,7,7,1,25,22,2,2,0
TestSerializeAmoebaBondForce.cpp,90,33,10,41,27,10,47,13,0.8,2,6,6,6,1,23,19,2,2,0
TestSerializeAmoebaGeneralizedKirkwoodForce.cpp,109,35,16,45,31,10,57,13,0.78,2,7,7,7,1,32,21,3,5,0
TestSerializeAmoebaInPlaneAngleForce.cpp,100,33,14,47,33,10,65,13,0.7,2,8,8,8,1,28,22,2,4,0
TestSerializeAmoebaMultipoleForce.cpp,201,39,31,117,91,21,174,24,0.33,3,13,13,13,1,51,38,3,8,0
TestSerializeAmoebaOutOfPlaneBendForce.cpp,99,33,14,46,32,10,61,13,0.72,2,7,7,7,1,27,22,2,4,0
TestSerializeAmoebaPiTorsionForce.cpp,89,33,10,40,26,10,49,13,0.82,2,6,6,6,1,22,19,2,2,0
TestSerializeAmoebaStretchBendForce.cpp,94,33,12,43,25,14,48,17,0.77,2,6,6,6,1,25,20,2,3,0
TestSerializeAmoebaTorsionTorsionForce.cpp,148,33,22,79,53,23,97,26,0.42,4,7,7,7,1,25,19,1,4,0
TestSerializeAmoebaVdwForce.cpp,135,33,22,67,47,17,83,20,0.49,2,10,10,10,1,45,32,2,8,0
TestSerializeAmoebaWcaDispersionForce.cpp,114,33,18,50,36,10,68,13,0.66,2,8,8,8,1,35,24,2,6,0
TestSerializeAndersenThermostat.cpp,74,33,10,26,16,6,26,8,1.27,2,4,4,4,1,16,12,2,3,0
TestSerializeCMAPTorsion.cpp,109,33,9,62,46,15,94,17,0.53,2,12,12,12,1,34,30,2,3,0
TestSerializeCMMotionRemover.cpp,70,33,9,23,13,6,17,8,1.43,2,3,3,3,1,15,11,2,3,0
TestSerializeCustomAngleForce.cpp,101,33,9,54,41,11,82,13,0.61,2,10,10,10,1,30,26,2,3,0
TestSerializeCustomBondForce.cpp,100,33,9,53,40,11,78,13,0.62,2,10,10,10,1,30,26,2,3,0
TestSerializeCustomCompoundBondForce.cpp,129,33,9,82,68,15,131,17,0.4,2,15,15,15,1,44,40,2,3,0
TestSerializeCustomExternalForce.cpp,100,33,10,52,39,11,74,13,0.63,2,9,9,9,1,29,25,2,3,0
TestSerializeCustomGBForce.cpp,147,33,9,100,79,21,162,23,0.33,2,19,19,19,1,53,49,2,3,0
TestSerializeCustomHbondForce.cpp,152,33,9,105,87,20,186,22,0.31,2,22,22,22,1,56,52,2,3,0
TestSerializeCustomManyParticleForce.cpp,143,33,9,96,78,18,157,20,0.34,2,18,18,18,1,51,47,2,3,0
TestSerializeCustomNonbondedForce.cpp,144,33,9,97,81,16,168,18,0.34,2,19,19,19,1,52,48,2,3,0
TestSerializeCustomTorsionForce.cpp,102,33,9,55,42,11,86,13,0.6,2,11,11,11,1,31,27,2,3,0
TestSerializeDrudeForce.cpp,104,33,10,55,36,15,78,18,0.6,2,10,10,10,1,30,26,2,2,0
TestSerializeDrudeLangevinIntegrator.cpp,78,33,11,28,17,7,30,10,1.18,2,4,4,4,1,17,13,2,3,0
TestSerializeGBSAOBCForce.cpp,92,33,9,45,32,9,61,11,0.73,2,7,7,7,1,26,22,2,3,0
TestSerializeGBVIForce.cpp,108,33,9,61,45,12,93,14,0.54,2,11,11,11,1,34,30,2,3,0
TestSerializeHarmonicAngleForce.cpp,87,33,11,38,25,9,45,11,0.87,2,6,6,6,1,22,18,2,3,0
TestSerializeHarmonicBondForce.cpp,85,33,10,37,24,9,41,11,0.89,2,5,5,5,1,22,18,2,3,0
TestSerializeIntegrator.cpp,203,30,14,147,116,33,222,35,0.2,7,7,7,7,1,21,21,0,0,0
TestSerializeMonteCarloAnisotropicBarostat.cpp,77,33,9,30,20,7,42,10,1.1,2,6,6,7,1,18,14,2,3,0
TestSerializeMonteCarloBarostat.cpp,74,33,9,27,17,6,30,8,1.22,2,4,4,4,1,17,13,2,3,0
TestSerializeMonteCarloMembraneBarostat.cpp,77,33,9,30,20,6,42,8,1.1,2,6,6,6,1,18,14,2,3,0
TestSerializeNonbondedForce.cpp,121,33,9,74,55,17,119,19,0.45,2,14,14,14,1,40,36,2,3,0
TestSerializePeriodicTorsionForce.cpp,88,33,10,40,27,9,53,11,0.82,2,7,7,7,1,23,19,2,3,0
TestSerializeRBTorsionForce.cpp,90,33,10,42,29,9,64,11,0.79,2,8,8,8,1,24,20,2,3,0
TestSerializeState.cpp,149,35,15,87,70,27,119,35,0.4,2,17,17,23,1,50,43,3,5,0
TestSerializeSystem.cpp,127,33,11,76,61,22,144,27,0.43,2,20,20,23,1,41,37,2,3,0
TestSerializeTabulatedFunctions.cpp,230,48,39,138,101,51,202,53,0.35,7,8,8,8,1,26,19,3,4,0
TestSplineFitter.cpp,180,31,8,134,104,67,176,69,0.23,5,14,14,14,1,26,26,0,0,0
TestVectorize.cpp,190,35,11,141,99,35,280,37,0.25,7,11,11,31,1,20,20,0,0,0
ThreadPool.cpp,129,32,14,82,52,22,55,23,0.39,9,2,2,2,1,8,8,0,0,0
ThreadPool.h,111,74,7,25,2,20,0,19,2.96,0,0,0,0,0,0,0,0,0,0
tinyxml.cpp,1839,122,312,1213,653,214,630,199,0.1,108,3,3,3,1,13,11,1,1,0
tinyxml.h,1799,762,250,598,182,425,172,370,1.27,149,1,1,1,1,2,2,0,0,0
tinyxmlerror.cpp,52,29,3,19,19,19,0,1,1.53,0,0,0,0,0,0,0,0,0,0
tinyxmlparser.cpp,1635,216,153,930,604,128,497,95,0.23,22,9,9,13,4,52,40,7,5,0
tnt.h,64,28,14,0,0,0,0,0,0.0,0,0,0,0,0,0,0,0,0,0
tnt_array1d.h,278,31,74,149,32,81,31,52,0.21,21,1,1,1,1,6,4,0,0,0
tnt_array1d_utils.h,230,19,62,142,59,48,56,36,0.13,10,3,3,3,1,15,13,0,2,0
tnt_array2d.h,315,33,80,186,57,96,61,67,0.18,21,2,2,2,1,7,6,0,1,0
tnt_array2d_utils.h,287,32,67,184,90,77,87,64,0.17,11,4,4,5,1,18,15,0,3,0
tnt_array3d.h,296,24,73,187,68,109,72,77,0.13,20,2,2,3,1,8,7,0,1,0
tnt_array3d_utils.h,236,1,64,167,98,86,97,74,0.01,10,5,5,6,1,19,15,0,3,0
tnt_cmat.h,580,41,143,322,151,128,168,108,0.13,37,2,2,2,1,11,8,0,2,0
tnt_fortran_array1d.h,267,29,69,138,30,76,29,49,0.21,19,1,1,1,1,6,5,0,0,0
tnt_fortran_array1d_utils.h,242,40,57,142,59,48,56,36,0.28,10,3,3,3,1,15,13,0,2,0
tnt_fortran_array2d.h,225,21,64,120,25,73,25,47,0.17,18,1,1,1,1,5,4,0,1,0
tnt_fortran_array2d_utils.h,236,19,49,165,78,67,76,55,0.12,10,4,4,5,1,18,15,0,3,0
tnt_fortran_array3d.h,223,20,60,119,27,74,26,49,0.17,17,1,1,1,1,6,4,0,1,0
tnt_fortran_array3d_utils.h,249,19,59,167,98,86,97,74,0.11,10,5,5,6,1,19,15,0,3,0
tnt_i_refvec.h,243,51,46,124,37,54,37,34,0.41,14,2,2,2,1,7,6,0,1,0
tnt_math_utils.h,34,9,8,14,5,6,3,3,0.64,1,2,2,2,1,11,10,0,1,0
tnt_sparse_matrix_csr.h,103,53,23,28,6,25,6,17,1.89,7,1,1,1,1,1,1,0,0,0
tnt_stopwatch.h,95,18,20,54,16,20,15,18,0.33,6,2,2,2,1,6,6,0,0,0
tnt_subscript.h,54,35,9,4,0,4,0,2,8.75,0,0,0,0,0,0,0,0,0,0
tnt_vec.h,404,44,98,203,86,80,94,64,0.22,30,1,1,1,1,9,6,0,1,0
tnt_version.h,39,22,10,0,0,0,0,0,0.0,0,0,0,0,0,0,0,0,0,0
Units.h,97,77,6,12,10,12,0,11,6.42,0,0,0,0,0,0,0,0,0,0
ValidateOpenMM.cpp,1073,170,221,489,350,137,218,138,0.35,24,4,4,4,2,33,20,3,7,0
ValidateOpenMM.h,377,192,68,67,1,64,0,63,2.87,0,0,0,0,0,0,0,0,0,0
ValidateOpenMMForces.cpp,880,130,216,505,346,176,267,169,0.26,36,3,3,3,1,22,14,2,5,0
ValidateOpenMMForces.h,382,234,73,73,13,67,0,63,3.21,0,0,0,0,0,0,0,0,0,0
ValidateWindowsIncludes.h,41,22,3,0,0,0,0,0,0.0,0,0,0,0,0,0,0,0,0,0
VariableLangevinIntegrator.cpp,91,30,10,43,23,9,27,12,0.7,7,1,1,2,1,6,6,0,0,0
VariableLangevinIntegrator.h,171,119,7,41,8,21,8,20,2.9,8,1,1,1,1,3,3,0,0,0
VariableLangevinIntegratorProxy.cpp,63,30,6,25,17,7,15,7,1.2,3,1,1,1,1,8,8,0,0,0
VariableLangevinIntegratorProxy.h,17,1,5,8,0,6,0,5,0.12,0,0,0,0,0,0,0,0,0,0
VariableVerletIntegrator.cpp,85,30,9,39,19,9,23,12,0.77,7,1,1,2,1,5,5,0,0,0
VariableVerletIntegrator.h,123,90,7,22,2,14,2,13,4.09,2,1,1,1,1,3,3,0,0,0
VariableVerletIntegratorProxy.cpp,57,30,6,19,11,5,11,7,1.58,3,1,1,1,1,6,6,0,0,0
VariableVerletIntegratorProxy.h,17,1,5,8,0,6,0,5,0.12,0,0,0,0,0,0,0,0,0,0
Vec3.h,168,51,24,90,44,32,36,30,0.57,19,1,1,1,1,4,4,0,0,0
vectorize.h,45,31,3,0,0,0,0,0,0.0,0,0,0,0,0,0,0,0,0,0
vectorize8.h,265,43,32,178,67,66,63,66,0.24,55,1,1,1,1,3,3,0,0,0
vectorize_neon.h,348,50,41,254,105,95,88,95,0.2,71,1,1,1,1,3,3,0,0,0
vectorize_pnacl.h,318,46,39,229,78,88,66,87,0.2,71,1,1,1,1,3,3,0,0,0
vectorize_sse.h,305,46,38,217,70,84,67,82,0.21,71,1,1,1,1,3,3,0,0,0
vectypes.h,1251,198,141,908,291,384,457,219,0.22,114,1,1,1,1,8,8,0,0,0
VerletIntegrator.cpp,77,30,8,33,16,8,20,11,0.91,6,1,1,2,1,5,5,0,0,0
VerletIntegrator.h,85,60,7,14,0,10,0,9,4.29,0,0,0,0,0,0,0,0,0,0
VerletIntegratorProxy.cpp,55,30,6,17,9,5,9,7,1.76,3,1,1,1,1,5,5,0,0,0
VerletIntegratorProxy.h,17,1,5,8,0,6,0,5,0.12,0,0,0,0,0,0,0,0,0,0
VirtualSite.cpp,137,30,18,85,43,24,45,22,0.35,16,2,2,2,1,5,5,0,0,0
VirtualSite.h,231,168,11,48,0,30,0,29,3.5,2,1,1,1,1,2,2,0,0,0
vmem.cpp,1286,265,220,588,433,157,344,154,0.45,29,4,4,5,2,27,19,3,5,0
vmem.h,240,113,46,50,5,40,4,34,2.26,4,1,1,1,1,3,3,0,0,0
windowsExport.h,41,22,3,0,0,0,0,0,0.0,0,0,0,0,0,0,0,0,0,0
windowsExportAmoeba.h,41,22,3,0,0,0,0,0,0.0,0,0,0,0,0,0,0,0,0,0
windowsExportAmoebaReference.h,41,22,3,0,0,0,0,0,0.0,0,0,0,0,0,0,0,0,0,0
windowsExportCpu.h,41,22,3,0,0,0,0,0,0.0,0,0,0,0,0,0,0,0,0,0
windowsExportCuda.h,41,22,3,0,0,0,0,0,0.0,0,0,0,0,0,0,0,0,0,0
windowsExportDrude.h,41,22,3,0,0,0,0,0,0.0,0,0,0,0,0,0,0,0,0,0
windowsExportOpenCL.h,41,22,3,0,0,0,0,0,0.0,0,0,0,0,0,0,0,0,0,0
windowsExportPme.h,41,22,3,0,0,0,0,0,0.0,0,0,0,0,0,0,0,0,0,0
windowsExportRpmd.h,41,22,3,0,0,0,0,0,0.0,0,0,0,0,0,0,0,0,0,0
windowsIncludes.h,41,22,3,0,0,0,0,0,0.0,0,0,0,0,0,0,0,0,0,0
x86.h,21,9,4,0,0,0,0,0,0.0,0,0,0,0,0,0,0,0,0,0
x86assembler.cpp,4189,398,760,2808,2322,242,2816,176,0.14,15,66,56,70,30,259,182,22,47,0
x86assembler.h,6520,2551,1099,2639,2604,2616,4130,4096,0.97,4078,1,1,1,1,1,1,0,0,0
x86compiler.cpp,1370,163,234,788,604,194,498,138,0.21,49,4,3,4,2,23,15,1,3,0
x86compiler.h,5489,2673,838,1758,1375,1510,2179,2202,1.52,2056,1,1,1,1,1,1,0,0,0
x86context.cpp,5691,761,1105,3562,2822,879,2551,769,0.21,90,12,8,13,5,53,37,5,10,0
x86context_p.h,523,155,124,230,120,91,98,81,0.67,19,1,1,1,1,12,9,0,3,0
x86cpuinfo.cpp,303,54,56,146,116,25,145,19,0.37,4,16,15,16,2,59,34,7,10,0
x86cpuinfo.h,232,107,33,86,6,72,5,26,1.24,6,1,1,1,1,3,3,0,0,0
x86inst.cpp,4850,69,57,4612,2490,4570,36,24,0.01,2,9,9,9,8,36,28,2,7,0
x86inst.h,2211,1623,163,1505,44,1423,43,71,1.08,36,1,1,1,1,3,3,0,0,0
x86operand.cpp,85,18,21,41,28,14,24,12,0.44,3,3,3,3,1,15,12,0,3,0
x86operand.h,1531,563,241,775,323,427,546,546,0.73,370,1,1,1,1,2,2,0,0,0
x86operand_regs.cpp,188,21,24,133,123,133,0,137,0.16,0,0,0,0,0,0,0,0,0,0
x86scheduler.cpp,94,49,18,21,1,18,1,15,2.33,3,1,1,1,1,8,2,5,0,0
x86scheduler_p.h,63,30,15,9,0,8,0,7,3.33,0,0,0,0,0,0,0,0,0,0
XmlSerializer.cpp,83,30,6,45,29,17,32,19,0.67,4,3,3,3,1,11,11,0,0,0
XmlSerializer.h,88,48,8,26,8,14,7,11,1.85,2,2,2,2,1,7,7,0,0,0
zone.cpp,195,35,43,112,85,27,69,24,0.31,8,3,3,4,2,18,13,2,3,0
zone.h,221,125,41,51,16,33,10,28,2.45,6,1,1,1,1,5,4,0,1,0
