Class,LCOM,DIT,IFANIN,CBO,NOC,RFC,NIM,NIV,WMC,bug
IO,50,1,1,0,0,4,2,2,2,0
irr::core::array,66,0,0,0,0,30,30,7,30,0
irr::core::string,42,0,0,0,0,41,41,3,41,0
irr::io::CFileReadCallBack,33,1,1,0,0,9,6,3,6,0
irr::io::CXMLReaderImpl,86,2,1,3,0,52,35,12,35,0
irr::io::IFileReadCallBack,0,0,0,0,2,3,3,0,3,0
irr::io::IIrrXMLReader,0,1,1,0,1,17,17,0,17,0
irr::io::IXMLBase,0,0,0,0,0,0,0,0,0,0
ivec4,4,0,0,0,0,24,24,1,24,0
ivec4,12,0,0,0,0,24,24,1,24,0
ivec4,4,0,0,1,0,24,24,1,24,0
ivec8,8,0,0,1,0,12,12,1,12,0
cl::Buffer,0,2,1,2,2,27,8,0,8,0
cl::BufferGL,0,3,1,1,0,34,7,0,7,0
cl::BufferRenderGL,0,3,1,2,0,34,7,0,7,0
cl::CommandQueue,97,1,1,12,0,45,33,0,34,0
cl::Context,92,1,1,5,0,24,12,0,13,0
cl::detail::KernelFunctorGlobal,0,0,0,7,0,3,3,1,3,0
cl::detail::NullType,0,0,0,0,0,0,0,0,0,0
cl::detail::Wrapper,0,0,0,1,0,10,10,1,10,0
cl::detail::Wrapper,22,0,0,1,9,11,10,2,11,0
cl::Device,0,1,1,2,0,19,7,0,8,0
cl::Error,50,1,1,0,0,5,4,2,4,0
cl::Event,0,1,1,2,0,23,11,0,12,0
cl::Image,0,2,1,1,2,26,7,0,7,0
cl::Image2D,0,3,1,2,1,32,6,0,6,0
cl::Image2DGL,0,4,1,1,0,38,6,0,6,0
cl::Image3D,0,3,1,2,1,32,6,0,6,0
cl::Image3DGL,0,4,1,1,0,38,6,0,6,0
cl::Kernel,0,1,1,4,0,24,13,0,13,0
cl::Memory,0,1,1,1,2,19,8,0,8,0
cl::NDRange,16,0,0,1,0,6,6,2,6,0
cl::Platform,0,1,1,3,0,23,8,0,12,0
cl::Program,0,1,1,7,0,29,18,0,18,0
cl::Sampler,0,1,1,2,0,20,9,0,9,0
cl::size_t,0,0,0,0,0,5,5,1,5,0
CSHA1,82,0,0,2,0,10,10,8,10,0
CudaCMAPTorsionForceInfo,0,1,1,1,0,10,4,1,4,0
CudaCustomAngleForceInfo,0,1,1,1,0,10,4,1,4,0
CudaCustomBondForceInfo,0,1,1,1,0,10,4,1,4,0
CudaCustomCompoundBondForceInfo,0,1,1,1,0,10,4,1,4,0
CudaCustomExternalForceInfo,0,1,1,1,0,8,2,2,2,0
CudaCustomGBForceInfo,19,1,1,1,0,11,5,1,5,0
CudaCustomHbondForceInfo,19,1,1,1,0,11,5,1,5,0
CudaCustomManyParticleForceInfo,19,1,1,1,0,11,5,1,5,0
CudaCustomNonbondedForceInfo,40,1,1,2,0,11,5,2,5,0
CudaCustomTorsionForceInfo,0,1,1,1,0,10,4,1,4,0
CudaDrudeForceInfo,0,1,1,1,0,10,4,1,4,0
CudaGBSAOBCForceInfo,0,1,1,1,0,8,2,1,2,0
CudaHarmonicAngleForceInfo,0,1,1,1,0,10,4,1,4,0
CudaHarmonicBondForceInfo,0,1,1,1,0,10,4,1,4,0
CudaNonbondedForceInfo,0,1,1,1,0,11,5,1,5,0
CudaPeriodicTorsionForceInfo,0,1,1,1,0,10,4,1,4,0
CudaRBTorsionForceInfo,0,1,1,1,0,10,4,1,4,0
ExampleFunction,0,1,1,0,0,9,4,0,4,0
ExtractMatrixTask,0,1,1,2,0,3,2,10,2,0
OpenCLCMAPTorsionForceInfo,0,1,1,1,0,11,4,1,4,0
OpenCLCustomAngleForceInfo,0,1,1,1,0,11,4,1,4,0
OpenCLCustomBondForceInfo,0,1,1,1,0,11,4,1,4,0
OpenCLCustomCompoundBondForceInfo,0,1,1,1,0,11,4,1,4,0
OpenCLCustomExternalForceInfo,0,1,1,1,0,9,2,2,2,0
OpenCLCustomGBForceInfo,19,1,1,1,0,12,5,1,5,0
OpenCLCustomHbondForceInfo,19,1,1,1,0,12,5,1,5,0
OpenCLCustomManyParticleForceInfo,19,1,1,1,0,12,5,1,5,0
OpenCLCustomNonbondedForceInfo,40,1,1,2,0,12,5,2,5,0
OpenCLCustomTorsionForceInfo,0,1,1,1,0,11,4,1,4,0
OpenCLDrudeForceInfo,0,1,1,1,0,11,4,1,4,0
OpenCLGBSAOBCForceInfo,0,1,1,1,0,9,2,1,2,0
OpenCLHarmonicAngleForceInfo,0,1,1,1,0,11,4,1,4,0
OpenCLHarmonicBondForceInfo,0,1,1,1,0,11,4,1,4,0
OpenCLNonbondedForceInfo,0,1,1,1,0,12,5,1,5,0
OpenCLPeriodicTorsionForceInfo,0,1,1,1,0,11,4,1,4,0
OpenCLRBTorsionForceInfo,0,1,1,1,0,11,4,1,4,0
OpenMM::AlignedArray,55,0,0,0,0,9,9,3,9,0
OpenMM::AmoebaAngleForce,78,1,1,4,0,24,16,5,16,0
OpenMM::AmoebaAngleForce::AngleInfo,0,0,0,0,0,2,2,5,2,0
OpenMM::AmoebaAngleForceImpl,50,1,1,9,0,17,9,2,9,0
OpenMM::AmoebaAngleForceProxy,0,1,1,3,0,17,3,0,3,0
OpenMM::AmoebaBondForce,69,1,1,4,0,20,12,3,12,0
OpenMM::AmoebaBondForce::BondInfo,0,0,0,0,0,2,2,4,2,0
OpenMM::AmoebaBondForceImpl,50,1,1,9,0,18,10,2,10,0
OpenMM::AmoebaBondForceProxy,0,1,1,3,0,17,3,0,3,0
OpenMM::AmoebaCudaKernelFactory,0,1,1,29,0,3,1,0,1,0
OpenMM::AmoebaGeneralizedKirkwoodForce,83,1,1,4,0,26,18,7,18,0
OpenMM::AmoebaGeneralizedKirkwoodForce::ParticleInfo,0,0,0,0,0,2,2,3,2,0
OpenMM::AmoebaGeneralizedKirkwoodForceImpl,44,1,1,11,0,17,9,2,9,0
OpenMM::AmoebaGeneralizedKirkwoodForceProxy,0,1,1,3,0,17,3,0,3,0
OpenMM::AmoebaInPlaneAngleForce,78,1,1,4,0,24,16,5,16,0
OpenMM::AmoebaInPlaneAngleForce::AngleInfo,0,0,0,0,0,2,2,6,2,0
OpenMM::AmoebaInPlaneAngleForceImpl,50,1,1,9,0,17,9,2,9,0
OpenMM::AmoebaInPlaneAngleForceProxy,0,1,1,3,0,17,3,0,3,0
OpenMM::AmoebaMultipoleForce,90,1,1,4,0,39,31,12,31,0
OpenMM::AmoebaMultipoleForce::MultipoleInfo,4,0,0,2,0,2,2,11,2,0
OpenMM::AmoebaMultipoleForceImpl,76,1,1,12,0,23,12,2,15,0
OpenMM::AmoebaMultipoleForceProxy,0,1,1,4,0,17,3,0,3,0
OpenMM::AmoebaOutOfPlaneBendForce,78,1,1,4,0,24,16,5,16,0
OpenMM::AmoebaOutOfPlaneBendForce::OutOfPlaneBendInfo,0,0,0,0,0,2,2,5,2,0
OpenMM::AmoebaOutOfPlaneBendForceImpl,50,1,1,9,0,17,9,2,9,0
OpenMM::AmoebaOutOfPlaneBendForceProxy,0,1,1,3,0,17,3,0,3,0
OpenMM::AmoebaPiTorsionForce,37,1,1,4,0,16,8,1,8,0
OpenMM::AmoebaPiTorsionForce::PiTorsionInfo,0,0,0,0,0,2,2,7,2,0
OpenMM::AmoebaPiTorsionForceImpl,50,1,1,9,0,17,9,2,9,0
OpenMM::AmoebaPiTorsionForceProxy,0,1,1,3,0,17,3,0,3,0
OpenMM::AmoebaReferenceAngleForce,0,0,0,3,0,5,5,0,5,0
OpenMM::AmoebaReferenceBondForce,0,0,0,3,0,4,4,0,4,0
OpenMM::AmoebaReferenceForce,0,0,0,3,0,14,2,0,14,0
OpenMM::AmoebaReferenceGeneralizedKirkwoodForce,88,0,0,1,0,25,25,12,25,0
OpenMM::AmoebaReferenceGeneralizedKirkwoodMultipoleForce,87,1,1,5,0,106,24,16,24,0
OpenMM::AmoebaReferenceInPlaneAngleForce,0,0,0,3,0,5,5,0,5,0
OpenMM::AmoebaReferenceKernelFactory,0,1,1,28,0,3,1,0,1,0
OpenMM::AmoebaReferenceMultipoleForce,95,0,0,8,2,82,82,23,82,0
OpenMM::AmoebaReferenceMultipoleForce::MultipoleParticleData,0,0,0,1,0,0,0,8,0,0
OpenMM::AmoebaReferenceMultipoleForce::TransformedMultipole,0,0,0,1,0,0,0,3,0,0
OpenMM::AmoebaReferenceOutOfPlaneBendForce,0,0,0,3,0,4,4,0,4,0
OpenMM::AmoebaReferencePiTorsionForce,0,0,0,3,0,4,4,0,4,0
OpenMM::AmoebaReferencePmeMultipoleForce,89,1,1,9,0,137,55,19,55,0
OpenMM::AmoebaReferenceStretchBendForce,0,0,0,3,0,4,4,0,4,0
OpenMM::AmoebaReferenceTorsionTorsionForce,0,0,0,3,0,8,8,0,8,0
OpenMM::AmoebaReferenceVdwForce,89,0,0,5,0,26,26,10,26,0
OpenMM::AmoebaReferenceWcaDispersionForce,46,0,0,3,0,4,4,8,4,0
OpenMM::AmoebaStretchBendForce,37,1,1,4,0,16,8,1,8,0
OpenMM::AmoebaStretchBendForce::StretchBendInfo,0,0,0,0,0,2,2,8,2,0
OpenMM::AmoebaStretchBendForceImpl,50,1,1,9,0,17,9,2,9,0
OpenMM::AmoebaStretchBendForceProxy,0,1,1,3,0,17,3,0,3,0
OpenMM::AmoebaTorsionTorsionForce,55,1,1,4,0,18,10,2,10,0
OpenMM::AmoebaTorsionTorsionForce::TorsionTorsionGridInfo,50,0,0,2,0,6,6,4,6,0
OpenMM::AmoebaTorsionTorsionForce::TorsionTorsionInfo,0,0,0,0,0,2,2,7,2,0
OpenMM::AmoebaTorsionTorsionForceImpl,61,1,1,11,0,17,8,2,9,0
OpenMM::AmoebaTorsionTorsionForceProxy,0,1,1,3,0,17,3,0,3,0
OpenMM::AmoebaVdwForce,83,1,1,5,0,28,20,8,20,0
OpenMM::AmoebaVdwForce::VdwInfo,19,0,0,0,0,2,2,5,2,0
OpenMM::AmoebaVdwForceImpl,55,1,1,12,0,18,9,2,10,0
OpenMM::AmoebaVdwForceProxy,0,1,1,3,0,17,3,0,3,0
OpenMM::AmoebaWcaDispersionForce,86,1,1,4,0,32,24,9,24,0
OpenMM::AmoebaWcaDispersionForce::WcaDispersionInfo,0,0,0,0,0,2,2,2,2,0
OpenMM::AmoebaWcaDispersionForceImpl,59,1,1,11,0,19,9,2,11,0
OpenMM::AmoebaWcaDispersionForceProxy,0,1,1,3,0,17,3,0,3,0
OpenMM::AndersenThermostat,75,1,1,3,0,19,9,3,11,0
OpenMM::AndersenThermostatImpl,66,1,1,8,0,17,7,2,9,0
OpenMM::AndersenThermostatProxy,0,1,1,4,0,17,3,0,3,0
OpenMM::ApplyAndersenThermostatKernel,0,1,1,5,3,9,3,0,4,0
OpenMM::ApplyConstraintsKernel,0,1,1,4,3,10,4,0,5,0
OpenMM::ApplyMonteCarloBarostatKernel,0,1,1,5,3,10,4,0,5,0
OpenMM::BrownianIntegrator,77,1,1,6,0,24,12,4,12,0
OpenMM::BrownianIntegratorProxy,0,1,1,4,0,17,3,0,3,0
OpenMM::CalcAmoebaAngleForceKernel,0,1,1,5,2,10,4,0,5,0
OpenMM::CalcAmoebaBondForceKernel,0,1,1,5,2,10,4,0,5,0
OpenMM::CalcAmoebaGeneralizedKirkwoodForceKernel,0,1,1,5,2,10,4,0,5,0
OpenMM::CalcAmoebaInPlaneAngleForceKernel,0,1,1,5,2,10,4,0,5,0
OpenMM::CalcAmoebaMultipoleForceKernel,0,1,1,6,2,13,7,0,8,0
OpenMM::CalcAmoebaOutOfPlaneBendForceKernel,0,1,1,5,2,10,4,0,5,0
OpenMM::CalcAmoebaPiTorsionForceKernel,0,1,1,5,2,10,4,0,5,0
OpenMM::CalcAmoebaStretchBendForceKernel,0,1,1,5,2,10,4,0,5,0
OpenMM::CalcAmoebaTorsionTorsionForceKernel,0,1,1,5,2,9,3,0,4,0
OpenMM::CalcAmoebaVdwForceKernel,0,1,1,5,2,10,4,0,5,0
OpenMM::CalcAmoebaWcaDispersionForceKernel,0,1,1,5,2,10,4,0,5,0
OpenMM::CalcCMAPTorsionForceKernel,0,1,1,5,5,10,4,0,5,0
OpenMM::CalcCustomAngleForceKernel,0,1,1,5,5,10,4,0,5,0
OpenMM::CalcCustomBondForceKernel,0,1,1,5,5,10,4,0,5,0
OpenMM::CalcCustomCompoundBondForceKernel,0,1,1,5,5,10,4,0,5,0
OpenMM::CalcCustomExternalForceKernel,0,1,1,5,5,10,4,0,5,0
OpenMM::CalcCustomGBForceKernel,0,1,1,5,4,10,4,0,5,0
OpenMM::CalcCustomHbondForceKernel,0,1,1,5,5,10,4,0,5,0
OpenMM::CalcCustomManyParticleForceKernel,0,1,1,5,4,10,4,0,5,0
OpenMM::CalcCustomNonbondedForceKernel,0,1,1,5,6,10,4,0,5,0
OpenMM::CalcCustomTorsionForceKernel,0,1,1,5,5,10,4,0,5,0
OpenMM::CalcDrudeForceKernel,0,1,1,5,3,10,4,0,5,0
OpenMM::CalcForcesAndEnergyKernel,0,1,1,4,6,10,4,0,5,0
OpenMM::CalcGBSAOBCForceKernel,0,1,1,5,4,10,4,0,5,0
OpenMM::CalcGBVIForceKernel,0,1,1,5,1,9,3,0,4,0
OpenMM::CalcHarmonicAngleForceKernel,0,1,1,5,5,10,4,0,5,0
OpenMM::CalcHarmonicBondForceKernel,0,1,1,5,5,10,4,0,5,0
OpenMM::CalcNonbondedForceKernel,0,1,1,5,6,10,4,0,5,0
OpenMM::CalcPeriodicTorsionForceKernel,0,1,1,5,6,10,4,0,5,0
OpenMM::CalcPmeReciprocalForceKernel,0,1,1,3,1,10,4,0,5,0
OpenMM::CalcPmeReciprocalForceKernel::IO,0,0,0,0,4,2,2,0,2,0
OpenMM::CalcRBTorsionForceKernel,0,1,1,5,6,10,4,0,5,0
OpenMM::CMAPTorsionForce,66,1,1,5,0,20,12,2,12,0
OpenMM::CMAPTorsionForce::CMAPTorsionInfo,0,0,0,0,0,2,2,9,2,0
OpenMM::CMAPTorsionForce::MapInfo,25,0,0,1,0,2,2,2,2,0
OpenMM::CMAPTorsionForceImpl,59,1,1,9,0,19,10,2,11,0
OpenMM::CMAPTorsionForceProxy,0,1,1,4,0,17,3,0,3,0
OpenMM::CMMotionRemover,40,1,1,2,0,13,5,1,5,0
OpenMM::CMMotionRemoverImpl,57,1,1,8,0,15,7,2,7,0
OpenMM::CMMotionRemoverProxy,0,1,1,4,0,17,3,0,3,0
OpenMM::CompiledExpressionSet,41,0,0,3,0,4,4,3,4,0
OpenMM::Context,56,0,0,12,0,33,33,2,33,0
OpenMM::ContextImpl,89,0,0,17,0,39,38,16,39,0
OpenMM::Continuous1DFunction,42,1,1,2,0,9,7,3,7,0
OpenMM::Continuous1DFunctionProxy,0,1,1,3,0,17,3,0,3,0
OpenMM::Continuous2DFunction,42,1,1,2,0,9,7,7,7,0
OpenMM::Continuous2DFunctionProxy,0,1,1,3,0,17,3,0,3,0
OpenMM::Continuous3DFunction,42,1,1,2,0,9,7,10,7,0
OpenMM::Continuous3DFunctionProxy,0,1,1,3,0,17,3,0,3,0
OpenMM::CpuBondForce,70,0,0,5,0,10,10,6,10,0
OpenMM::CpuBondForce::ComputeForceTask,0,1,1,3,0,3,2,7,2,0
OpenMM::CpuCalcCustomGBForceKernel,58,2,1,14,0,15,5,14,5,0
OpenMM::CpuCalcCustomManyParticleForceKernel,42,2,1,9,0,15,5,7,5,0
OpenMM::CpuCalcCustomNonbondedForceKernel,57,2,1,16,0,16,6,18,6,0
OpenMM::CpuCalcForcesAndEnergyKernel,12,2,1,13,0,14,4,2,4,0
OpenMM::CpuCalcForcesAndEnergyKernel::InitForceTask,12,1,1,8,0,3,2,4,2,0
OpenMM::CpuCalcForcesAndEnergyKernel::SumForceTask,0,1,1,4,0,3,2,3,2,0
OpenMM::CpuCalcGBSAOBCForceKernel,33,2,1,11,0,15,5,3,5,0
OpenMM::CpuCalcNonbondedForceKernel,54,2,1,17,0,16,6,23,6,0
OpenMM::CpuCalcNonbondedForceKernel::PmeIO,33,1,1,0,0,5,3,3,3,0
OpenMM::CpuCalcPeriodicTorsionForceKernel,31,2,1,9,0,15,5,5,5,0
OpenMM::CpuCalcPmeReciprocalForceKernel,72,2,1,6,0,20,9,31,10,0
OpenMM::CpuCalcPmeReciprocalForceKernel::ThreadData,0,0,0,1,0,1,1,3,1,0
OpenMM::CpuCalcRBTorsionForceKernel,31,2,1,9,0,15,5,5,5,0
OpenMM::CpuCustomGBForce,79,0,0,10,0,17,17,24,17,0
OpenMM::CpuCustomGBForce::ComputeForceTask,0,1,1,2,0,3,2,1,2,0
OpenMM::CpuCustomGBForce::ThreadData,50,0,0,2,0,2,2,24,2,0
OpenMM::CpuCustomManyParticleForce,79,0,0,15,0,14,12,27,14,0
OpenMM::CpuCustomManyParticleForce::AngleTermInfo,50,0,0,4,0,2,2,10,2,0
OpenMM::CpuCustomManyParticleForce::ComputeForceTask,0,1,1,2,0,3,2,1,2,0
OpenMM::CpuCustomManyParticleForce::DihedralTermInfo,50,0,0,4,0,2,2,10,2,0
OpenMM::CpuCustomManyParticleForce::DistanceTermInfo,50,0,0,4,0,2,2,7,2,0
OpenMM::CpuCustomManyParticleForce::ParticleTermInfo,50,0,0,4,0,2,2,5,2,0
OpenMM::CpuCustomManyParticleForce::ThreadData,66,0,0,11,0,3,3,16,3,0
OpenMM::CpuCustomNonbondedForce,81,0,0,12,0,13,13,25,13,0
OpenMM::CpuCustomNonbondedForce::ComputeForceTask,0,1,1,2,0,3,2,1,2,0
OpenMM::CpuCustomNonbondedForce::ThreadData,50,0,0,3,0,2,2,6,2,0
OpenMM::CpuGBSAOBCForce,81,0,0,9,0,12,12,19,12,0
OpenMM::CpuGBSAOBCForce::ComputeTask,0,1,1,2,0,3,2,1,2,0
OpenMM::CpuIntegrateLangevinStepKernel,60,2,1,14,0,15,5,6,5,0
OpenMM::CpuKernelFactory,0,1,1,25,0,3,1,0,1,0
OpenMM::CpuLangevinDynamics,61,2,1,4,0,25,8,9,8,0
OpenMM::CpuLangevinDynamics::Update1Task,0,1,1,2,0,3,2,1,2,0
OpenMM::CpuLangevinDynamics::Update2Task,0,1,1,2,0,3,2,1,2,0
OpenMM::CpuNeighborList,74,0,0,7,0,9,9,19,9,0
OpenMM::CpuNeighborList::ThreadTask,0,1,1,2,0,3,2,1,2,0
OpenMM::CpuNeighborList::Voxels,59,0,0,4,0,7,7,15,7,0
OpenMM::CpuNonbondedForce,85,0,0,9,1,18,18,34,18,0
OpenMM::CpuNonbondedForce::ComputeDirectTask,0,1,1,2,0,3,2,1,2,0
OpenMM::CpuNonbondedForceVec4,0,1,1,6,0,26,8,0,8,0
OpenMM::CpuPlatform,69,2,1,23,0,59,9,0,13,0
OpenMM::CpuPlatform::PlatformData,0,0,0,5,0,1,1,6,1,0
OpenMM::CpuPmeKernelFactory,0,1,1,7,0,3,1,0,1,0
OpenMM::CpuRandom,56,0,0,3,0,5,5,5,5,0
OpenMM::CpuSETTLE,41,1,1,4,0,9,6,2,6,0
OpenMM::CpuSETTLE::ApplyToPositionsTask,0,1,1,1,0,3,2,5,2,0
OpenMM::CpuSETTLE::ApplyToVelocitiesTask,0,1,1,1,0,3,2,5,2,0
OpenMM::CudaApplyAndersenThermostatKernel,37,2,1,11,0,13,4,4,4,0
OpenMM::CudaApplyConstraintsKernel,50,2,1,9,0,14,4,3,4,0
OpenMM::CudaApplyMonteCarloBarostatKernel,44,2,1,10,0,15,5,8,5,0
OpenMM::CudaArray,51,0,0,4,0,12,11,6,12,0
OpenMM::CudaBondedUtilities,76,0,0,6,0,12,12,15,12,0
OpenMM::CudaCalcAmoebaAngleForceKernel,44,2,1,15,0,15,5,4,5,0
OpenMM::CudaCalcAmoebaAngleForceKernel::ForceInfo,0,1,1,2,0,10,4,1,4,0
OpenMM::CudaCalcAmoebaBondForceKernel,44,2,1,15,0,15,5,4,5,0
OpenMM::CudaCalcAmoebaBondForceKernel::ForceInfo,0,1,1,2,0,10,4,1,4,0
OpenMM::CudaCalcAmoebaGeneralizedKirkwoodForceKernel,78,2,1,16,0,23,13,24,13,0
OpenMM::CudaCalcAmoebaGeneralizedKirkwoodForceKernel::ForceInfo,0,1,1,1,0,8,2,1,2,0
OpenMM::CudaCalcAmoebaInPlaneAngleForceKernel,44,2,1,14,0,15,5,4,5,0
OpenMM::CudaCalcAmoebaInPlaneAngleForceKernel::ForceInfo,0,1,1,2,0,10,4,1,4,0
OpenMM::CudaCalcAmoebaMultipoleForceKernel,81,2,1,26,0,29,16,78,16,0
OpenMM::CudaCalcAmoebaMultipoleForceKernel::ForceInfo,19,1,1,1,0,11,5,1,5,0
OpenMM::CudaCalcAmoebaMultipoleForceKernel::SortTrait,0,1,1,0,0,17,8,0,8,0
OpenMM::CudaCalcAmoebaOutOfPlaneBendForceKernel,44,2,1,14,0,15,5,4,5,0
OpenMM::CudaCalcAmoebaOutOfPlaneBendForceKernel::ForceInfo,0,1,1,2,0,10,4,1,4,0
OpenMM::CudaCalcAmoebaPiTorsionForceKernel,44,2,1,14,0,15,5,4,5,0
OpenMM::CudaCalcAmoebaPiTorsionForceKernel::ForceInfo,0,1,1,2,0,10,4,1,4,0
OpenMM::CudaCalcAmoebaStretchBendForceKernel,40,2,1,14,0,15,5,5,5,0
OpenMM::CudaCalcAmoebaStretchBendForceKernel::ForceInfo,0,1,1,2,0,10,4,1,4,0
OpenMM::CudaCalcAmoebaTorsionTorsionForceKernel,50,2,1,14,0,13,4,7,4,0
OpenMM::CudaCalcAmoebaTorsionTorsionForceKernel::ForceInfo,0,1,1,2,0,10,4,1,4,0
OpenMM::CudaCalcAmoebaVdwForceKernel,31,2,1,14,0,15,5,12,5,0
OpenMM::CudaCalcAmoebaVdwForceKernel::ForceInfo,0,1,1,1,0,8,2,1,2,0
OpenMM::CudaCalcAmoebaWcaDispersionForceKernel,40,2,1,14,0,15,5,5,5,0
OpenMM::CudaCalcAmoebaWcaDispersionForceKernel::ForceInfo,0,1,1,1,0,8,2,1,2,0
OpenMM::CudaCalcCMAPTorsionForceKernel,47,2,1,16,0,15,5,8,5,0
OpenMM::CudaCalcCustomAngleForceKernel,50,2,1,20,0,15,5,8,5,0
OpenMM::CudaCalcCustomBondForceKernel,50,2,1,20,0,15,5,8,5,0
OpenMM::CudaCalcCustomCompoundBondForceKernel,47,2,1,21,0,15,5,8,5,0
OpenMM::CudaCalcCustomExternalForceKernel,50,2,1,20,0,15,5,8,5,0
OpenMM::CudaCalcCustomGBForceKernel,53,2,1,26,0,15,5,33,5,0
OpenMM::CudaCalcCustomHbondForceKernel,40,2,1,19,0,15,5,19,5,0
OpenMM::CudaCalcCustomManyParticleForceKernel,45,2,1,17,0,15,5,35,5,0
OpenMM::CudaCalcCustomNonbondedForceKernel,56,2,1,26,0,17,7,15,7,0
OpenMM::CudaCalcCustomTorsionForceKernel,52,2,1,20,0,15,5,8,5,0
OpenMM::CudaCalcDrudeForceKernel,19,2,1,14,0,15,5,3,5,0
OpenMM::CudaCalcForcesAndEnergyKernel,25,2,1,12,0,14,4,1,4,0
OpenMM::CudaCalcGBSAOBCForceKernel,52,2,1,16,0,15,5,16,5,0
OpenMM::CudaCalcHarmonicAngleForceKernel,52,2,1,15,0,15,5,5,5,0
OpenMM::CudaCalcHarmonicBondForceKernel,52,2,1,15,0,15,5,5,5,0
OpenMM::CudaCalcNonbondedForceKernel,44,2,1,25,0,15,5,39,5,0
OpenMM::CudaCalcNonbondedForceKernel::PmeIO,43,1,1,2,0,6,4,4,4,0
OpenMM::CudaCalcNonbondedForceKernel::PmePostComputation,0,1,1,2,0,4,2,2,2,0
OpenMM::CudaCalcNonbondedForceKernel::PmePreComputation,33,1,1,4,0,4,2,3,2,0
OpenMM::CudaCalcNonbondedForceKernel::SortTrait,0,1,1,0,0,17,8,0,8,0
OpenMM::CudaCalcNonbondedForceKernel::SyncStreamPostComputation,0,1,1,2,0,4,2,5,2,0
OpenMM::CudaCalcNonbondedForceKernel::SyncStreamPreComputation,0,1,1,1,0,4,2,4,2,0
OpenMM::CudaCalcPeriodicTorsionForceKernel,52,2,1,15,0,15,5,5,5,0
OpenMM::CudaCalcRBTorsionForceKernel,46,2,1,15,0,15,5,6,5,0
OpenMM::CudaCompilerKernel,0,1,1,3,1,8,2,0,3,0
OpenMM::CudaCompilerKernelFactory,0,1,1,7,0,3,1,0,1,0
OpenMM::CudaContext,96,0,0,25,0,85,84,68,85,0
OpenMM::CudaContext::ForcePostComputation,0,0,0,0,2,2,2,0,2,0
OpenMM::CudaContext::ForcePreComputation,0,0,0,0,2,2,2,0,2,0
OpenMM::CudaContext::ReorderListener,0,0,0,0,1,2,2,0,2,0
OpenMM::CudaContext::VirtualSiteInfo,41,1,1,6,0,10,4,3,4,0
OpenMM::CudaContext::WorkTask,0,0,0,0,15,2,2,0,2,0
OpenMM::CudaContext::WorkThread,50,0,0,2,0,6,6,7,6,0
OpenMM::CudaDrudeKernelFactory,0,1,1,13,0,3,1,0,1,0
OpenMM::CudaExpressionUtilities,88,0,0,22,0,17,17,4,17,0
OpenMM::CudaExpressionUtilities::FunctionPlaceholder,40,1,1,0,0,10,5,1,5,0
OpenMM::CudaFFT3D,48,0,0,4,0,4,3,18,4,0
OpenMM::CudaForceInfo,0,0,0,1,29,6,6,0,6,0
OpenMM::CudaIntegrateBrownianStepKernel,70,2,1,12,0,15,5,6,5,0
OpenMM::CudaIntegrateCustomStepKernel,83,2,1,21,0,33,19,39,19,0
OpenMM::CudaIntegrateCustomStepKernel::ReorderListener,0,1,1,2,0,4,2,6,2,0
OpenMM::CudaIntegrateDrudeLangevinStepKernel,40,2,1,13,0,15,5,6,5,0
OpenMM::CudaIntegrateDrudeSCFStepKernel,52,2,1,15,0,16,6,7,6,0
OpenMM::CudaIntegrateLangevinStepKernel,51,2,1,12,0,15,5,7,5,0
OpenMM::CudaIntegrateRPMDStepKernel,75,2,1,17,0,26,13,19,13,0
OpenMM::CudaIntegrateVariableLangevinStepKernel,64,2,1,12,0,15,5,9,5,0
OpenMM::CudaIntegrateVariableVerletStepKernel,52,2,1,12,0,15,5,5,5,0
OpenMM::CudaIntegrateVerletStepKernel,50,2,1,12,0,15,5,4,5,0
OpenMM::CudaIntegrationUtilities,85,0,0,16,0,17,17,46,17,0
OpenMM::CudaKernelFactory,0,1,1,80,0,3,1,0,1,0
OpenMM::CudaNonbondedUtilities,89,0,0,10,0,35,35,45,35,0
OpenMM::CudaNonbondedUtilities::BlockSortTrait,66,1,1,0,0,18,9,1,9,0
OpenMM::CudaNonbondedUtilities::ParameterInfo,71,0,0,1,0,7,7,6,7,0
OpenMM::CudaParallelCalcCMAPTorsionForceKernel,40,2,1,11,0,15,5,2,5,0
OpenMM::CudaParallelCalcCMAPTorsionForceKernel::Task,0,1,1,2,0,4,2,5,2,0
OpenMM::CudaParallelCalcCustomAngleForceKernel,40,2,1,11,0,15,5,2,5,0
OpenMM::CudaParallelCalcCustomAngleForceKernel::Task,0,1,1,2,0,4,2,5,2,0
OpenMM::CudaParallelCalcCustomBondForceKernel,40,2,1,11,0,15,5,2,5,0
OpenMM::CudaParallelCalcCustomBondForceKernel::Task,0,1,1,2,0,4,2,5,2,0
OpenMM::CudaParallelCalcCustomCompoundBondForceKernel,40,2,1,11,0,15,5,2,5,0
OpenMM::CudaParallelCalcCustomCompoundBondForceKernel::Task,0,1,1,2,0,4,2,5,2,0
OpenMM::CudaParallelCalcCustomExternalForceKernel,40,2,1,11,0,15,5,2,5,0
OpenMM::CudaParallelCalcCustomExternalForceKernel::Task,0,1,1,2,0,4,2,5,2,0
OpenMM::CudaParallelCalcCustomHbondForceKernel,40,2,1,11,0,15,5,2,5,0
OpenMM::CudaParallelCalcCustomHbondForceKernel::Task,0,1,1,2,0,4,2,5,2,0
OpenMM::CudaParallelCalcCustomNonbondedForceKernel,40,2,1,11,0,15,5,2,5,0
OpenMM::CudaParallelCalcCustomNonbondedForceKernel::Task,0,1,1,2,0,4,2,5,2,0
OpenMM::CudaParallelCalcCustomTorsionForceKernel,40,2,1,11,0,15,5,2,5,0
OpenMM::CudaParallelCalcCustomTorsionForceKernel::Task,0,1,1,2,0,4,2,5,2,0
OpenMM::CudaParallelCalcForcesAndEnergyKernel,53,2,1,14,0,17,7,11,7,0
OpenMM::CudaParallelCalcForcesAndEnergyKernel::BeginComputationTask,0,1,1,6,0,4,2,9,2,0
OpenMM::CudaParallelCalcForcesAndEnergyKernel::FinishComputationTask,0,1,1,8,0,4,2,12,2,0
OpenMM::CudaParallelCalcHarmonicAngleForceKernel,40,2,1,11,0,15,5,2,5,0
OpenMM::CudaParallelCalcHarmonicAngleForceKernel::Task,0,1,1,2,0,4,2,5,2,0
OpenMM::CudaParallelCalcHarmonicBondForceKernel,40,2,1,11,0,15,5,2,5,0
OpenMM::CudaParallelCalcHarmonicBondForceKernel::Task,0,1,1,2,0,4,2,5,2,0
OpenMM::CudaParallelCalcNonbondedForceKernel,40,2,1,11,0,15,5,2,5,0
OpenMM::CudaParallelCalcNonbondedForceKernel::Task,0,1,1,2,0,4,2,7,2,0
OpenMM::CudaParallelCalcPeriodicTorsionForceKernel,40,2,1,11,0,15,5,2,5,0
OpenMM::CudaParallelCalcPeriodicTorsionForceKernel::Task,0,1,1,2,0,4,2,5,2,0
OpenMM::CudaParallelCalcRBTorsionForceKernel,40,2,1,11,0,15,5,2,5,0
OpenMM::CudaParallelCalcRBTorsionForceKernel::Task,0,1,1,2,0,4,2,5,2,0
OpenMM::CudaParameterSet,60,0,0,4,0,11,11,6,11,0
OpenMM::CudaPlatform,0,1,1,39,0,58,11,0,19,0
OpenMM::CudaPlatform::PlatformData,76,0,0,8,0,5,5,11,5,0
OpenMM::CudaRemoveCMMotionKernel,40,2,1,9,0,13,4,5,4,0
OpenMM::CudaRpmdKernelFactory,0,1,1,9,0,3,1,0,1,0
OpenMM::CudaRuntimeCompilerKernel,0,2,1,4,0,11,3,0,3,0
OpenMM::CudaSort,29,0,0,4,0,3,3,18,3,0
OpenMM::CudaSort::SortTrait,0,0,0,0,4,9,9,0,9,0
OpenMM::CudaUpdateStateDataKernel,40,2,1,12,0,39,20,1,20,0
OpenMM::CudaVirtualSitesKernel,33,2,1,6,0,12,3,1,3,0
OpenMM::CustomAngleForce,78,1,1,4,0,28,20,4,20,0
OpenMM::CustomAngleForce::AngleInfo,12,0,0,1,0,2,2,4,2,0
OpenMM::CustomAngleForce::AngleParameterInfo,50,0,0,1,0,2,2,1,2,0
OpenMM::CustomAngleForce::GlobalParameterInfo,50,0,0,1,0,2,2,2,2,0
OpenMM::CustomAngleForceImpl,44,1,1,10,0,17,9,2,9,0
OpenMM::CustomAngleForceProxy,0,1,1,4,0,17,3,0,3,0
OpenMM::CustomBondForce,78,1,1,4,0,28,20,4,20,0
OpenMM::CustomBondForce::BondInfo,16,0,0,1,0,2,2,3,2,0
OpenMM::CustomBondForce::BondParameterInfo,50,0,0,1,0,2,2,1,2,0
OpenMM::CustomBondForce::GlobalParameterInfo,50,0,0,1,0,2,2,2,2,0
OpenMM::CustomBondForceImpl,44,1,1,10,0,18,10,2,10,0
OpenMM::CustomBondForceProxy,0,1,1,4,0,17,3,0,3,0
OpenMM::CustomCompoundBondForce,83,1,1,7,0,39,31,6,31,0
OpenMM::CustomCompoundBondForce::BondInfo,50,0,0,1,0,2,2,2,2,0
OpenMM::CustomCompoundBondForce::BondParameterInfo,50,0,0,1,0,2,2,1,2,0
OpenMM::CustomCompoundBondForce::FunctionInfo,50,0,0,2,0,2,2,2,2,0
OpenMM::CustomCompoundBondForce::GlobalParameterInfo,50,0,0,1,0,2,2,2,2,0
OpenMM::CustomCompoundBondForceImpl,54,1,1,17,0,19,9,2,11,0
OpenMM::CustomCompoundBondForceImpl::FunctionPlaceholder,40,1,1,0,0,10,5,1,5,0
OpenMM::CustomCompoundBondForceProxy,0,1,1,5,0,17,3,0,3,0
OpenMM::CustomExternalForce,78,1,1,4,0,28,20,4,20,0
OpenMM::CustomExternalForce::GlobalParameterInfo,50,0,0,1,0,2,2,2,2,0
OpenMM::CustomExternalForce::ParticleInfo,25,0,0,1,0,2,2,2,2,0
OpenMM::CustomExternalForce::ParticleParameterInfo,50,0,0,1,0,2,2,1,2,0
OpenMM::CustomExternalForceImpl,44,1,1,10,0,17,9,2,9,0
OpenMM::CustomExternalForceProxy,0,1,1,4,0,17,3,0,3,0
OpenMM::CustomGBForce,89,1,1,7,0,52,44,9,44,0
OpenMM::CustomGBForce::ComputationInfo,50,0,0,2,0,2,2,3,2,0
OpenMM::CustomGBForce::ExclusionInfo,0,0,0,0,0,2,2,2,2,0
OpenMM::CustomGBForce::FunctionInfo,50,0,0,2,0,2,2,2,2,0
OpenMM::CustomGBForce::GlobalParameterInfo,50,0,0,1,0,2,2,2,2,0
OpenMM::CustomGBForce::ParticleInfo,50,0,0,1,0,2,2,1,2,0
OpenMM::CustomGBForce::PerParticleParameterInfo,50,0,0,1,0,2,2,1,2,0
OpenMM::CustomGBForceImpl,44,1,1,11,0,17,9,2,9,0
OpenMM::CustomGBForceProxy,0,1,1,5,0,17,3,0,3,0
OpenMM::CustomHbondForce,90,1,1,7,0,54,46,10,46,0
OpenMM::CustomHbondForce::ExclusionInfo,0,0,0,0,0,2,2,2,2,0
OpenMM::CustomHbondForce::FunctionInfo,50,0,0,2,0,2,2,2,2,0
OpenMM::CustomHbondForce::GlobalParameterInfo,50,0,0,1,0,2,2,2,2,0
OpenMM::CustomHbondForce::GroupInfo,12,0,0,1,0,2,2,4,2,0
OpenMM::CustomHbondForce::PerPairParameterInfo,50,0,0,1,0,2,2,1,2,0
OpenMM::CustomHbondForceImpl,54,1,1,18,0,19,9,2,11,0
OpenMM::CustomHbondForceImpl::FunctionPlaceholder,40,1,1,0,0,10,5,1,5,0
OpenMM::CustomHbondForceProxy,0,1,1,5,0,17,3,0,3,0
OpenMM::CustomIntegrator,89,1,1,10,0,58,46,10,46,0
OpenMM::CustomIntegrator::ComputationInfo,50,0,0,2,0,2,2,3,2,0
OpenMM::CustomIntegratorProxy,0,1,1,7,0,17,3,0,3,0
OpenMM::CustomManyParticleForce,92,1,1,6,0,61,53,11,53,0
OpenMM::CustomManyParticleForce::ExclusionInfo,0,0,0,0,0,2,2,2,2,0
OpenMM::CustomManyParticleForce::FunctionInfo,50,0,0,2,0,2,2,2,2,0
OpenMM::CustomManyParticleForce::GlobalParameterInfo,50,0,0,1,0,2,2,2,2,0
OpenMM::CustomManyParticleForce::ParticleInfo,50,0,0,1,0,2,2,2,2,0
OpenMM::CustomManyParticleForce::ParticleParameterInfo,50,0,0,1,0,2,2,1,2,0
OpenMM::CustomManyParticleForceImpl,61,1,1,19,0,21,9,2,13,0
OpenMM::CustomManyParticleForceImpl::FunctionPlaceholder,40,1,1,0,0,10,5,1,5,0
OpenMM::CustomManyParticleForceProxy,0,1,1,5,0,17,3,0,3,0
OpenMM::CustomNonbondedForce,89,1,1,9,0,58,50,12,50,0
OpenMM::CustomNonbondedForce::ExclusionInfo,0,0,0,0,0,2,2,2,2,0
OpenMM::CustomNonbondedForce::FunctionInfo,50,0,0,2,0,2,2,2,2,0
OpenMM::CustomNonbondedForce::GlobalParameterInfo,50,0,0,1,0,2,2,2,2,0
OpenMM::CustomNonbondedForce::InteractionGroupInfo,50,0,0,1,0,2,2,2,2,0
OpenMM::CustomNonbondedForce::ParticleInfo,50,0,0,1,0,2,2,1,2,0
OpenMM::CustomNonbondedForce::PerParticleParameterInfo,50,0,0,1,0,2,2,1,2,0
OpenMM::CustomNonbondedForceImpl,58,1,1,16,0,20,10,2,12,0
OpenMM::CustomNonbondedForceProxy,0,1,1,5,0,17,3,0,3,0
OpenMM::CustomTorsionForce,78,1,1,5,0,28,20,4,20,0
OpenMM::CustomTorsionForce::GlobalParameterInfo,50,0,0,1,0,2,2,2,2,0
OpenMM::CustomTorsionForce::TorsionInfo,9,0,0,1,0,2,2,5,2,0
OpenMM::CustomTorsionForce::TorsionParameterInfo,50,0,0,1,0,2,2,1,2,0
OpenMM::CustomTorsionForceImpl,44,1,1,11,0,17,9,2,9,0
OpenMM::CustomTorsionForceProxy,0,1,1,4,0,17,3,0,3,0
OpenMM::Discrete1DFunction,42,1,1,1,0,9,7,1,7,0
OpenMM::Discrete1DFunctionProxy,0,1,1,3,0,17,3,0,3,0
OpenMM::Discrete2DFunction,42,1,1,2,0,9,7,3,7,0
OpenMM::Discrete2DFunctionProxy,0,1,1,3,0,17,3,0,3,0
OpenMM::Discrete3DFunction,42,1,1,2,0,9,7,4,7,0
OpenMM::Discrete3DFunctionProxy,0,1,1,3,0,17,3,0,3,0
OpenMM::DrudeForce,66,1,1,4,0,20,12,2,12,0
OpenMM::DrudeForce::ParticleInfo,0,0,0,0,0,2,2,9,2,0
OpenMM::DrudeForce::ScreenedPairInfo,0,0,0,0,0,2,2,3,2,0
OpenMM::DrudeForceImpl,50,1,1,10,0,18,10,2,10,0
OpenMM::DrudeForceProxy,0,1,1,3,0,17,3,0,3,0
OpenMM::DrudeLangevinIntegrator,85,1,1,9,0,29,17,6,17,0
OpenMM::DrudeLangevinIntegratorProxy,0,1,1,4,0,17,3,0,3,0
OpenMM::DrudeSCFIntegrator,61,1,1,9,0,21,9,2,9,0
OpenMM::Force,62,0,0,4,35,8,8,1,8,0
OpenMM::ForceImpl,0,0,0,4,35,8,8,0,8,0
OpenMM::ForceValidationResult,89,0,0,8,0,20,20,8,20,0
OpenMM::GBSAOBCForce,81,1,1,4,0,26,18,6,18,0
OpenMM::GBSAOBCForce::ParticleInfo,0,0,0,0,0,2,2,3,2,0
OpenMM::GBSAOBCForceImpl,43,1,1,12,0,16,8,2,8,0
OpenMM::GBSAOBCForceProxy,0,1,1,4,0,17,3,0,3,0
OpenMM::GBVIForce,86,1,1,3,0,33,25,9,25,0
OpenMM::GBVIForce::BondInfo,0,0,0,0,0,2,2,3,2,0
OpenMM::GBVIForce::ParticleInfo,0,0,0,0,0,2,2,3,2,0
OpenMM::GBVIForceImpl,55,1,1,12,0,17,9,2,9,0
OpenMM::GBVIForceProxy,0,1,1,4,0,17,3,0,3,0
OpenMM::GBVIParameters,89,0,0,4,0,27,27,14,27,0
OpenMM::HarmonicAngleForce,50,1,1,4,0,16,8,1,8,0
OpenMM::HarmonicAngleForce::AngleInfo,0,0,0,0,0,2,2,5,2,0
OpenMM::HarmonicAngleForceImpl,50,1,1,9,0,17,9,2,9,0
OpenMM::HarmonicAngleForceProxy,0,1,1,4,0,17,3,0,3,0
OpenMM::HarmonicBondForce,50,1,1,4,0,16,8,1,8,0
OpenMM::HarmonicBondForce::BondInfo,0,0,0,0,0,2,2,4,2,0
OpenMM::HarmonicBondForceImpl,50,1,1,9,0,18,10,2,10,0
OpenMM::HarmonicBondForceProxy,0,1,1,4,0,17,3,0,3,0
OpenMM::int2,25,0,0,0,0,8,8,1,8,0
OpenMM::IntegrateBrownianStepKernel,0,1,1,5,3,10,4,0,5,0
OpenMM::IntegrateCustomStepKernel,0,1,1,5,3,14,8,0,9,0
OpenMM::IntegrateDrudeLangevinStepKernel,0,1,1,6,3,10,4,0,5,0
OpenMM::IntegrateDrudeSCFStepKernel,0,1,1,6,3,10,4,0,5,0
OpenMM::IntegrateLangevinStepKernel,0,1,1,5,4,10,4,0,5,0
OpenMM::IntegrateRPMDStepKernel,0,1,1,5,3,13,7,0,8,0
OpenMM::IntegrateVariableLangevinStepKernel,0,1,1,5,3,10,4,0,5,0
OpenMM::IntegrateVariableVerletStepKernel,0,1,1,5,3,10,4,0,5,0
OpenMM::IntegrateVerletStepKernel,0,1,1,5,3,10,4,0,5,0
OpenMM::Integrator,85,0,0,4,9,12,12,4,12,0
OpenMM::IntVec,25,0,0,0,0,8,8,1,8,0
OpenMM::Kernel,75,0,0,2,0,41,41,1,41,0
OpenMM::KernelFactory,0,0,0,4,14,2,2,0,2,0
OpenMM::KernelImpl,60,0,0,2,47,5,5,3,5,0
OpenMM::LangevinIntegrator,77,1,1,6,0,24,12,4,12,0
OpenMM::LangevinIntegratorProxy,0,1,1,4,0,17,3,0,3,0
OpenMM::LocalCoordinatesSite,60,1,1,2,0,11,5,4,5,0
OpenMM::LocalEnergyMinimizer,0,0,0,9,0,1,0,0,1,0
OpenMM::MonteCarloAnisotropicBarostat,85,1,1,4,0,25,14,7,17,0
OpenMM::MonteCarloAnisotropicBarostatImpl,65,1,1,12,0,15,7,7,7,0
OpenMM::MonteCarloAnisotropicBarostatProxy,0,1,1,5,0,17,3,0,3,0
OpenMM::MonteCarloBarostat,77,1,1,3,0,20,11,4,12,0
OpenMM::MonteCarloBarostatImpl,65,1,1,12,0,15,7,7,7,0
OpenMM::MonteCarloBarostatProxy,0,1,1,4,0,17,3,0,3,0
OpenMM::MonteCarloMembraneBarostat,84,1,1,3,0,27,17,7,19,0
OpenMM::MonteCarloMembraneBarostatImpl,65,1,1,12,0,15,7,7,7,0
OpenMM::MonteCarloMembraneBarostatProxy,0,1,1,4,0,17,3,0,3,0
OpenMM::NonbondedForce,90,1,1,7,0,40,32,15,32,0
OpenMM::NonbondedForce::ExceptionInfo,0,0,0,0,0,2,2,5,2,0
OpenMM::NonbondedForce::ParticleInfo,0,0,0,0,0,2,2,3,2,0
OpenMM::NonbondedForceImpl,67,1,1,11,0,22,9,2,14,0
OpenMM::NonbondedForceImpl::ErrorFunction,0,0,0,0,1,1,1,0,1,0
OpenMM::NonbondedForceImpl::EwaldErrorFunction,0,1,1,0,0,3,2,3,2,0
OpenMM::NonbondedForceProxy,0,1,1,4,0,17,3,0,3,0
OpenMM::ObcParameters,90,0,0,4,0,29,29,17,29,0
OpenMM::OpenCLApplyAndersenThermostatKernel,35,2,1,13,0,13,4,5,4,0
OpenMM::OpenCLApplyConstraintsKernel,41,2,1,11,0,14,4,3,4,0
OpenMM::OpenCLApplyMonteCarloBarostatKernel,44,2,1,15,0,15,5,8,5,0
OpenMM::OpenCLArray,53,0,0,7,0,14,12,6,14,0
OpenMM::OpenCLBondedUtilities,74,0,0,11,0,13,13,15,13,0
OpenMM::OpenCLCalcCMAPTorsionForceKernel,47,2,1,18,0,15,5,8,5,0
OpenMM::OpenCLCalcCustomAngleForceKernel,52,2,1,20,0,15,5,8,5,0
OpenMM::OpenCLCalcCustomBondForceKernel,52,2,1,20,0,15,5,8,5,0
OpenMM::OpenCLCalcCustomCompoundBondForceKernel,50,2,1,21,0,15,5,8,5,0
OpenMM::OpenCLCalcCustomExternalForceKernel,52,2,1,20,0,15,5,8,5,0
OpenMM::OpenCLCalcCustomGBForceKernel,45,2,1,29,0,15,5,29,5,0
OpenMM::OpenCLCalcCustomHbondForceKernel,32,2,1,23,0,15,5,19,5,0
OpenMM::OpenCLCalcCustomManyParticleForceKernel,35,2,1,21,0,15,5,29,5,0
OpenMM::OpenCLCalcCustomNonbondedForceKernel,57,2,1,30,0,17,7,15,7,0
OpenMM::OpenCLCalcCustomTorsionForceKernel,52,2,1,20,0,15,5,8,5,0
OpenMM::OpenCLCalcDrudeForceKernel,26,2,1,16,0,15,5,3,5,0
OpenMM::OpenCLCalcForcesAndEnergyKernel,25,2,1,12,0,14,4,1,4,0
OpenMM::OpenCLCalcGBSAOBCForceKernel,40,2,1,23,0,15,5,16,5,0
OpenMM::OpenCLCalcHarmonicAngleForceKernel,56,2,1,16,0,15,5,5,5,0
OpenMM::OpenCLCalcHarmonicBondForceKernel,56,2,1,16,0,15,5,5,5,0
OpenMM::OpenCLCalcNonbondedForceKernel,41,2,1,34,0,15,5,40,5,0
OpenMM::OpenCLCalcNonbondedForceKernel::PmeIO,43,1,1,3,0,6,4,4,4,0
OpenMM::OpenCLCalcNonbondedForceKernel::PmePostComputation,0,1,1,2,0,4,2,2,2,0
OpenMM::OpenCLCalcNonbondedForceKernel::PmePreComputation,33,1,1,5,0,4,2,3,2,0
OpenMM::OpenCLCalcNonbondedForceKernel::SortTrait,0,1,1,0,0,17,8,0,8,0
OpenMM::OpenCLCalcNonbondedForceKernel::SyncQueuePostComputation,13,1,1,5,0,5,3,5,3,0
OpenMM::OpenCLCalcNonbondedForceKernel::SyncQueuePreComputation,0,1,1,2,0,4,2,4,2,0
OpenMM::OpenCLCalcPeriodicTorsionForceKernel,56,2,1,16,0,15,5,5,5,0
OpenMM::OpenCLCalcRBTorsionForceKernel,56,2,1,16,0,15,5,5,5,0
OpenMM::OpenCLCompact,25,0,0,5,0,3,3,4,3,0
OpenMM::OpenCLContext,96,0,0,33,0,90,90,70,90,0
OpenMM::OpenCLContext::ForcePostComputation,0,0,0,0,2,2,2,0,2,0
OpenMM::OpenCLContext::ForcePreComputation,0,0,0,0,2,2,2,0,2,0
OpenMM::OpenCLContext::ReorderListener,0,0,0,0,1,2,2,0,2,0
OpenMM::OpenCLContext::VirtualSiteInfo,41,1,1,6,0,11,4,3,4,0
OpenMM::OpenCLContext::WorkTask,0,0,0,0,15,2,2,0,2,0
OpenMM::OpenCLContext::WorkThread,50,0,0,2,0,6,6,7,6,0
OpenMM::OpenCLDrudeKernelFactory,0,1,1,13,0,3,1,0,1,0
OpenMM::OpenCLExpressionUtilities,88,0,0,22,0,17,17,4,17,0
OpenMM::OpenCLExpressionUtilities::FunctionPlaceholder,40,1,1,0,0,10,5,1,5,0
OpenMM::OpenCLFFT3D,48,0,0,9,0,4,3,18,4,0
OpenMM::OpenCLForceInfo,71,0,0,1,18,7,7,1,7,0
OpenMM::OpenCLIntegrateBrownianStepKernel,45,2,1,15,0,15,5,7,5,0
OpenMM::OpenCLIntegrateCustomStepKernel,82,2,1,26,0,33,19,37,19,0
OpenMM::OpenCLIntegrateCustomStepKernel::ReorderListener,0,1,1,2,0,4,2,6,2,0
OpenMM::OpenCLIntegrateDrudeLangevinStepKernel,37,2,1,17,0,15,5,7,5,0
OpenMM::OpenCLIntegrateDrudeSCFStepKernel,50,2,1,22,0,16,6,8,6,0
OpenMM::OpenCLIntegrateLangevinStepKernel,50,2,1,17,0,15,5,8,5,0
OpenMM::OpenCLIntegrateRPMDStepKernel,67,2,1,23,0,27,14,20,14,0
OpenMM::OpenCLIntegrateVariableLangevinStepKernel,58,2,1,17,0,15,5,10,5,0
OpenMM::OpenCLIntegrateVariableVerletStepKernel,43,2,1,16,0,15,5,6,5,0
OpenMM::OpenCLIntegrateVerletStepKernel,43,2,1,16,0,15,5,5,5,0
OpenMM::OpenCLIntegrationUtilities,83,0,0,26,0,17,17,50,17,0
OpenMM::OpenCLKernelFactory,0,1,1,80,0,3,1,0,1,0
OpenMM::OpenCLNonbondedUtilities,89,0,0,18,0,36,36,41,36,0
OpenMM::OpenCLNonbondedUtilities::BlockSortTrait,66,1,1,2,0,18,9,1,9,0
OpenMM::OpenCLNonbondedUtilities::ParameterInfo,71,0,0,2,0,7,7,6,7,0
OpenMM::OpenCLParallelCalcCMAPTorsionForceKernel,40,2,1,11,0,15,5,2,5,0
OpenMM::OpenCLParallelCalcCMAPTorsionForceKernel::Task,0,1,1,2,0,4,2,5,2,0
OpenMM::OpenCLParallelCalcCustomAngleForceKernel,40,2,1,11,0,15,5,2,5,0
OpenMM::OpenCLParallelCalcCustomAngleForceKernel::Task,0,1,1,2,0,4,2,5,2,0
OpenMM::OpenCLParallelCalcCustomBondForceKernel,40,2,1,11,0,15,5,2,5,0
OpenMM::OpenCLParallelCalcCustomBondForceKernel::Task,0,1,1,2,0,4,2,5,2,0
OpenMM::OpenCLParallelCalcCustomCompoundBondForceKernel,40,2,1,11,0,15,5,2,5,0
OpenMM::OpenCLParallelCalcCustomCompoundBondForceKernel::Task,0,1,1,2,0,4,2,5,2,0
OpenMM::OpenCLParallelCalcCustomExternalForceKernel,40,2,1,11,0,15,5,2,5,0
OpenMM::OpenCLParallelCalcCustomExternalForceKernel::Task,0,1,1,2,0,4,2,5,2,0
OpenMM::OpenCLParallelCalcCustomHbondForceKernel,40,2,1,11,0,15,5,2,5,0
OpenMM::OpenCLParallelCalcCustomHbondForceKernel::Task,0,1,1,2,0,4,2,5,2,0
OpenMM::OpenCLParallelCalcCustomNonbondedForceKernel,40,2,1,11,0,15,5,2,5,0
OpenMM::OpenCLParallelCalcCustomNonbondedForceKernel::Task,0,1,1,2,0,4,2,5,2,0
OpenMM::OpenCLParallelCalcCustomTorsionForceKernel,40,2,1,11,0,15,5,2,5,0
OpenMM::OpenCLParallelCalcCustomTorsionForceKernel::Task,0,1,1,2,0,4,2,5,2,0
OpenMM::OpenCLParallelCalcForcesAndEnergyKernel,58,2,1,16,0,17,7,10,7,0
OpenMM::OpenCLParallelCalcForcesAndEnergyKernel::BeginComputationTask,0,1,1,6,0,4,2,8,2,0
OpenMM::OpenCLParallelCalcForcesAndEnergyKernel::FinishComputationTask,0,1,1,8,0,4,2,11,2,0
OpenMM::OpenCLParallelCalcHarmonicAngleForceKernel,40,2,1,11,0,15,5,2,5,0
OpenMM::OpenCLParallelCalcHarmonicAngleForceKernel::Task,0,1,1,2,0,4,2,5,2,0
OpenMM::OpenCLParallelCalcHarmonicBondForceKernel,40,2,1,11,0,15,5,2,5,0
OpenMM::OpenCLParallelCalcHarmonicBondForceKernel::Task,0,1,1,2,0,4,2,5,2,0
OpenMM::OpenCLParallelCalcNonbondedForceKernel,40,2,1,11,0,15,5,2,5,0
OpenMM::OpenCLParallelCalcNonbondedForceKernel::Task,0,1,1,2,0,4,2,7,2,0
OpenMM::OpenCLParallelCalcPeriodicTorsionForceKernel,40,2,1,11,0,15,5,2,5,0
OpenMM::OpenCLParallelCalcPeriodicTorsionForceKernel::Task,0,1,1,2,0,4,2,5,2,0
OpenMM::OpenCLParallelCalcRBTorsionForceKernel,40,2,1,11,0,15,5,2,5,0
OpenMM::OpenCLParallelCalcRBTorsionForceKernel::Task,0,1,1,2,0,4,2,5,2,0
OpenMM::OpenCLParameterSet,63,0,0,7,0,12,12,6,12,0
OpenMM::OpenCLPlatform,0,1,1,39,0,57,11,0,18,0
OpenMM::OpenCLPlatform::PlatformData,78,0,0,8,0,5,5,10,5,0
OpenMM::OpenCLRemoveCMMotionKernel,35,2,1,12,0,13,4,5,4,0
OpenMM::OpenCLRpmdKernelFactory,0,1,1,9,0,3,1,0,1,0
OpenMM::OpenCLSort,22,0,0,7,0,3,3,18,3,0
OpenMM::OpenCLSort::SortTrait,0,0,0,0,3,9,9,0,9,0
OpenMM::OpenCLUpdateStateDataKernel,40,2,1,15,0,39,20,1,20,0
OpenMM::OpenCLVirtualSitesKernel,33,2,1,6,0,12,3,1,3,0
OpenMM::OpenMMException,33,1,1,1,0,4,3,1,3,0
OpenMM::OutOfPlaneSite,50,1,1,0,0,10,4,3,4,0
OpenMM::PeriodicTorsionForce,50,1,1,4,0,16,8,1,8,0
OpenMM::PeriodicTorsionForce::PeriodicTorsionInfo,0,0,0,0,0,2,2,7,2,0
OpenMM::PeriodicTorsionForceImpl,50,1,1,9,0,17,9,2,9,0
OpenMM::PeriodicTorsionForceProxy,0,1,1,4,0,17,3,0,3,0
OpenMM::Platform,93,0,0,7,3,39,28,3,39,0
OpenMM::RBTorsionForce,50,1,1,4,0,16,8,1,8,0
OpenMM::RBTorsionForce::RBTorsionInfo,0,0,0,0,0,2,2,5,2,0
OpenMM::RBTorsionForceImpl,50,1,1,9,0,17,9,2,9,0
OpenMM::RBTorsionForceProxy,0,1,1,4,0,17,3,0,3,0
OpenMM::RealOpenMM4,25,0,0,0,0,8,8,1,8,0
OpenMM::RealVec,38,0,0,1,0,18,18,1,18,0
OpenMM::ReferenceAndersenThermostat,0,0,0,3,0,3,3,0,3,0
OpenMM::ReferenceAngleBondIxn,0,1,1,3,0,10,4,0,4,0
OpenMM::ReferenceApplyAndersenThermostatKernel,33,2,1,9,0,13,4,3,4,0
OpenMM::ReferenceApplyConstraintsKernel,66,2,1,7,0,15,5,3,5,0
OpenMM::ReferenceApplyMonteCarloBarostatKernel,19,2,1,7,0,15,5,1,5,0
OpenMM::ReferenceBondForce,0,1,1,2,0,11,3,0,3,0
OpenMM::ReferenceBondIxn,0,0,0,4,11,6,3,0,6,0
OpenMM::ReferenceBrownianDynamics,50,1,1,7,0,15,4,3,4,0
OpenMM::ReferenceCalcAmoebaAngleForceKernel,50,2,1,7,0,15,5,11,5,0
OpenMM::ReferenceCalcAmoebaBondForceKernel,50,2,1,7,0,15,5,8,5,0
OpenMM::ReferenceCalcAmoebaGeneralizedKirkwoodForceKernel,88,2,1,7,0,29,19,12,19,0
OpenMM::ReferenceCalcAmoebaInPlaneAngleForceKernel,50,2,1,7,0,15,5,12,5,0
OpenMM::ReferenceCalcAmoebaMultipoleForceKernel,57,2,1,17,0,23,10,21,10,0
OpenMM::ReferenceCalcAmoebaOutOfPlaneBendForceKernel,50,2,1,7,0,15,5,11,5,0
OpenMM::ReferenceCalcAmoebaPiTorsionForceKernel,44,2,1,7,0,15,5,9,5,0
OpenMM::ReferenceCalcAmoebaStretchBendForceKernel,43,2,1,7,0,15,5,10,5,0
OpenMM::ReferenceCalcAmoebaTorsionTorsionForceKernel,54,2,1,8,0,13,4,11,4,0
OpenMM::ReferenceCalcAmoebaVdwForceKernel,47,2,1,9,0,15,5,14,5,0
OpenMM::ReferenceCalcAmoebaWcaDispersionForceKernel,55,2,1,8,0,15,5,13,5,0
OpenMM::ReferenceCalcCMAPTorsionForceKernel,25,2,1,8,0,14,4,3,4,0
OpenMM::ReferenceCalcCustomAngleForceKernel,37,2,1,11,0,15,5,7,5,0
OpenMM::ReferenceCalcCustomBondForceKernel,37,2,1,11,0,15,5,7,5,0
OpenMM::ReferenceCalcCustomCompoundBondForceKernel,36,2,1,10,0,15,5,5,5,0
OpenMM::ReferenceCalcCustomExternalForceKernel,40,2,1,10,0,15,5,9,5,0
OpenMM::ReferenceCalcCustomGBForceKernel,56,2,1,11,0,15,5,18,5,0
OpenMM::ReferenceCalcCustomHbondForceKernel,46,2,1,11,0,15,5,10,5,0
OpenMM::ReferenceCalcCustomManyParticleForceKernel,43,2,1,8,0,15,5,6,5,0
OpenMM::ReferenceCalcCustomNonbondedForceKernel,48,2,1,13,0,15,5,18,5,0
OpenMM::ReferenceCalcCustomTorsionForceKernel,37,2,1,11,0,15,5,7,5,0
OpenMM::ReferenceCalcDrudeForceKernel,25,2,1,7,0,14,4,12,4,0
OpenMM::ReferenceCalcForcesAndEnergyKernel,50,2,1,5,0,14,4,1,4,0
OpenMM::ReferenceCalcGBSAOBCForceKernel,40,2,1,9,0,15,5,3,5,0
OpenMM::ReferenceCalcGBVIForceKernel,41,2,1,8,0,13,4,3,4,0
OpenMM::ReferenceCalcHarmonicAngleForceKernel,19,2,1,8,0,15,5,3,5,0
OpenMM::ReferenceCalcHarmonicBondForceKernel,19,2,1,8,0,15,5,3,5,0
OpenMM::ReferenceCalcNonbondedForceKernel,44,2,1,11,0,15,5,16,5,0
OpenMM::ReferenceCalcPeriodicTorsionForceKernel,19,2,1,8,0,15,5,3,5,0
OpenMM::ReferenceCalcRBTorsionForceKernel,19,2,1,8,0,15,5,3,5,0
OpenMM::ReferenceCCMAAlgorithm,77,1,1,6,0,14,11,11,11,0
OpenMM::ReferenceCCMAAlgorithm::AngleInfo,0,0,0,0,0,1,1,4,1,0
OpenMM::ReferenceCMAPTorsionIxn,41,1,1,2,0,10,4,3,4,0
OpenMM::ReferenceConstraintAlgorithm,0,0,0,1,5,3,3,0,3,0
OpenMM::ReferenceConstraints,33,1,1,7,0,9,6,2,6,0
OpenMM::ReferenceContinuous1DFunction,43,1,1,3,0,10,5,6,5,0
OpenMM::ReferenceContinuous2DFunction,49,1,1,4,0,10,5,11,5,0
OpenMM::ReferenceContinuous3DFunction,49,1,1,4,0,10,5,15,5,0
OpenMM::ReferenceCustomAngleIxn,60,1,1,5,0,11,5,7,5,0
OpenMM::ReferenceCustomBondIxn,60,1,1,4,0,11,5,7,5,0
OpenMM::ReferenceCustomCompoundBondIxn,67,1,1,6,0,13,6,7,7,0
OpenMM::ReferenceCustomCompoundBondIxn::AngleTermInfo,28,0,0,2,0,1,1,7,1,0
OpenMM::ReferenceCustomCompoundBondIxn::DihedralTermInfo,45,0,0,2,0,1,1,11,1,0
OpenMM::ReferenceCustomCompoundBondIxn::DistanceTermInfo,19,0,0,2,0,1,1,5,1,0
OpenMM::ReferenceCustomCompoundBondIxn::ParticleTermInfo,0,0,0,2,0,1,1,4,1,0
OpenMM::ReferenceCustomDynamics,78,1,1,16,0,19,8,16,8,0
OpenMM::ReferenceCustomExternalIxn,60,0,0,4,0,5,5,21,5,0
OpenMM::ReferenceCustomGBIxn,67,0,0,4,0,13,13,17,13,0
OpenMM::ReferenceCustomHbondIxn,72,1,1,7,0,16,9,12,10,0
OpenMM::ReferenceCustomHbondIxn::AngleTermInfo,28,0,0,2,0,1,1,7,1,0
OpenMM::ReferenceCustomHbondIxn::DihedralTermInfo,45,0,0,2,0,1,1,11,1,0
OpenMM::ReferenceCustomHbondIxn::DistanceTermInfo,19,0,0,2,0,1,1,5,1,0
OpenMM::ReferenceCustomManyParticleIxn,81,0,0,10,0,13,12,18,13,0
OpenMM::ReferenceCustomManyParticleIxn::AngleTermInfo,28,0,0,2,0,1,1,7,1,0
OpenMM::ReferenceCustomManyParticleIxn::DihedralTermInfo,45,0,0,2,0,1,1,11,1,0
OpenMM::ReferenceCustomManyParticleIxn::DistanceTermInfo,19,0,0,2,0,1,1,5,1,0
OpenMM::ReferenceCustomManyParticleIxn::ParticleTermInfo,0,0,0,2,0,1,1,4,1,0
OpenMM::ReferenceCustomNonbondedIxn,67,0,0,6,0,8,8,15,8,0
OpenMM::ReferenceCustomTorsionIxn,60,1,1,4,0,11,5,7,5,0
OpenMM::ReferenceDiscrete1DFunction,60,1,1,3,0,10,5,2,5,0
OpenMM::ReferenceDiscrete2DFunction,60,1,1,3,0,10,5,4,5,0
OpenMM::ReferenceDiscrete3DFunction,60,1,1,3,0,10,5,5,5,0
OpenMM::ReferenceDrudeKernelFactory,0,1,1,12,0,3,1,0,1,0
OpenMM::ReferenceDynamics,74,0,0,4,6,11,11,6,11,0
OpenMM::ReferenceForce,73,0,0,4,1,8,2,0,8,0
OpenMM::ReferenceGBVI,81,0,0,3,0,22,13,2,22,0
OpenMM::ReferenceHarmonicBondIxn,0,1,1,2,0,9,3,0,3,0
OpenMM::ReferenceIntegrateBrownianStepKernel,63,2,1,11,0,15,5,6,5,0
OpenMM::ReferenceIntegrateCustomStepKernel,70,2,1,11,0,27,13,5,13,0
OpenMM::ReferenceIntegrateDrudeLangevinStepKernel,56,2,1,12,0,15,5,6,5,0
OpenMM::ReferenceIntegrateDrudeSCFStepKernel,53,2,1,14,0,16,6,5,6,0
OpenMM::ReferenceIntegrateLangevinStepKernel,63,2,1,11,0,15,5,6,5,0
OpenMM::ReferenceIntegrateRPMDStepKernel,68,2,1,14,0,24,11,9,11,0
OpenMM::ReferenceIntegrateVariableLangevinStepKernel,63,2,1,11,0,15,5,6,5,0
OpenMM::ReferenceIntegrateVariableVerletStepKernel,55,2,1,10,0,15,5,4,5,0
OpenMM::ReferenceIntegrateVerletStepKernel,55,2,1,10,0,15,5,4,5,0
OpenMM::ReferenceKernelFactory,0,1,1,66,0,3,1,0,1,0
OpenMM::ReferenceLincsAlgorithm,56,1,1,3,0,12,9,12,9,0
OpenMM::ReferenceLJCoulomb14,0,1,1,2,0,9,3,0,3,0
OpenMM::ReferenceLJCoulombIxn,71,0,0,6,0,10,10,16,10,0
OpenMM::ReferenceMonteCarloBarostat,64,0,0,2,0,7,7,2,7,0
OpenMM::ReferenceObc,74,0,0,3,0,13,13,3,13,0
OpenMM::ReferencePairIxn,0,0,0,1,0,3,3,0,3,0
OpenMM::ReferencePlatform,0,1,1,37,1,46,7,0,7,0
OpenMM::ReferencePlatform::PlatformData,16,0,0,3,0,2,2,9,2,0
OpenMM::ReferenceProperDihedralBond,0,1,1,2,0,9,3,0,3,0
OpenMM::ReferenceRbDihedralBond,0,1,1,2,0,9,3,0,3,0
OpenMM::ReferenceRemoveCMMotionKernel,33,2,1,6,0,12,3,3,3,0
OpenMM::ReferenceRpmdKernelFactory,0,1,1,7,0,3,1,0,1,0
OpenMM::ReferenceSETTLEAlgorithm,54,1,1,2,0,11,8,6,8,0
OpenMM::ReferenceStochasticDynamics,66,1,1,7,1,17,6,3,6,0
OpenMM::ReferenceUpdateStateDataKernel,66,2,1,9,0,34,15,1,15,0
OpenMM::ReferenceVariableStochasticDynamics,71,1,1,7,0,19,8,4,8,0
OpenMM::ReferenceVariableVerletDynamics,53,1,1,5,0,16,5,3,5,0
OpenMM::ReferenceVerletDynamics,33,1,1,5,0,14,3,2,3,0
OpenMM::ReferenceVirtualSites,0,0,0,8,0,4,2,0,4,0
OpenMM::ReferenceVirtualSitesKernel,0,2,1,5,0,12,3,0,3,0
OpenMM::RemoveCMMotionKernel,0,1,1,5,3,9,3,0,4,0
OpenMM::RPMDIntegrator,83,1,1,13,0,37,25,11,25,0
OpenMM::RPMDMonteCarloBarostat,73,1,1,3,0,18,9,3,10,0
OpenMM::RPMDMonteCarloBarostatImpl,68,2,1,15,0,17,8,8,8,0
OpenMM::RPMDUpdater,0,1,1,1,1,9,1,0,1,0
OpenMM::SerializationNode,81,0,0,5,0,37,37,3,37,0
OpenMM::SerializationProxy,85,0,0,5,49,14,9,1,14,0
OpenMM::SimTKOpenMMUtilities,68,0,0,2,0,14,2,0,14,0
OpenMM::SplineFitter,0,0,0,2,0,22,11,0,22,0
OpenMM::State,75,0,0,4,0,18,18,9,18,0
OpenMM::State::StateBuilder,0,0,0,4,0,8,8,1,8,0
OpenMM::StateProxy,0,1,1,6,0,17,3,0,3,0
OpenMM::System,79,0,0,6,0,22,22,5,22,0
OpenMM::System::ConstraintInfo,0,0,0,0,0,2,2,3,2,0
OpenMM::SystemProxy,0,1,1,9,0,17,3,0,3,0
OpenMM::TabulatedFunction,0,0,0,0,6,2,2,0,2,0
OpenMM::ThreadPool,55,0,0,1,0,7,7,8,7,0
OpenMM::ThreadPool::Task,0,0,0,1,14,1,1,0,1,0
OpenMM::ThreadPool::ThreadData,25,0,0,2,0,1,1,4,1,0
OpenMM::ThreeParticleAverageSite,0,1,1,1,0,8,2,3,2,0
OpenMM::TwoParticleAverageSite,0,1,1,1,0,8,2,2,2,0
OpenMM::UpdateStateDataKernel,0,1,1,5,3,19,13,0,14,0
OpenMM::ValidateOpenMM,94,0,0,26,1,24,23,2,24,0
OpenMM::ValidateOpenMMForces,81,1,1,10,0,40,16,5,16,0
OpenMM::VariableLangevinIntegrator,81,1,1,7,0,27,15,5,15,0
OpenMM::VariableLangevinIntegratorProxy,0,1,1,4,0,17,3,0,3,0
OpenMM::VariableVerletIntegrator,50,1,1,7,0,21,9,2,9,0
OpenMM::VariableVerletIntegratorProxy,0,1,1,4,0,17,3,0,3,0
OpenMM::Vec3,38,0,0,0,0,18,18,1,18,0
OpenMM::VerletIntegrator,16,1,1,6,0,18,6,1,6,0
OpenMM::VerletIntegratorProxy,0,1,1,4,0,17,3,0,3,0
OpenMM::VirtualSite,50,0,0,1,4,6,6,1,6,0
OpenMM::VirtualSitesKernel,0,1,1,4,3,9,3,0,4,0
OpenMM::VoxelHash,36,0,0,4,0,4,4,9,4,0
OpenMM::VoxelIndex,0,0,0,0,0,2,2,2,2,0
OpenMM::VoxelIndex,0,0,0,0,0,2,2,3,2,0
OpenMM::XmlSerializer,0,0,0,7,0,5,0,0,5,0
OpenMM::XmlSerializer::StreamReader,33,1,1,2,0,6,3,2,3,0
OpenMM_SFMT::SFMTData,14,0,0,1,0,1,1,7,1,0
JAMA::Cholesky,33,0,0,2,0,6,6,2,6,0
JAMA::Eigenvalue,62,0,0,2,0,10,10,9,10,0
JAMA::LU,50,0,0,2,0,10,10,5,10,0
JAMA::QR,17,0,0,2,0,7,7,4,7,0
JAMA::SVD,52,0,0,2,0,8,8,5,8,0
fvec4,3,0,0,1,0,26,26,1,26,0
fvec4,7,0,0,0,0,26,26,1,26,0
fvec4,3,0,0,1,0,26,26,1,26,0
fvec8,3,0,0,1,0,27,27,1,27,0
SFMT,0,0,0,3,0,4,4,1,4,0
SortTrait,0,1,1,0,0,17,8,0,8,0
SortTrait,0,1,1,0,0,17,8,0,8,0
Lepton::CompiledExpression,75,0,0,5,0,13,13,9,13,0
Lepton::CustomFunction,0,0,0,0,12,5,5,0,5,0
Lepton::Exception,33,1,1,1,0,4,3,1,3,0
Lepton::ExpressionProgram,54,0,0,5,0,11,11,3,11,0
Lepton::ExpressionTreeNode,38,0,0,3,0,13,13,2,13,0
Lepton::Operation,0,0,0,5,40,11,11,0,11,0
Lepton::Operation::Abs,0,1,1,6,0,18,7,0,7,0
Lepton::Operation::Acos,0,1,1,9,0,18,7,0,7,0
Lepton::Operation::Add,0,1,1,2,0,20,9,0,9,0
Lepton::Operation::AddConstant,33,1,1,2,0,20,9,1,9,0
Lepton::Operation::Asin,0,1,1,8,0,18,7,0,7,0
Lepton::Operation::Atan,0,1,1,6,0,18,7,0,7,0
Lepton::Operation::Ceil,0,1,1,3,0,18,7,0,7,0
Lepton::Operation::Constant,33,1,1,2,0,20,9,1,9,0
Lepton::Operation::Cos,0,1,1,5,0,18,7,0,7,0
Lepton::Operation::Cosh,0,1,1,4,0,18,7,0,7,0
Lepton::Operation::Cot,0,1,1,6,0,18,7,0,7,0
Lepton::Operation::Csc,0,1,1,5,0,18,7,0,7,0
Lepton::Operation::Cube,0,1,1,5,0,18,7,0,7,0
Lepton::Operation::Custom,47,1,1,6,0,22,11,4,11,0
Lepton::Operation::Delta,0,1,1,3,0,18,7,0,7,0
Lepton::Operation::Divide,0,1,1,5,0,19,8,0,8,0
Lepton::Operation::Erf,0,1,1,7,0,19,8,0,8,0
Lepton::Operation::Erfc,0,1,1,7,0,19,8,0,8,0
Lepton::Operation::Exp,0,1,1,3,0,18,7,0,7,0
Lepton::Operation::Floor,0,1,1,3,0,18,7,0,7,0
Lepton::Operation::Log,0,1,1,4,0,18,7,0,7,0
Lepton::Operation::Max,0,1,1,6,0,18,7,0,7,0
Lepton::Operation::Min,0,1,1,6,0,18,7,0,7,0
Lepton::Operation::Multiply,0,1,1,3,0,20,9,0,9,0
Lepton::Operation::MultiplyConstant,22,1,1,2,0,20,9,1,9,0
Lepton::Operation::Negate,0,1,1,2,0,18,7,0,7,0
Lepton::Operation::Power,0,1,1,6,0,19,8,0,8,0
Lepton::Operation::PowerConstant,63,1,1,4,0,21,10,3,10,0
Lepton::Operation::Reciprocal,0,1,1,5,0,18,7,0,7,0
Lepton::Operation::Sec,0,1,1,4,0,18,7,0,7,0
Lepton::Operation::Select,0,1,1,2,0,18,7,0,7,0
Lepton::Operation::Sin,0,1,1,4,0,18,7,0,7,0
Lepton::Operation::Sinh,0,1,1,4,0,18,7,0,7,0
Lepton::Operation::Sqrt,0,1,1,5,0,18,7,0,7,0
Lepton::Operation::Square,0,1,1,4,0,18,7,0,7,0
Lepton::Operation::Step,0,1,1,3,0,18,7,0,7,0
Lepton::Operation::Subtract,0,1,1,2,0,19,8,0,8,0
Lepton::Operation::Tan,0,1,1,5,0,18,7,0,7,0
Lepton::Operation::Tanh,0,1,1,6,0,18,7,0,7,0
Lepton::Operation::Variable,25,1,1,5,0,19,8,1,8,0
Lepton::ParsedExpression,88,0,0,22,0,26,19,1,26,0
Lepton::Parser,0,0,0,46,0,15,7,0,15,0
Lepton::ParseToken,33,0,0,0,0,3,3,2,3,0
t_complex,0,0,0,0,0,8,8,2,8,0
TNT::Array1D,49,0,0,2,0,23,23,3,23,0
TNT::Array2D,51,0,0,1,0,24,24,4,24,0
TNT::Array3D,44,0,0,2,0,20,20,5,20,0
TNT::Fortran_Array1D,44,0,0,1,0,20,20,3,20,0
TNT::Fortran_Array2D,46,0,0,1,0,19,19,4,19,0
TNT::Fortran_Array3D,37,0,0,1,0,17,17,5,17,0
TNT::i_refvec,33,0,0,1,0,15,15,2,15,0
TNT::Matrix,71,0,0,0,0,26,26,7,26,0
TNT::Sparse_Matrix_CompRow,75,0,0,1,0,9,9,5,9,0
TNT::Stopwatch,27,0,0,0,0,6,6,3,6,0
TNT::Vector,40,0,0,0,0,24,24,3,24,0
