File,index,AvgCyclomatic,AvgCyclomaticModified,AvgCyclomaticStrict,AvgEssential,AvgLine,AvgLineBlank,AvgLineCode,AvgLineComment,CountDeclClass,CountDeclExecutableUnit,CountDeclFunction,CountLine,CountLineBlank,CountLineCode,CountLineCodeDecl,CountLineCodeExe,CountLineComment,CountPath,CountPathLog,CountStmt,CountStmtDecl,CountStmtExe,Cyclomatic,CyclomaticModified,CyclomaticStrict,Essential,MaxCyclomatic,MaxCyclomaticModified,MaxCyclomaticStrict,MaxEssential,MaxNesting,RatioCommentToCode,SumCyclomatic,SumCyclomaticModified,SumCyclomaticStrict,SumEssential,fastread_bugs,keyword_bugs,human_bugs
mdanalysis/package/MDAnalysis/KDTree.py,0,1.0,1.0,1.0,1.0,8.0,0.0,0.0,0.0,0.0,1.0,0.0,17.0,4.0,11.0,3.0,8.0,2.0,1.0,0.0,7.0,3.0,4.0,1.0,1.0,1.0,1.0,1.0,1.0,1.0,1.0,1.0,0.18,1.0,1.0,1.0,1.0,0,0,0
mdanalysis/package/MDAnalysis/analysis/align.py,1,3.0,3.0,3.0,2.0,68.0,9.0,27.0,36.0,1.0,17.0,16.0,1349.0,214.0,423.0,67.0,356.0,718.0,1.0,0.0,300.0,37.0,263.0,1.0,1.0,1.0,1.0,12.0,12.0,12.0,7.0,3.0,1.7,62.0,62.0,62.0,36.0,15,17,12
mdanalysis/package/MDAnalysis/analysis/base.py,2,2.0,2.0,2.0,1.0,14.0,1.0,7.0,6.0,3.0,14.0,13.0,326.0,59.0,104.0,26.0,78.0,163.0,1.0,0.0,91.0,25.0,66.0,1.0,1.0,1.0,1.0,9.0,9.0,9.0,3.0,4.0,1.57,29.0,29.0,29.0,16.0,17,13,15
mdanalysis/package/MDAnalysis/analysis/contacts.py,3,2.0,2.0,2.0,1.0,27.0,3.0,13.0,11.0,3.0,29.0,28.0,1231.0,240.0,399.0,60.0,339.0,609.0,1.0,0.0,336.0,51.0,285.0,1.0,1.0,1.0,1.0,9.0,9.0,9.0,5.0,3.0,1.53,77.0,77.0,77.0,46.0,5,5,5
mdanalysis/package/MDAnalysis/analysis/density.py,4,2.0,2.0,2.0,1.0,32.0,4.0,13.0,16.0,2.0,22.0,21.0,1007.0,189.0,297.0,48.0,249.0,544.0,2.0,0.0,255.0,41.0,214.0,2.0,2.0,2.0,1.0,8.0,8.0,8.0,6.0,3.0,1.83,54.0,54.0,54.0,34.0,11,11,9
mdanalysis/package/MDAnalysis/analysis/diffusionmap.py,5,1.0,1.0,1.0,1.0,15.0,0.0,7.0,9.0,2.0,9.0,8.0,367.0,59.0,71.0,19.0,52.0,237.0,1.0,0.0,61.0,18.0,43.0,1.0,1.0,1.0,1.0,4.0,4.0,4.0,3.0,1.0,3.34,14.0,14.0,14.0,11.0,5,5,5
mdanalysis/package/MDAnalysis/analysis/distances.py,6,2.0,2.0,2.0,1.0,34.0,6.0,9.0,28.0,0.0,4.0,3.0,193.0,35.0,39.0,11.0,28.0,119.0,1.0,0.0,36.0,11.0,25.0,1.0,1.0,1.0,1.0,4.0,4.0,4.0,3.0,2.0,3.05,9.0,9.0,9.0,6.0,5,5,5
mdanalysis/package/MDAnalysis/analysis/encore/bootstrap.py,7,2.0,2.0,2.0,1.0,36.0,8.0,13.0,15.0,0.0,3.0,3.0,157.0,38.0,45.0,13.0,32.0,74.0,0.0,0.0,32.0,9.0,23.0,0.0,0.0,0.0,0.0,4.0,4.0,4.0,1.0,2.0,1.64,7.0,7.0,7.0,3.0,8,8,8
mdanalysis/package/MDAnalysis/analysis/encore/clustering/ClusterCollection.py,8,2.0,2.0,2.0,1.0,15.0,2.0,6.0,6.0,2.0,11.0,11.0,255.0,56.0,77.0,16.0,61.0,122.0,0.0,0.0,69.0,16.0,53.0,0.0,0.0,0.0,0.0,8.0,8.0,8.0,6.0,3.0,1.58,25.0,25.0,25.0,20.0,4,4,4
mdanalysis/package/MDAnalysis/analysis/encore/clustering/ClusteringMethod.py,9,1.0,1.0,1.0,1.0,30.0,4.0,10.0,18.0,5.0,11.0,10.0,427.0,71.0,130.0,43.0,87.0,227.0,4.0,1.0,70.0,21.0,49.0,3.0,3.0,3.0,1.0,3.0,3.0,3.0,1.0,2.0,1.75,16.0,16.0,16.0,11.0,7,7,7
mdanalysis/package/MDAnalysis/analysis/encore/clustering/cluster.py,10,18.0,18.0,18.0,3.0,197.0,39.0,64.0,94.0,0.0,1.0,1.0,239.0,46.0,70.0,13.0,57.0,123.0,0.0,0.0,52.0,7.0,45.0,0.0,0.0,0.0,0.0,18.0,18.0,18.0,3.0,3.0,1.76,18.0,18.0,18.0,3.0,8,8,8
mdanalysis/package/MDAnalysis/analysis/encore/confdistmatrix.py,11,7.0,7.0,7.0,3.0,103.0,11.0,53.0,38.0,0.0,3.0,3.0,370.0,50.0,173.0,30.0,143.0,147.0,0.0,0.0,86.0,16.0,70.0,0.0,0.0,0.0,0.0,10.0,10.0,10.0,5.0,3.0,0.85,21.0,21.0,21.0,11.0,8,8,8
mdanalysis/package/MDAnalysis/analysis/encore/covariance.py,12,4.0,4.0,4.0,2.0,69.0,14.0,29.0,25.0,0.0,3.0,3.0,249.0,53.0,91.0,11.0,80.0,105.0,0.0,0.0,65.0,5.0,60.0,0.0,0.0,0.0,0.0,7.0,7.0,7.0,4.0,3.0,1.15,13.0,13.0,13.0,6.0,8,8,8
mdanalysis/package/MDAnalysis/analysis/encore/dimensionality_reduction/DimensionalityReductionMethod.py,13,1.0,1.0,1.0,1.0,19.0,3.0,7.0,11.0,3.0,6.0,5.0,194.0,39.0,56.0,22.0,34.0,99.0,4.0,1.0,34.0,14.0,20.0,3.0,3.0,3.0,1.0,3.0,3.0,3.0,1.0,1.0,1.77,8.0,8.0,8.0,6.0,5,5,5
mdanalysis/package/MDAnalysis/analysis/encore/dimensionality_reduction/reduce_dimensionality.py,14,19.0,19.0,19.0,3.0,197.0,40.0,66.0,91.0,0.0,1.0,1.0,238.0,46.0,72.0,13.0,59.0,120.0,0.0,0.0,53.0,6.0,47.0,0.0,0.0,0.0,0.0,19.0,19.0,19.0,3.0,3.0,1.67,19.0,19.0,19.0,3.0,8,8,8
mdanalysis/package/MDAnalysis/analysis/encore/similarity.py,15,5.0,5.0,5.0,1.0,92.0,19.0,35.0,43.0,0.0,16.0,15.0,1711.0,367.0,555.0,106.0,449.0,789.0,1.0,0.0,322.0,32.0,290.0,1.0,1.0,1.0,1.0,22.0,22.0,22.0,7.0,4.0,1.42,88.0,88.0,88.0,30.0,8,8,8
mdanalysis/package/MDAnalysis/analysis/encore/utils.py,16,2.0,2.0,2.0,1.0,17.0,2.0,7.0,7.0,2.0,18.0,18.0,408.0,80.0,151.0,30.0,121.0,177.0,0.0,0.0,136.0,30.0,106.0,0.0,0.0,0.0,0.0,8.0,8.0,8.0,5.0,2.0,1.17,50.0,50.0,50.0,27.0,8,8,8
mdanalysis/package/MDAnalysis/analysis/gnm.py,17,3.0,3.0,3.0,1.0,22.0,2.0,15.0,6.0,2.0,10.0,9.0,417.0,80.0,150.0,19.0,131.0,191.0,1.0,0.0,137.0,16.0,121.0,1.0,1.0,1.0,1.0,11.0,11.0,11.0,3.0,7.0,1.27,36.0,36.0,36.0,12.0,5,5,5
mdanalysis/package/MDAnalysis/analysis/hbonds/hbond_analysis.py,18,3.0,3.0,3.0,1.0,39.0,5.0,16.0,19.0,1.0,27.0,26.0,1504.0,278.0,440.0,47.0,393.0,805.0,1.0,0.0,344.0,38.0,306.0,1.0,1.0,1.0,1.0,20.0,20.0,20.0,8.0,6.0,1.83,94.0,94.0,94.0,39.0,6,6,6
mdanalysis/package/MDAnalysis/analysis/hbonds/hbond_autocorrel.py,19,3.0,3.0,3.0,1.0,32.0,5.0,20.0,9.0,1.0,11.0,11.0,538.0,103.0,207.0,28.0,179.0,245.0,0.0,0.0,154.0,19.0,135.0,0.0,0.0,0.0,0.0,8.0,8.0,8.0,6.0,3.0,1.18,38.0,38.0,38.0,20.0,6,6,6
mdanalysis/package/MDAnalysis/analysis/helanal.py,20,4.0,4.0,4.0,1.0,40.0,5.0,25.0,11.0,0.0,15.0,14.0,759.0,129.0,369.0,34.0,335.0,262.0,1.0,0.0,326.0,23.0,303.0,1.0,1.0,1.0,1.0,35.0,35.0,35.0,8.0,4.0,0.71,72.0,72.0,72.0,27.0,7,7,7
mdanalysis/package/MDAnalysis/analysis/hole.py,21,3.0,3.0,3.0,1.0,47.0,5.0,19.0,23.0,3.0,20.0,19.0,1304.0,209.0,439.0,44.0,395.0,663.0,1.0,0.0,362.0,44.0,318.0,1.0,1.0,1.0,1.0,13.0,13.0,13.0,9.0,6.0,1.51,77.0,77.0,77.0,38.0,10,9,10
mdanalysis/package/MDAnalysis/analysis/leaflet.py,22,2.0,2.0,2.0,1.0,14.0,1.0,7.0,5.0,1.0,12.0,12.0,314.0,59.0,100.0,22.0,78.0,160.0,0.0,0.0,85.0,21.0,64.0,0.0,0.0,0.0,0.0,6.0,6.0,6.0,4.0,2.0,1.6,25.0,25.0,25.0,17.0,5,5,5
mdanalysis/package/MDAnalysis/analysis/legacy/x3dna.py,23,4.0,4.0,4.0,1.0,38.0,3.0,26.0,11.0,3.0,15.0,14.0,823.0,130.0,386.0,36.0,350.0,314.0,1.0,0.0,315.0,36.0,279.0,1.0,1.0,1.0,1.0,17.0,17.0,17.0,13.0,6.0,0.81,60.0,60.0,60.0,29.0,6,6,6
mdanalysis/package/MDAnalysis/analysis/lineardensity.py,24,2.0,2.0,2.0,1.0,23.0,3.0,14.0,5.0,1.0,8.0,8.0,275.0,50.0,123.0,13.0,110.0,106.0,0.0,0.0,105.0,13.0,92.0,0.0,0.0,0.0,0.0,4.0,4.0,4.0,3.0,2.0,0.86,23.0,23.0,23.0,10.0,5,5,5
mdanalysis/package/MDAnalysis/analysis/nuclinfo.py,25,2.0,2.0,2.0,1.0,44.0,7.0,18.0,18.0,0.0,15.0,15.0,802.0,176.0,275.0,20.0,255.0,351.0,0.0,0.0,177.0,19.0,158.0,0.0,0.0,0.0,0.0,8.0,8.0,8.0,1.0,2.0,1.28,43.0,43.0,43.0,15.0,5,5,5
mdanalysis/package/MDAnalysis/analysis/pca.py,26,2.0,2.0,2.0,1.0,32.0,3.0,17.0,12.0,1.0,6.0,6.0,366.0,59.0,112.0,18.0,94.0,195.0,0.0,0.0,87.0,16.0,71.0,0.0,0.0,0.0,0.0,6.0,6.0,6.0,1.0,3.0,1.74,17.0,17.0,17.0,6.0,5,5,5
mdanalysis/package/MDAnalysis/analysis/polymer.py,27,1.0,1.0,1.0,1.0,12.0,2.0,6.0,4.0,1.0,9.0,8.0,176.0,38.0,62.0,18.0,44.0,76.0,1.0,0.0,61.0,18.0,43.0,1.0,1.0,1.0,1.0,3.0,3.0,3.0,1.0,2.0,1.23,15.0,15.0,15.0,9.0,5,5,5
mdanalysis/package/MDAnalysis/analysis/psa.py,28,3.0,3.0,3.0,1.0,44.0,6.0,15.0,24.0,3.0,42.0,41.0,2212.0,402.0,650.0,81.0,569.0,1175.0,1.0,0.0,522.0,62.0,460.0,1.0,1.0,1.0,1.0,8.0,8.0,8.0,7.0,3.0,1.81,127.0,127.0,127.0,72.0,15,15,11
mdanalysis/package/MDAnalysis/analysis/rdf.py,29,1.0,1.0,1.0,1.0,16.0,2.0,11.0,2.0,1.0,4.0,4.0,158.0,29.0,53.0,12.0,41.0,76.0,0.0,0.0,47.0,10.0,37.0,0.0,0.0,0.0,0.0,2.0,2.0,2.0,1.0,1.0,1.43,7.0,7.0,7.0,4.0,5,5,5
mdanalysis/package/MDAnalysis/analysis/rms.py,30,3.0,3.0,3.0,2.0,28.0,3.0,19.0,9.0,2.0,12.0,11.0,666.0,117.0,223.0,27.0,196.0,327.0,1.0,0.0,158.0,23.0,135.0,1.0,1.0,1.0,1.0,9.0,9.0,9.0,6.0,3.0,1.47,43.0,43.0,43.0,28.0,10,11,8
mdanalysis/package/MDAnalysis/analysis/waterdynamics.py,31,2.0,2.0,2.0,1.0,17.0,0.0,12.0,3.0,5.0,38.0,38.0,1294.0,212.0,483.0,55.0,428.0,599.0,0.0,0.0,416.0,49.0,367.0,0.0,0.0,0.0,0.0,9.0,9.0,9.0,9.0,5.0,1.24,94.0,94.0,94.0,60.0,6,7,7
mdanalysis/package/MDAnalysis/analysis/x3dna.py,32,1.0,1.0,1.0,1.0,10.0,0.0,0.0,0.0,0.0,1.0,0.0,46.0,8.0,14.0,4.0,10.0,24.0,1.0,0.0,7.0,3.0,4.0,1.0,1.0,1.0,1.0,1.0,1.0,1.0,1.0,1.0,1.71,1.0,1.0,1.0,1.0,4,4,4
mdanalysis/package/MDAnalysis/auxiliary/XVG.py,33,3.0,3.0,3.0,2.0,16.0,1.0,9.0,6.0,3.0,12.0,12.0,369.0,61.0,124.0,22.0,102.0,185.0,0.0,0.0,111.0,22.0,89.0,0.0,0.0,0.0,0.0,6.0,6.0,6.0,5.0,3.0,1.49,36.0,36.0,36.0,29.0,4,4,4
mdanalysis/package/MDAnalysis/auxiliary/base.py,34,1.0,1.0,1.0,1.0,12.0,1.0,5.0,5.0,4.0,55.0,55.0,935.0,162.0,341.0,90.0,251.0,435.0,0.0,0.0,284.0,69.0,215.0,0.0,0.0,0.0,0.0,6.0,6.0,6.0,6.0,3.0,1.28,104.0,104.0,104.0,76.0,7,7,7
mdanalysis/package/MDAnalysis/auxiliary/core.py,35,3.0,3.0,3.0,3.0,35.0,4.0,11.0,19.0,0.0,2.0,2.0,108.0,16.0,26.0,6.0,20.0,66.0,0.0,0.0,23.0,6.0,17.0,0.0,0.0,0.0,0.0,6.0,6.0,6.0,5.0,2.0,2.54,7.0,7.0,7.0,6.0,4,4,4
mdanalysis/package/MDAnalysis/coordinates/CRD.py,36,5.0,5.0,5.0,2.0,42.0,4.0,25.0,13.0,2.0,4.0,4.0,261.0,38.0,128.0,14.0,114.0,101.0,0.0,0.0,97.0,14.0,83.0,0.0,0.0,0.0,0.0,12.0,12.0,12.0,6.0,4.0,0.79,21.0,21.0,21.0,9.0,6,6,6
mdanalysis/package/MDAnalysis/coordinates/DCD.py,37,2.0,2.0,2.0,1.0,25.0,3.0,9.0,14.0,3.0,18.0,17.0,714.0,113.0,195.0,43.0,152.0,414.0,1.0,0.0,169.0,36.0,133.0,1.0,1.0,1.0,1.0,6.0,6.0,6.0,5.0,2.0,2.12,37.0,37.0,37.0,28.0,16,16,17
mdanalysis/package/MDAnalysis/coordinates/DLPoly.py,38,3.0,3.0,3.0,1.0,16.0,2.0,14.0,1.0,3.0,12.0,11.0,270.0,47.0,179.0,23.0,156.0,50.0,1.0,0.0,167.0,19.0,148.0,1.0,1.0,1.0,1.0,16.0,16.0,16.0,1.0,4.0,0.28,44.0,44.0,44.0,12.0,4,4,4
mdanalysis/package/MDAnalysis/coordinates/DMS.py,39,1.0,1.0,1.0,1.0,9.0,0.0,8.0,0.0,2.0,8.0,8.0,134.0,22.0,74.0,17.0,57.0,41.0,0.0,0.0,67.0,15.0,52.0,0.0,0.0,0.0,0.0,5.0,5.0,5.0,1.0,2.0,0.55,14.0,14.0,14.0,8.0,4,4,4
mdanalysis/package/MDAnalysis/coordinates/GMS.py,40,3.0,3.0,3.0,2.0,14.0,1.0,11.0,1.0,1.0,12.0,12.0,268.0,49.0,152.0,22.0,130.0,74.0,0.0,0.0,144.0,19.0,125.0,0.0,0.0,0.0,0.0,14.0,14.0,14.0,10.0,3.0,0.49,43.0,43.0,43.0,33.0,11,8,10
mdanalysis/package/MDAnalysis/coordinates/GRO.py,41,4.0,4.0,4.0,1.0,36.0,5.0,21.0,11.0,3.0,7.0,7.0,420.0,81.0,179.0,22.0,157.0,171.0,0.0,0.0,138.0,20.0,118.0,0.0,0.0,0.0,0.0,15.0,15.0,15.0,4.0,3.0,0.96,33.0,33.0,33.0,13.0,8,7,8
mdanalysis/package/MDAnalysis/coordinates/INPCRD.py,42,6.0,6.0,6.0,1.0,27.0,2.0,22.0,3.0,1.0,1.0,1.0,77.0,15.0,28.0,5.0,23.0,34.0,0.0,0.0,27.0,5.0,22.0,0.0,0.0,0.0,0.0,6.0,6.0,6.0,1.0,3.0,1.21,6.0,6.0,6.0,1.0,4,4,4
mdanalysis/package/MDAnalysis/coordinates/LAMMPS.py,43,3.0,3.0,3.0,2.0,19.0,2.0,16.0,3.0,4.0,12.0,11.0,437.0,73.0,203.0,27.0,176.0,166.0,1.0,0.0,176.0,26.0,150.0,1.0,1.0,1.0,1.0,11.0,11.0,11.0,4.0,3.0,0.82,46.0,46.0,46.0,25.0,6,5,6
mdanalysis/package/MDAnalysis/coordinates/MMTF.py,44,1.0,1.0,1.0,1.0,14.0,3.0,6.0,5.0,1.0,3.0,3.0,100.0,25.0,26.0,8.0,18.0,49.0,0.0,0.0,23.0,8.0,15.0,0.0,0.0,0.0,0.0,2.0,2.0,2.0,1.0,1.0,1.88,5.0,5.0,5.0,3.0,4,4,4
mdanalysis/package/MDAnalysis/coordinates/MOL2.py,45,2.0,2.0,2.0,1.0,20.0,2.0,13.0,4.0,2.0,10.0,10.0,377.0,77.0,146.0,17.0,129.0,157.0,0.0,0.0,117.0,17.0,100.0,0.0,0.0,0.0,0.0,9.0,9.0,9.0,8.0,3.0,1.08,28.0,28.0,28.0,17.0,4,4,4
mdanalysis/package/MDAnalysis/coordinates/PDB.py,46,3.0,3.0,3.0,1.0,23.0,3.0,11.0,8.0,4.0,29.0,28.0,1070.0,216.0,388.0,51.0,337.0,474.0,1.0,0.0,313.0,49.0,264.0,1.0,1.0,1.0,1.0,11.0,11.0,11.0,7.0,3.0,1.22,87.0,87.0,87.0,45.0,8,8,8
mdanalysis/package/MDAnalysis/coordinates/PDBQT.py,47,4.0,4.0,4.0,1.0,34.0,3.0,22.0,10.0,2.0,5.0,5.0,344.0,42.0,140.0,15.0,125.0,170.0,0.0,0.0,92.0,15.0,77.0,0.0,0.0,0.0,0.0,13.0,13.0,13.0,3.0,3.0,1.21,22.0,22.0,22.0,7.0,11,11,12
mdanalysis/package/MDAnalysis/coordinates/PQR.py,48,5.0,5.0,5.0,1.0,38.0,4.0,21.0,14.0,2.0,4.0,4.0,306.0,54.0,103.0,14.0,89.0,156.0,0.0,0.0,81.0,14.0,67.0,0.0,0.0,0.0,0.0,13.0,13.0,13.0,1.0,3.0,1.51,20.0,20.0,20.0,4.0,12,12,13
mdanalysis/package/MDAnalysis/coordinates/TRJ.py,49,3.0,3.0,3.0,1.0,25.0,2.0,16.0,7.0,4.0,24.0,23.0,914.0,168.0,430.0,52.0,378.0,343.0,2.0,0.0,332.0,39.0,293.0,2.0,2.0,2.0,1.0,10.0,10.0,10.0,8.0,3.0,0.8,81.0,81.0,81.0,41.0,12,13,12
mdanalysis/package/MDAnalysis/coordinates/TRR.py,50,10.0,10.0,10.0,1.0,42.0,8.0,29.0,5.0,2.0,2.0,2.0,169.0,33.0,75.0,8.0,67.0,61.0,0.0,0.0,69.0,8.0,61.0,0.0,0.0,0.0,0.0,11.0,11.0,11.0,1.0,2.0,0.81,20.0,20.0,20.0,2.0,4,4,4
mdanalysis/package/MDAnalysis/coordinates/TRZ.py,51,2.0,2.0,2.0,1.0,19.0,1.0,15.0,3.0,3.0,22.0,22.0,613.0,97.0,366.0,44.0,319.0,160.0,0.0,0.0,261.0,38.0,223.0,0.0,0.0,0.0,0.0,9.0,9.0,9.0,4.0,3.0,0.44,54.0,54.0,54.0,29.0,4,4,4
mdanalysis/package/MDAnalysis/coordinates/XDR.py,52,1.0,1.0,1.0,1.0,13.0,1.0,7.0,4.0,2.0,14.0,14.0,279.0,42.0,120.0,26.0,94.0,117.0,0.0,0.0,109.0,24.0,85.0,0.0,0.0,0.0,0.0,5.0,5.0,5.0,1.0,2.0,0.97,27.0,27.0,27.0,14.0,5,4,5
mdanalysis/package/MDAnalysis/coordinates/XTC.py,53,2.0,2.0,2.0,1.0,20.0,2.0,9.0,8.0,2.0,3.0,3.0,136.0,20.0,43.0,10.0,33.0,73.0,0.0,0.0,40.0,9.0,31.0,0.0,0.0,0.0,0.0,3.0,3.0,3.0,1.0,1.0,1.7,6.0,6.0,6.0,3.0,4,4,4
mdanalysis/package/MDAnalysis/coordinates/XYZ.py,54,2.0,2.0,2.0,1.0,16.0,1.0,10.0,5.0,2.0,16.0,15.0,428.0,68.0,177.0,34.0,141.0,184.0,1.0,0.0,150.0,31.0,119.0,1.0,1.0,1.0,1.0,8.0,8.0,8.0,5.0,3.0,1.04,43.0,43.0,43.0,26.0,6,6,6
mdanalysis/package/MDAnalysis/coordinates/base.py,55,2.0,2.0,2.0,1.0,14.0,2.0,6.0,6.0,8.0,101.0,101.0,1952.0,395.0,720.0,168.0,552.0,842.0,0.0,0.0,613.0,125.0,488.0,0.0,0.0,0.0,0.0,13.0,13.0,13.0,13.0,3.0,1.17,226.0,226.0,226.0,154.0,8,8,8
mdanalysis/package/MDAnalysis/coordinates/chain.py,56,1.0,1.0,1.0,1.0,9.0,1.0,4.0,4.0,1.0,28.0,28.0,388.0,75.0,134.0,48.0,86.0,184.0,0.0,0.0,116.0,38.0,78.0,0.0,0.0,0.0,0.0,3.0,3.0,3.0,3.0,1.0,1.37,35.0,35.0,35.0,30.0,5,5,5
mdanalysis/package/MDAnalysis/coordinates/core.py,57,1.0,1.0,1.0,1.0,37.0,7.0,6.0,24.0,0.0,2.0,2.0,124.0,27.0,17.0,7.0,10.0,80.0,0.0,0.0,14.0,7.0,7.0,0.0,0.0,0.0,0.0,2.0,2.0,2.0,1.0,1.0,4.71,3.0,3.0,3.0,2.0,4,4,4
mdanalysis/package/MDAnalysis/coordinates/memory.py,58,2.0,2.0,2.0,1.0,18.0,1.0,9.0,8.0,2.0,10.0,10.0,417.0,84.0,101.0,20.0,81.0,232.0,0.0,0.0,77.0,17.0,60.0,0.0,0.0,0.0,0.0,9.0,9.0,9.0,1.0,1.0,2.3,22.0,22.0,22.0,10.0,7,7,7
mdanalysis/package/MDAnalysis/coordinates/null.py,59,1.0,1.0,1.0,1.0,2.0,0.0,2.0,0.0,1.0,2.0,2.0,59.0,11.0,10.0,5.0,5.0,38.0,0.0,0.0,10.0,5.0,5.0,0.0,0.0,0.0,0.0,1.0,1.0,1.0,1.0,0.0,3.8,2.0,2.0,2.0,2.0,4,4,4
mdanalysis/package/MDAnalysis/core/AtomGroup.py,60,1.0,1.0,1.0,1.0,11.0,1.0,4.0,0.0,1.0,3.0,2.0,66.0,12.0,32.0,8.0,24.0,22.0,1.0,0.0,19.0,7.0,12.0,1.0,1.0,1.0,1.0,1.0,1.0,1.0,1.0,0.0,0.69,3.0,3.0,3.0,3.0,4,4,4
mdanalysis/package/MDAnalysis/core/Timeseries.py,61,1.0,1.0,1.0,1.0,5.0,0.0,4.0,0.0,10.0,36.0,35.0,519.0,127.0,187.0,60.0,127.0,206.0,1.0,0.0,158.0,49.0,109.0,1.0,1.0,1.0,1.0,6.0,6.0,6.0,5.0,2.0,1.1,63.0,63.0,63.0,45.0,0,0,0
mdanalysis/package/MDAnalysis/core/_get_readers.py,62,6.0,6.0,6.0,4.0,66.0,8.0,25.0,34.0,0.0,3.0,3.0,239.0,36.0,84.0,11.0,73.0,123.0,0.0,0.0,57.0,11.0,46.0,0.0,0.0,0.0,0.0,8.0,8.0,8.0,8.0,2.0,1.46,20.0,20.0,20.0,14.0,8,6,8
mdanalysis/package/MDAnalysis/core/distances.py,63,1.0,1.0,1.0,1.0,5.0,0.0,0.0,0.0,0.0,1.0,0.0,12.0,2.0,8.0,3.0,5.0,2.0,1.0,0.0,6.0,3.0,3.0,1.0,1.0,1.0,1.0,1.0,1.0,1.0,1.0,1.0,0.25,1.0,1.0,1.0,1.0,0,0,0
mdanalysis/package/MDAnalysis/core/groups.py,64,1.0,1.0,1.0,1.0,16.0,2.0,5.0,8.0,12.0,137.0,136.0,2910.0,571.0,867.0,249.0,618.0,1488.0,1.0,0.0,678.0,172.0,506.0,1.0,1.0,1.0,1.0,11.0,11.0,11.0,8.0,4.0,1.72,244.0,244.0,244.0,180.0,12,14,12
mdanalysis/package/MDAnalysis/core/log.py,65,1.0,1.0,1.0,1.0,5.0,0.0,0.0,0.0,0.0,1.0,0.0,12.0,2.0,8.0,3.0,5.0,2.0,1.0,0.0,6.0,3.0,3.0,1.0,1.0,1.0,1.0,1.0,1.0,1.0,1.0,1.0,0.25,1.0,1.0,1.0,1.0,0,0,0
mdanalysis/package/MDAnalysis/core/parallel.py,66,1.0,1.0,1.0,1.0,5.0,0.0,0.0,0.0,0.0,1.0,0.0,12.0,2.0,8.0,3.0,5.0,2.0,1.0,0.0,6.0,3.0,3.0,1.0,1.0,1.0,1.0,1.0,1.0,1.0,1.0,1.0,0.25,1.0,1.0,1.0,1.0,0,0,0
mdanalysis/package/MDAnalysis/core/qcprot.py,67,1.0,1.0,1.0,1.0,5.0,0.0,0.0,0.0,0.0,1.0,0.0,12.0,2.0,8.0,3.0,5.0,2.0,1.0,0.0,6.0,3.0,3.0,1.0,1.0,1.0,1.0,1.0,1.0,1.0,1.0,1.0,0.25,1.0,1.0,1.0,1.0,0,0,0
mdanalysis/package/MDAnalysis/core/selection.py,68,2.0,2.0,2.0,1.0,11.0,1.0,8.0,2.0,43.0,65.0,64.0,1225.0,262.0,719.0,122.0,597.0,258.0,1.0,0.0,617.0,120.0,497.0,1.0,1.0,1.0,1.0,11.0,11.0,11.0,5.0,4.0,0.36,132.0,132.0,132.0,94.0,11,10,9
mdanalysis/package/MDAnalysis/core/topology.py,69,1.0,1.0,1.0,1.0,15.0,2.0,6.0,7.0,2.0,25.0,25.0,563.0,109.0,164.0,44.0,120.0,295.0,0.0,0.0,140.0,32.0,108.0,0.0,0.0,0.0,0.0,6.0,6.0,6.0,6.0,3.0,1.8,48.0,48.0,48.0,39.0,4,4,4
mdanalysis/package/MDAnalysis/core/topologyattrs.py,70,1.0,1.0,1.0,1.0,11.0,1.0,5.0,4.0,29.0,82.0,82.0,1480.0,323.0,665.0,148.0,516.0,495.0,0.0,0.0,545.0,130.0,415.0,0.0,0.0,0.0,0.0,8.0,8.0,8.0,5.0,2.0,0.74,144.0,144.0,144.0,99.0,16,16,14
mdanalysis/package/MDAnalysis/core/topologyobjects.py,71,1.0,1.0,1.0,1.0,11.0,1.0,6.0,4.0,7.0,56.0,56.0,996.0,196.0,412.0,88.0,323.0,393.0,0.0,0.0,279.0,73.0,206.0,0.0,0.0,0.0,0.0,8.0,8.0,8.0,7.0,3.0,0.95,103.0,103.0,103.0,79.0,9,8,8
mdanalysis/package/MDAnalysis/core/transformations.py,72,1.0,1.0,1.0,1.0,5.0,0.0,0.0,0.0,0.0,1.0,0.0,12.0,2.0,8.0,3.0,5.0,2.0,1.0,0.0,6.0,3.0,3.0,1.0,1.0,1.0,1.0,1.0,1.0,1.0,1.0,1.0,0.25,1.0,1.0,1.0,1.0,0,0,0
mdanalysis/package/MDAnalysis/core/units.py,73,1.0,1.0,1.0,1.0,5.0,0.0,0.0,0.0,0.0,1.0,0.0,12.0,2.0,8.0,3.0,5.0,2.0,1.0,0.0,6.0,3.0,3.0,1.0,1.0,1.0,1.0,1.0,1.0,1.0,1.0,1.0,0.25,1.0,1.0,1.0,1.0,0,0,0
mdanalysis/package/MDAnalysis/core/universe.py,74,2.0,2.0,2.0,1.0,21.0,2.0,10.0,8.0,2.0,38.0,37.0,1065.0,184.0,416.0,79.0,336.0,471.0,1.0,0.0,327.0,61.0,266.0,1.0,1.0,1.0,1.0,18.0,18.0,18.0,12.0,4.0,1.13,106.0,106.0,106.0,69.0,15,14,13
mdanalysis/package/MDAnalysis/core/util.py,75,1.0,1.0,1.0,1.0,5.0,0.0,0.0,0.0,0.0,1.0,0.0,12.0,2.0,8.0,3.0,5.0,2.0,1.0,0.0,6.0,3.0,3.0,1.0,1.0,1.0,1.0,1.0,1.0,1.0,1.0,1.0,0.25,1.0,1.0,1.0,1.0,0,0,0
mdanalysis/package/MDAnalysis/lib/NeighborSearch.py,77,3.0,3.0,3.0,2.0,22.0,1.0,9.0,11.0,1.0,3.0,3.0,114.0,13.0,34.0,8.0,26.0,67.0,0.0,0.0,29.0,8.0,21.0,0.0,0.0,0.0,0.0,5.0,5.0,5.0,5.0,2.0,1.97,9.0,9.0,9.0,7.0,7,7,6
mdanalysis/package/MDAnalysis/lib/distances.py,78,4.0,4.0,4.0,1.0,50.0,8.0,20.0,24.0,0.0,14.0,13.0,834.0,149.0,305.0,39.0,266.0,381.0,2.0,0.0,214.0,21.0,193.0,2.0,2.0,2.0,1.0,8.0,8.0,8.0,3.0,2.0,1.25,66.0,66.0,66.0,20.0,6,7,6
mdanalysis/package/MDAnalysis/lib/log.py,79,2.0,2.0,2.0,1.0,17.0,2.0,7.0,6.0,2.0,13.0,13.0,450.0,108.0,109.0,24.0,85.0,234.0,0.0,0.0,93.0,21.0,72.0,0.0,0.0,0.0,0.0,4.0,4.0,4.0,4.0,2.0,2.15,26.0,26.0,26.0,19.0,4,4,4
mdanalysis/package/MDAnalysis/lib/mdamath.py,80,3.0,3.0,3.0,2.0,33.0,6.0,10.0,17.0,0.0,12.0,12.0,473.0,105.0,131.0,16.0,115.0,244.0,0.0,0.0,125.0,16.0,109.0,0.0,0.0,0.0,0.0,16.0,16.0,16.0,15.0,4.0,1.86,39.0,39.0,39.0,30.0,5,5,4
mdanalysis/package/MDAnalysis/lib/transformations.py,81,2.0,2.0,2.0,1.0,28.0,2.0,14.0,11.0,1.0,54.0,53.0,1858.0,292.0,779.0,65.0,714.0,790.0,1.0,0.0,678.0,63.0,615.0,1.0,1.0,1.0,1.0,8.0,8.0,8.0,5.0,4.0,1.01,153.0,153.0,153.0,86.0,0,0,0
mdanalysis/package/MDAnalysis/lib/util.py,82,2.0,2.0,2.0,1.0,16.0,2.0,6.0,7.0,4.0,72.0,71.0,1601.0,325.0,524.0,99.0,425.0,779.0,4.0,1.0,460.0,95.0,365.0,3.0,3.0,3.0,1.0,17.0,17.0,17.0,9.0,5.0,1.49,160.0,160.0,160.0,104.0,13,11,12
mdanalysis/package/MDAnalysis/migration/fixes/fix_agcountmethods.py,83,1.0,1.0,1.0,1.0,13.0,0.0,13.0,0.0,1.0,1.0,1.0,34.0,6.0,24.0,6.0,18.0,4.0,0.0,0.0,19.0,6.0,13.0,0.0,0.0,0.0,0.0,1.0,1.0,1.0,1.0,0.0,0.17,1.0,1.0,1.0,1.0,0,0,0
mdanalysis/package/MDAnalysis/migration/fixes/fix_agmethods.py,84,1.0,1.0,1.0,1.0,11.0,0.0,11.0,0.0,1.0,1.0,1.0,35.0,6.0,25.0,6.0,19.0,4.0,0.0,0.0,17.0,6.0,11.0,0.0,0.0,0.0,0.0,1.0,1.0,1.0,1.0,0.0,0.16,1.0,1.0,1.0,1.0,0,0,0
mdanalysis/package/MDAnalysis/migration/fixes/fix_agmethods2.py,85,2.0,2.0,2.0,1.0,13.0,0.0,13.0,0.0,1.0,1.0,1.0,35.0,6.0,25.0,6.0,19.0,4.0,0.0,0.0,19.0,6.0,13.0,0.0,0.0,0.0,0.0,2.0,2.0,2.0,1.0,1.0,0.16,2.0,2.0,2.0,1.0,0,0,0
mdanalysis/package/MDAnalysis/migration/fixes/fix_agsetterpluralization.py,86,3.0,3.0,3.0,1.0,17.0,0.0,17.0,3.0,1.0,1.0,1.0,40.0,6.0,30.0,6.0,24.0,7.0,0.0,0.0,21.0,6.0,15.0,0.0,0.0,0.0,0.0,3.0,3.0,3.0,1.0,1.0,0.23,3.0,3.0,3.0,1.0,0,0,0
mdanalysis/package/MDAnalysis/migration/fixes/fix_calctorsions.py,87,3.0,3.0,3.0,1.0,13.0,0.0,13.0,0.0,1.0,1.0,1.0,33.0,6.0,23.0,6.0,17.0,4.0,0.0,0.0,18.0,6.0,12.0,0.0,0.0,0.0,0.0,3.0,3.0,3.0,1.0,1.0,0.17,3.0,3.0,3.0,1.0,0,0,0
mdanalysis/package/MDAnalysis/migration/fixes/fix_camelcase.py,88,2.0,2.0,2.0,1.0,13.0,1.0,11.0,1.0,1.0,1.0,1.0,35.0,7.0,23.0,7.0,16.0,5.0,0.0,0.0,17.0,7.0,10.0,0.0,0.0,0.0,0.0,2.0,2.0,2.0,1.0,1.0,0.22,2.0,2.0,2.0,1.0,0,0,0
mdanalysis/package/MDAnalysis/migration/fixes/fix_framenumberingzerobased.py,89,2.0,2.0,2.0,1.0,15.0,0.0,12.0,5.0,1.0,1.0,1.0,34.0,5.0,22.0,6.0,16.0,9.0,0.0,0.0,17.0,6.0,11.0,0.0,0.0,0.0,0.0,2.0,2.0,2.0,1.0,1.0,0.41,2.0,2.0,2.0,1.0,0,0,0
mdanalysis/package/MDAnalysis/migration/fixes/fix_framenumberingzerobased2.py,90,4.0,4.0,4.0,1.0,20.0,0.0,14.0,7.0,1.0,1.0,1.0,39.0,5.0,24.0,6.0,18.0,11.0,0.0,0.0,20.0,6.0,14.0,0.0,0.0,0.0,0.0,4.0,4.0,4.0,1.0,2.0,0.46,4.0,4.0,4.0,1.0,0,0,0
mdanalysis/package/MDAnalysis/migration/fixes/fix_mdaimports.py,91,5.0,5.0,5.0,1.0,17.0,1.0,16.0,1.0,1.0,1.0,1.0,36.0,6.0,26.0,5.0,21.0,5.0,0.0,0.0,18.0,5.0,13.0,0.0,0.0,0.0,0.0,5.0,5.0,5.0,1.0,2.0,0.19,5.0,5.0,5.0,1.0,0,0,0
mdanalysis/package/MDAnalysis/migration/fixes/fix_numframes.py,92,2.0,2.0,2.0,1.0,9.0,0.0,9.0,0.0,1.0,1.0,1.0,26.0,5.0,17.0,6.0,11.0,4.0,0.0,0.0,15.0,6.0,9.0,0.0,0.0,0.0,0.0,2.0,2.0,2.0,1.0,1.0,0.24,2.0,2.0,2.0,1.0,0,0,0
mdanalysis/package/MDAnalysis/migration/fixes/fix_selectatoms.py,93,1.0,1.0,1.0,1.0,3.0,0.0,3.0,0.0,1.0,2.0,2.0,23.0,7.0,12.0,6.0,6.0,4.0,0.0,0.0,12.0,6.0,6.0,0.0,0.0,0.0,0.0,2.0,2.0,2.0,1.0,1.0,0.33,3.0,3.0,3.0,2.0,0,0,0
mdanalysis/package/MDAnalysis/migration/fixes/fix_torsionclasses.py,94,8.0,8.0,8.0,4.0,36.0,3.0,25.0,9.0,1.0,1.0,1.0,54.0,9.0,33.0,9.0,24.0,13.0,0.0,0.0,29.0,9.0,20.0,0.0,0.0,0.0,0.0,8.0,8.0,8.0,4.0,2.0,0.39,8.0,8.0,8.0,4.0,0,0,0
mdanalysis/package/MDAnalysis/migration/fixes/fix_torsions.py,95,1.0,1.0,1.0,1.0,11.0,0.0,11.0,0.0,1.0,1.0,1.0,31.0,6.0,21.0,6.0,15.0,4.0,0.0,0.0,17.0,6.0,11.0,0.0,0.0,0.0,0.0,1.0,1.0,1.0,1.0,0.0,0.19,1.0,1.0,1.0,1.0,0,0,0
mdanalysis/package/MDAnalysis/migration/fixes/fix_writer.py,96,1.0,1.0,1.0,1.0,3.0,0.0,3.0,0.0,1.0,1.0,1.0,18.0,4.0,10.0,5.0,5.0,4.0,0.0,0.0,8.0,5.0,3.0,0.0,0.0,0.0,0.0,1.0,1.0,1.0,1.0,0.0,0.4,1.0,1.0,1.0,1.0,0,0,0
mdanalysis/package/MDAnalysis/migration/ten2eleven.py,97,1.0,1.0,1.0,1.0,4.0,1.0,2.0,4.0,0.0,2.0,1.0,14.0,3.0,7.0,4.0,3.0,4.0,2.0,0.0,7.0,4.0,3.0,2.0,2.0,2.0,1.0,2.0,2.0,2.0,1.0,1.0,0.57,3.0,3.0,3.0,2.0,0,0,0
mdanalysis/package/MDAnalysis/migration/test_dummy_old_MDA_code.py,98,1.0,1.0,1.0,1.0,73.0,0.0,0.0,0.0,1.0,1.0,0.0,238.0,52.0,94.0,19.0,75.0,92.0,1.0,0.0,94.0,19.0,75.0,1.0,1.0,1.0,1.0,1.0,1.0,1.0,1.0,1.0,0.98,1.0,1.0,1.0,1.0,0,0,0
mdanalysis/package/MDAnalysis/selections/base.py,100,2.0,2.0,2.0,1.0,12.0,1.0,6.0,5.0,2.0,12.0,12.0,252.0,41.0,93.0,20.0,73.0,123.0,0.0,0.0,90.0,20.0,70.0,0.0,0.0,0.0,0.0,7.0,7.0,7.0,4.0,3.0,1.32,27.0,27.0,27.0,15.0,4,4,4
mdanalysis/package/MDAnalysis/selections/charmm.py,101,1.0,1.0,1.0,1.0,3.0,0.0,2.0,0.0,1.0,4.0,4.0,64.0,13.0,17.0,7.0,10.0,35.0,0.0,0.0,17.0,7.0,10.0,0.0,0.0,0.0,0.0,1.0,1.0,1.0,1.0,0.0,2.06,4.0,4.0,4.0,4.0,4,4,4
mdanalysis/package/MDAnalysis/selections/gromacs.py,102,1.0,1.0,1.0,1.0,2.0,0.0,2.0,0.0,1.0,2.0,2.0,57.0,13.0,10.0,5.0,5.0,34.0,0.0,0.0,10.0,5.0,5.0,0.0,0.0,0.0,0.0,1.0,1.0,1.0,1.0,0.0,3.4,2.0,2.0,2.0,2.0,4,4,4
mdanalysis/package/MDAnalysis/selections/jmol.py,103,1.0,1.0,1.0,1.0,3.0,0.0,2.0,0.0,1.0,4.0,4.0,62.0,12.0,15.0,7.0,8.0,36.0,0.0,0.0,15.0,7.0,8.0,0.0,0.0,0.0,0.0,1.0,1.0,1.0,1.0,0.0,2.4,4.0,4.0,4.0,4.0,4,4,4
mdanalysis/package/MDAnalysis/selections/pymol.py,104,1.0,1.0,1.0,1.0,3.0,0.0,3.0,0.0,1.0,3.0,3.0,62.0,12.0,15.0,6.0,9.0,37.0,0.0,0.0,15.0,6.0,9.0,0.0,0.0,0.0,0.0,1.0,1.0,1.0,1.0,0.0,2.47,3.0,3.0,3.0,3.0,4,4,4
mdanalysis/package/MDAnalysis/selections/vmd.py,105,1.0,1.0,1.0,1.0,2.0,0.0,2.0,0.0,1.0,3.0,3.0,68.0,15.0,14.0,6.0,8.0,40.0,0.0,0.0,14.0,6.0,8.0,0.0,0.0,0.0,0.0,1.0,1.0,1.0,1.0,0.0,2.86,3.0,3.0,3.0,3.0,4,4,4
mdanalysis/package/MDAnalysis/tests/datafiles.py,106,2.0,2.0,2.0,1.0,12.0,0.0,0.0,0.0,0.0,1.0,0.0,53.0,8.0,14.0,2.0,12.0,31.0,2.0,0.0,14.0,2.0,12.0,2.0,2.0,2.0,1.0,2.0,2.0,2.0,1.0,1.0,2.21,2.0,2.0,2.0,1.0,4,4,4
mdanalysis/package/MDAnalysis/topology/CRDParser.py,107,6.0,6.0,6.0,6.0,83.0,10.0,61.0,12.0,1.0,1.0,1.0,168.0,25.0,80.0,19.0,61.0,63.0,0.0,0.0,51.0,9.0,42.0,0.0,0.0,0.0,0.0,6.0,6.0,6.0,6.0,3.0,0.79,6.0,6.0,6.0,6.0,4,4,4
mdanalysis/package/MDAnalysis/topology/DLPolyParser.py,108,7.0,7.0,7.0,1.0,57.0,8.0,49.0,0.0,2.0,2.0,2.0,187.0,30.0,119.0,20.0,99.0,38.0,0.0,0.0,90.0,11.0,79.0,0.0,0.0,0.0,0.0,7.0,7.0,7.0,1.0,3.0,0.32,14.0,14.0,14.0,2.0,6,6,6
mdanalysis/package/MDAnalysis/topology/DMSParser.py,109,4.0,4.0,4.0,3.0,53.0,5.0,40.0,7.0,2.0,2.0,2.0,198.0,27.0,102.0,25.0,77.0,70.0,0.0,0.0,63.0,12.0,51.0,0.0,0.0,0.0,0.0,7.0,7.0,7.0,5.0,3.0,0.69,9.0,9.0,9.0,6.0,4,4,4
mdanalysis/package/MDAnalysis/topology/GMSParser.py,111,6.0,6.0,6.0,6.0,46.0,5.0,39.0,3.0,2.0,1.0,1.0,132.0,21.0,62.0,20.0,42.0,50.0,0.0,0.0,40.0,11.0,29.0,0.0,0.0,0.0,0.0,6.0,6.0,6.0,6.0,3.0,0.81,6.0,6.0,6.0,6.0,6,6,6
mdanalysis/package/MDAnalysis/topology/GROParser.py,112,8.0,8.0,8.0,5.0,77.0,10.0,51.0,17.0,1.0,1.0,1.0,158.0,26.0,70.0,19.0,51.0,63.0,0.0,0.0,45.0,10.0,35.0,0.0,0.0,0.0,0.0,8.0,8.0,8.0,5.0,3.0,0.9,8.0,8.0,8.0,5.0,6,6,6
mdanalysis/package/MDAnalysis/topology/HoomdXMLParser.py,113,9.0,9.0,9.0,1.0,76.0,13.0,52.0,11.0,1.0,1.0,1.0,163.0,28.0,75.0,23.0,52.0,60.0,0.0,0.0,50.0,10.0,40.0,0.0,0.0,0.0,0.0,9.0,9.0,9.0,1.0,3.0,0.8,9.0,9.0,9.0,1.0,4,4,4
mdanalysis/package/MDAnalysis/topology/LAMMPSParser.py,114,3.0,3.0,3.0,1.0,24.0,2.0,14.0,5.0,3.0,21.0,20.0,686.0,113.0,402.0,48.0,354.0,177.0,3.0,0.0,294.0,35.0,259.0,3.0,3.0,3.0,1.0,18.0,18.0,18.0,7.0,6.0,0.44,73.0,73.0,73.0,33.0,8,7,8
mdanalysis/package/MDAnalysis/topology/MMTFParser.py,115,3.0,3.0,3.0,1.0,26.0,4.0,17.0,5.0,3.0,5.0,5.0,243.0,47.0,117.0,34.0,83.0,81.0,0.0,0.0,88.0,18.0,70.0,0.0,0.0,0.0,0.0,7.0,7.0,7.0,1.0,3.0,0.69,16.0,16.0,16.0,5.0,4,4,4
mdanalysis/package/MDAnalysis/topology/MOL2Parser.py,116,12.0,12.0,12.0,10.0,99.0,18.0,74.0,8.0,1.0,1.0,1.0,184.0,33.0,95.0,21.0,74.0,57.0,0.0,0.0,77.0,10.0,67.0,0.0,0.0,0.0,0.0,12.0,12.0,12.0,10.0,4.0,0.6,12.0,12.0,12.0,10.0,4,4,4
mdanalysis/package/MDAnalysis/topology/PDBParser.py,117,5.0,5.0,5.0,2.0,46.0,6.0,31.0,10.0,1.0,5.0,5.0,346.0,58.0,182.0,29.0,153.0,116.0,0.0,0.0,143.0,14.0,129.0,0.0,0.0,0.0,0.0,16.0,16.0,16.0,5.0,5.0,0.64,28.0,28.0,28.0,11.0,8,8,8
mdanalysis/package/MDAnalysis/topology/PDBQTParser.py,118,4.0,4.0,4.0,3.0,75.0,10.0,60.0,5.0,1.0,1.0,1.0,177.0,27.0,82.0,22.0,60.0,68.0,0.0,0.0,57.0,9.0,48.0,0.0,0.0,0.0,0.0,4.0,4.0,4.0,3.0,3.0,0.83,4.0,4.0,4.0,3.0,6,6,6
mdanalysis/package/MDAnalysis/topology/PQRParser.py,119,5.0,5.0,5.0,1.0,86.0,13.0,66.0,7.0,1.0,1.0,1.0,181.0,30.0,87.0,21.0,66.0,64.0,0.0,0.0,67.0,9.0,58.0,0.0,0.0,0.0,0.0,5.0,5.0,5.0,1.0,4.0,0.74,5.0,5.0,5.0,1.0,15,14,16
mdanalysis/package/MDAnalysis/topology/PSFParser.py,120,3.0,3.0,3.0,1.0,49.0,7.0,33.0,21.0,1.0,5.0,4.0,344.0,48.0,162.0,30.0,132.0,137.0,1.0,0.0,113.0,16.0,97.0,1.0,1.0,1.0,1.0,8.0,8.0,8.0,3.0,3.0,0.85,19.0,19.0,19.0,9.0,8,8,8
mdanalysis/package/MDAnalysis/topology/TOPParser.py,121,2.0,2.0,2.0,1.0,13.0,1.0,11.0,1.0,2.0,12.0,12.0,308.0,50.0,165.0,37.0,128.0,95.0,0.0,0.0,126.0,25.0,101.0,0.0,0.0,0.0,0.0,10.0,10.0,10.0,3.0,4.0,0.58,27.0,27.0,27.0,14.0,6,6,6
mdanalysis/package/MDAnalysis/topology/TPRParser.py,122,3.0,3.0,3.0,1.0,20.0,4.0,22.0,5.0,1.0,3.0,2.0,248.0,53.0,57.0,11.0,46.0,143.0,1.0,0.0,56.0,11.0,45.0,1.0,1.0,1.0,1.0,7.0,7.0,7.0,3.0,2.0,2.51,9.0,9.0,9.0,5.0,8,7,8
mdanalysis/package/MDAnalysis/topology/XYZParser.py,123,2.0,2.0,2.0,1.0,35.0,7.0,21.0,7.0,1.0,1.0,1.0,108.0,21.0,39.0,18.0,21.0,48.0,0.0,0.0,23.0,10.0,13.0,0.0,0.0,0.0,0.0,2.0,2.0,2.0,1.0,2.0,1.23,2.0,2.0,2.0,1.0,6,6,6
mdanalysis/package/MDAnalysis/topology/_elements.py,124,1.0,1.0,1.0,1.0,120.0,0.0,0.0,0.0,0.0,1.0,0.0,143.0,1.0,120.0,0.0,120.0,22.0,1.0,0.0,1.0,0.0,1.0,1.0,1.0,1.0,1.0,1.0,1.0,1.0,1.0,0.0,0.18,1.0,1.0,1.0,1.0,4,4,4
mdanalysis/package/MDAnalysis/topology/base.py,125,1.0,1.0,1.0,1.0,17.0,2.0,6.0,9.0,2.0,6.0,6.0,187.0,34.0,49.0,18.0,31.0,107.0,0.0,0.0,46.0,18.0,28.0,0.0,0.0,0.0,0.0,4.0,4.0,4.0,1.0,2.0,2.18,11.0,11.0,11.0,6.0,4,4,4
mdanalysis/package/MDAnalysis/topology/guessers.py,127,3.0,3.0,3.0,1.0,28.0,5.0,9.0,14.0,0.0,11.0,11.0,377.0,86.0,109.0,16.0,93.0,189.0,0.0,0.0,102.0,16.0,86.0,0.0,0.0,0.0,0.0,8.0,8.0,8.0,5.0,5.0,1.73,38.0,38.0,38.0,17.0,8,7,8
mdanalysis/package/MDAnalysis/topology/tables.py,128,2.0,2.0,2.0,2.0,94.0,5.0,10.0,13.0,0.0,2.0,1.0,307.0,39.0,173.0,3.0,170.0,96.0,1.0,0.0,17.0,3.0,14.0,1.0,1.0,1.0,1.0,3.0,3.0,3.0,3.0,2.0,0.55,4.0,4.0,4.0,4.0,7,6,7
mdanalysis/package/MDAnalysis/topology/tpr/obj.py,129,1.0,1.0,1.0,1.0,6.0,0.0,4.0,0.0,3.0,13.0,12.0,137.0,23.0,78.0,19.0,59.0,38.0,1.0,0.0,63.0,18.0,45.0,1.0,1.0,1.0,1.0,2.0,2.0,2.0,1.0,1.0,0.49,18.0,18.0,18.0,13.0,4,4,4
mdanalysis/package/MDAnalysis/topology/tpr/setting.py,130,1.0,1.0,1.0,1.0,149.0,0.0,0.0,0.0,0.0,1.0,0.0,200.0,13.0,151.0,2.0,149.0,43.0,1.0,0.0,17.0,2.0,15.0,1.0,1.0,1.0,1.0,1.0,1.0,1.0,1.0,0.0,0.28,1.0,1.0,1.0,1.0,8,7,8
mdanalysis/package/MDAnalysis/topology/tpr/utils.py,131,4.0,4.0,4.0,2.0,32.0,4.0,24.0,14.0,0.0,28.0,28.0,1040.0,194.0,705.0,49.0,656.0,451.0,0.0,0.0,609.0,36.0,573.0,0.0,0.0,0.0,0.0,51.0,51.0,51.0,42.0,3.0,0.64,127.0,127.0,127.0,71.0,14,12,12
mdanalysis/package/MDAnalysis/units.py,132,2.0,2.0,2.0,2.0,41.0,2.0,8.0,9.0,0.0,3.0,2.0,375.0,69.0,100.0,3.0,97.0,221.0,3.0,0.0,31.0,3.0,28.0,3.0,3.0,3.0,1.0,4.0,4.0,4.0,4.0,2.0,2.21,8.0,8.0,8.0,6.0,4,4,4
mdanalysis/package/MDAnalysis/version.py,133,1.0,1.0,1.0,1.0,1.0,0.0,0.0,0.0,0.0,1.0,0.0,69.0,15.0,1.0,0.0,1.0,54.0,1.0,0.0,1.0,0.0,1.0,1.0,1.0,1.0,1.0,1.0,1.0,1.0,1.0,0.0,54.0,1.0,1.0,1.0,1.0,5,5,5
mdanalysis/package/MDAnalysis/visualization/streamlines.py,134,3.0,3.0,3.0,1.0,40.0,4.0,19.0,23.0,0.0,8.0,7.0,366.0,52.0,128.0,17.0,111.0,198.0,2.0,0.0,108.0,15.0,93.0,2.0,2.0,2.0,1.0,7.0,7.0,7.0,4.0,4.0,1.55,25.0,25.0,25.0,11.0,8,7,8
mdanalysis/package/MDAnalysis/visualization/streamlines_3D.py,135,3.0,3.0,3.0,1.0,50.0,3.0,28.0,21.0,0.0,10.0,10.0,511.0,58.0,234.0,24.0,210.0,238.0,0.0,0.0,184.0,19.0,165.0,0.0,0.0,0.0,0.0,12.0,12.0,12.0,5.0,4.0,1.02,34.0,34.0,34.0,14.0,4,4,4
mdanalysis/package/doc/sphinx/source/conf.py,136,1.0,1.0,1.0,1.0,78.0,0.0,0.0,0.0,0.0,1.0,0.0,336.0,77.0,82.0,4.0,78.0,181.0,1.0,0.0,36.0,4.0,32.0,1.0,1.0,1.0,1.0,1.0,1.0,1.0,1.0,0.0,2.21,1.0,1.0,1.0,1.0,12,11,10
mdanalysis/package/setup.py,137,4.0,4.0,4.0,2.0,37.0,1.0,23.0,4.0,2.0,11.0,10.0,544.0,63.0,364.0,32.0,332.0,124.0,288.0,2.0,217.0,30.0,187.0,12.0,12.0,12.0,1.0,12.0,12.0,12.0,6.0,4.0,0.34,54.0,54.0,54.0,24.0,18,19,18
mdanalysis/testsuite/MDAnalysisTests/analysis/test_align.py,138,1.0,1.0,1.0,1.0,9.0,0.0,8.0,0.0,3.0,32.0,31.0,381.0,56.0,275.0,59.0,212.0,51.0,1.0,0.0,208.0,46.0,162.0,1.0,1.0,1.0,1.0,1.0,1.0,1.0,1.0,1.0,0.19,32.0,32.0,32.0,32.0,28,25,24
mdanalysis/testsuite/MDAnalysisTests/analysis/test_base.py,139,1.0,1.0,1.0,1.0,5.0,0.0,4.0,0.0,4.0,21.0,21.0,179.0,43.0,112.0,42.0,70.0,24.0,0.0,0.0,100.0,33.0,67.0,0.0,0.0,0.0,0.0,3.0,3.0,3.0,1.0,1.0,0.21,24.0,24.0,24.0,21.0,18,14,18
mdanalysis/testsuite/MDAnalysisTests/analysis/test_contacts.py,140,1.0,1.0,1.0,1.0,10.0,1.0,8.0,0.0,1.0,24.0,24.0,347.0,67.0,237.0,52.0,185.0,43.0,0.0,0.0,142.0,34.0,108.0,0.0,0.0,0.0,0.0,2.0,2.0,2.0,1.0,1.0,0.18,25.0,25.0,25.0,24.0,16,12,16
mdanalysis/testsuite/MDAnalysisTests/analysis/test_density.py,141,1.0,1.0,1.0,1.0,5.0,0.0,4.0,0.0,4.0,24.0,24.0,222.0,45.0,147.0,48.0,99.0,31.0,0.0,0.0,107.0,45.0,62.0,0.0,0.0,0.0,0.0,2.0,2.0,2.0,1.0,2.0,0.21,27.0,27.0,27.0,24.0,17,14,16
mdanalysis/testsuite/MDAnalysisTests/analysis/test_diffusionmap.py,142,1.0,1.0,1.0,1.0,7.0,0.0,7.0,0.0,1.0,5.0,5.0,75.0,8.0,44.0,13.0,31.0,23.0,0.0,0.0,35.0,12.0,23.0,0.0,0.0,0.0,0.0,1.0,1.0,1.0,1.0,0.0,0.52,5.0,5.0,5.0,5.0,12,11,12
mdanalysis/testsuite/MDAnalysisTests/analysis/test_distances.py,143,1.0,1.0,1.0,1.0,8.0,0.0,7.0,0.0,3.0,14.0,14.0,175.0,22.0,121.0,30.0,91.0,34.0,0.0,0.0,90.0,30.0,60.0,0.0,0.0,0.0,0.0,1.0,1.0,1.0,1.0,1.0,0.28,14.0,14.0,14.0,14.0,8,8,8
mdanalysis/testsuite/MDAnalysisTests/analysis/test_encore.py,144,1.0,1.0,1.0,1.0,10.0,0.0,9.0,0.0,6.0,62.0,62.0,845.0,116.0,682.0,126.0,529.0,48.0,0.0,0.0,366.0,82.0,284.0,0.0,0.0,0.0,0.0,3.0,3.0,3.0,1.0,2.0,0.07,72.0,72.0,72.0,62.0,28,25,26
mdanalysis/testsuite/MDAnalysisTests/analysis/test_gnm.py,145,1.0,1.0,1.0,1.0,10.0,0.0,10.0,0.0,1.0,10.0,10.0,154.0,20.0,113.0,21.0,92.0,21.0,0.0,0.0,65.0,19.0,46.0,0.0,0.0,0.0,0.0,1.0,1.0,1.0,1.0,0.0,0.19,10.0,10.0,10.0,10.0,17,14,14
mdanalysis/testsuite/MDAnalysisTests/analysis/test_hbonds.py,146,1.0,1.0,1.0,1.0,9.0,0.0,8.0,0.0,6.0,29.0,29.0,334.0,47.0,247.0,55.0,192.0,42.0,0.0,0.0,172.0,48.0,124.0,0.0,0.0,0.0,0.0,3.0,3.0,3.0,1.0,3.0,0.17,39.0,39.0,39.0,29.0,10,9,9
mdanalysis/testsuite/MDAnalysisTests/analysis/test_helanal.py,147,2.0,2.0,2.0,1.0,20.0,1.0,11.0,5.0,0.0,5.0,4.0,157.0,16.0,92.0,20.0,72.0,49.0,1.0,0.0,48.0,15.0,33.0,1.0,1.0,1.0,1.0,5.0,5.0,5.0,3.0,3.0,0.53,11.0,11.0,11.0,7.0,12,10,12
mdanalysis/testsuite/MDAnalysisTests/analysis/test_hole.py,148,1.0,1.0,1.0,1.0,9.0,0.0,7.0,1.0,3.0,16.0,16.0,251.0,37.0,164.0,55.0,99.0,50.0,0.0,0.0,114.0,39.0,75.0,0.0,0.0,0.0,0.0,5.0,5.0,5.0,3.0,3.0,0.3,24.0,24.0,24.0,18.0,12,9,9
mdanalysis/testsuite/MDAnalysisTests/analysis/test_hydrogenbondautocorrel.py,149,1.0,1.0,1.0,1.0,12.0,0.0,12.0,0.0,1.0,19.0,19.0,290.0,36.0,229.0,31.0,198.0,26.0,0.0,0.0,96.0,30.0,66.0,0.0,0.0,0.0,0.0,1.0,1.0,1.0,1.0,1.0,0.11,19.0,19.0,19.0,19.0,16,15,16
mdanalysis/testsuite/MDAnalysisTests/analysis/test_leaflet.py,150,1.0,1.0,1.0,1.0,6.0,0.0,5.0,0.0,1.0,5.0,5.0,67.0,9.0,36.0,15.0,21.0,22.0,0.0,0.0,36.0,15.0,21.0,0.0,0.0,0.0,0.0,2.0,2.0,2.0,1.0,1.0,0.61,6.0,6.0,6.0,5.0,8,8,8
mdanalysis/testsuite/MDAnalysisTests/analysis/test_lineardensity.py,151,1.0,1.0,1.0,1.0,5.0,0.0,4.0,0.0,1.0,2.0,2.0,47.0,6.0,16.0,9.0,7.0,25.0,0.0,0.0,15.0,9.0,6.0,0.0,0.0,0.0,0.0,1.0,1.0,1.0,1.0,0.0,1.56,2.0,2.0,2.0,2.0,7,7,7
mdanalysis/testsuite/MDAnalysisTests/analysis/test_nuclinfo.py,152,1.0,1.0,1.0,1.0,3.0,0.0,3.0,0.0,1.0,32.0,32.0,166.0,37.0,108.0,42.0,66.0,21.0,0.0,0.0,100.0,38.0,62.0,0.0,0.0,0.0,0.0,1.0,1.0,1.0,1.0,0.0,0.19,32.0,32.0,32.0,32.0,11,10,11
mdanalysis/testsuite/MDAnalysisTests/analysis/test_pca.py,153,1.0,1.0,1.0,1.0,5.0,0.0,5.0,0.0,1.0,9.0,9.0,95.0,13.0,59.0,22.0,37.0,23.0,0.0,0.0,49.0,17.0,32.0,0.0,0.0,0.0,0.0,2.0,2.0,2.0,1.0,1.0,0.39,10.0,10.0,10.0,9.0,10,8,10
mdanalysis/testsuite/MDAnalysisTests/analysis/test_persistencelength.py,154,1.0,1.0,1.0,1.0,4.0,0.0,4.0,0.0,2.0,12.0,12.0,114.0,22.0,65.0,28.0,37.0,27.0,0.0,0.0,59.0,23.0,36.0,0.0,0.0,0.0,0.0,1.0,1.0,1.0,1.0,0.0,0.42,12.0,12.0,12.0,12.0,11,9,11
mdanalysis/testsuite/MDAnalysisTests/analysis/test_psa.py,155,1.0,1.0,1.0,1.0,7.0,0.0,5.0,1.0,7.0,29.0,29.0,319.0,56.0,190.0,49.0,141.0,74.0,0.0,0.0,167.0,45.0,122.0,0.0,0.0,0.0,0.0,2.0,2.0,2.0,1.0,1.0,0.39,30.0,30.0,30.0,29.0,20,16,16
mdanalysis/testsuite/MDAnalysisTests/analysis/test_rdf.py,156,1.0,1.0,1.0,1.0,6.0,0.0,4.0,1.0,1.0,10.0,10.0,105.0,18.0,52.0,17.0,35.0,35.0,0.0,0.0,51.0,17.0,34.0,0.0,0.0,0.0,0.0,2.0,2.0,2.0,1.0,1.0,0.67,11.0,11.0,11.0,10.0,14,13,14
mdanalysis/testsuite/MDAnalysisTests/analysis/test_rms.py,157,1.0,1.0,1.0,1.0,6.0,0.0,6.0,0.0,3.0,34.0,33.0,312.0,50.0,234.0,61.0,172.0,28.0,1.0,0.0,180.0,49.0,131.0,1.0,1.0,1.0,1.0,2.0,2.0,2.0,1.0,2.0,0.12,35.0,35.0,35.0,34.0,27,27,24
mdanalysis/testsuite/MDAnalysisTests/analysis/test_waterdynamics.py,158,1.0,1.0,1.0,1.0,5.0,0.0,5.0,0.0,1.0,9.0,9.0,88.0,12.0,55.0,19.0,36.0,21.0,0.0,0.0,45.0,17.0,28.0,0.0,0.0,0.0,0.0,1.0,1.0,1.0,1.0,0.0,0.38,9.0,9.0,9.0,9.0,14,12,13
mdanalysis/testsuite/MDAnalysisTests/auxiliary/base.py,159,1.0,1.0,1.0,1.0,7.0,0.0,5.0,2.0,2.0,41.0,41.0,382.0,56.0,218.0,58.0,160.0,109.0,0.0,0.0,173.0,49.0,124.0,0.0,0.0,0.0,0.0,6.0,6.0,6.0,6.0,1.0,0.5,55.0,55.0,55.0,46.0,9,7,8
mdanalysis/testsuite/MDAnalysisTests/auxiliary/test_xvg.py,160,1.0,1.0,1.0,1.0,5.0,0.0,3.0,1.0,4.0,11.0,11.0,108.0,18.0,58.0,27.0,31.0,34.0,0.0,0.0,53.0,23.0,30.0,0.0,0.0,0.0,0.0,1.0,1.0,1.0,1.0,0.0,0.59,11.0,11.0,11.0,11.0,4,4,4
mdanalysis/testsuite/MDAnalysisTests/coordinates/base.py,161,1.0,1.0,1.0,1.0,6.0,0.0,5.0,0.0,6.0,131.0,131.0,1111.0,214.0,813.0,158.0,655.0,106.0,0.0,0.0,695.0,151.0,544.0,0.0,0.0,0.0,0.0,13.0,13.0,13.0,9.0,3.0,0.13,197.0,197.0,197.0,147.0,29,26,25
mdanalysis/testsuite/MDAnalysisTests/coordinates/test_amber_inpcrd.py,163,1.0,1.0,1.0,1.0,5.0,0.0,4.0,0.0,1.0,4.0,4.0,60.0,10.0,27.0,13.0,14.0,23.0,0.0,0.0,22.0,12.0,10.0,0.0,0.0,0.0,0.0,2.0,2.0,2.0,1.0,1.0,0.85,5.0,5.0,5.0,4.0,4,4,4
mdanalysis/testsuite/MDAnalysisTests/coordinates/test_chainreader.py,164,1.0,1.0,1.0,1.0,5.0,0.0,5.0,0.0,3.0,18.0,18.0,177.0,26.0,123.0,41.0,77.0,31.0,0.0,0.0,85.0,31.0,54.0,0.0,0.0,0.0,0.0,3.0,3.0,3.0,1.0,2.0,0.25,23.0,23.0,23.0,18.0,18,17,17
mdanalysis/testsuite/MDAnalysisTests/coordinates/test_crd.py,165,1.0,1.0,1.0,1.0,8.0,0.0,6.0,1.0,2.0,9.0,9.0,123.0,20.0,72.0,23.0,49.0,31.0,0.0,0.0,59.0,18.0,41.0,0.0,0.0,0.0,0.0,3.0,3.0,3.0,1.0,3.0,0.43,15.0,15.0,15.0,9.0,8,10,7
mdanalysis/testsuite/MDAnalysisTests/coordinates/test_dcd.py,166,1.0,1.0,1.0,1.0,8.0,0.0,7.0,0.0,10.0,60.0,60.0,629.0,93.0,491.0,99.0,392.0,70.0,0.0,0.0,369.0,85.0,284.0,0.0,0.0,0.0,0.0,3.0,3.0,3.0,1.0,2.0,0.14,83.0,83.0,83.0,60.0,23,23,24
mdanalysis/testsuite/MDAnalysisTests/coordinates/test_dlpoly.py,167,1.0,1.0,1.0,1.0,3.0,0.0,3.0,0.0,12.0,32.0,32.0,218.0,55.0,142.0,53.0,89.0,21.0,0.0,0.0,124.0,51.0,73.0,0.0,0.0,0.0,0.0,2.0,2.0,2.0,1.0,1.0,0.15,36.0,36.0,36.0,32.0,10,12,10
mdanalysis/testsuite/MDAnalysisTests/coordinates/test_dms.py,168,1.0,1.0,1.0,1.0,3.0,0.0,3.0,0.0,2.0,14.0,14.0,105.0,19.0,61.0,24.0,37.0,25.0,0.0,0.0,52.0,24.0,28.0,0.0,0.0,0.0,0.0,1.0,1.0,1.0,1.0,0.0,0.41,14.0,14.0,14.0,14.0,14,14,14
mdanalysis/testsuite/MDAnalysisTests/coordinates/test_gms.py,169,1.0,1.0,1.0,1.0,5.0,0.0,5.0,0.0,4.0,11.0,11.0,111.0,20.0,70.0,22.0,48.0,21.0,0.0,0.0,62.0,21.0,41.0,0.0,0.0,0.0,0.0,2.0,2.0,2.0,1.0,1.0,0.3,12.0,12.0,12.0,11.0,8,10,7
mdanalysis/testsuite/MDAnalysisTests/coordinates/test_gro.py,170,1.0,1.0,1.0,1.0,7.0,0.0,6.0,1.0,17.0,42.0,42.0,453.0,64.0,329.0,93.0,232.0,65.0,0.0,0.0,237.0,69.0,168.0,0.0,0.0,0.0,0.0,2.0,2.0,2.0,1.0,2.0,0.2,51.0,51.0,51.0,42.0,30,27,26
mdanalysis/testsuite/MDAnalysisTests/coordinates/test_lammps.py,171,1.0,1.0,1.0,1.0,5.0,0.0,5.0,0.0,14.0,54.0,54.0,417.0,80.0,302.0,83.0,219.0,35.0,0.0,0.0,259.0,78.0,181.0,0.0,0.0,0.0,0.0,7.0,7.0,7.0,1.0,3.0,0.12,73.0,73.0,73.0,54.0,16,16,13
mdanalysis/testsuite/MDAnalysisTests/coordinates/test_memory.py,172,1.0,1.0,1.0,1.0,5.0,0.0,4.0,0.0,2.0,25.0,25.0,196.0,35.0,126.0,39.0,87.0,35.0,0.0,0.0,107.0,36.0,71.0,0.0,0.0,0.0,0.0,2.0,2.0,2.0,1.0,1.0,0.28,26.0,26.0,26.0,25.0,28,27,27
mdanalysis/testsuite/MDAnalysisTests/coordinates/test_mmtf.py,173,1.0,1.0,1.0,1.0,2.0,0.0,2.0,0.0,2.0,14.0,14.0,88.0,17.0,48.0,24.0,24.0,23.0,0.0,0.0,37.0,21.0,16.0,0.0,0.0,0.0,0.0,1.0,1.0,1.0,1.0,0.0,0.48,14.0,14.0,14.0,14.0,9,11,8
mdanalysis/testsuite/MDAnalysisTests/coordinates/test_mol2.py,174,1.0,1.0,1.0,1.0,4.0,0.0,4.0,0.0,3.0,20.0,20.0,171.0,35.0,107.0,38.0,69.0,30.0,0.0,0.0,99.0,31.0,68.0,0.0,0.0,0.0,0.0,2.0,2.0,2.0,1.0,2.0,0.28,21.0,21.0,21.0,20.0,10,9,10
mdanalysis/testsuite/MDAnalysisTests/coordinates/test_netcdf.py,175,1.0,1.0,1.0,1.0,9.0,0.0,7.0,0.0,10.0,39.0,39.0,473.0,76.0,350.0,80.0,270.0,47.0,0.0,0.0,262.0,68.0,194.0,0.0,0.0,0.0,0.0,7.0,7.0,7.0,5.0,3.0,0.13,61.0,61.0,61.0,43.0,26,23,23
mdanalysis/testsuite/MDAnalysisTests/coordinates/test_null.py,176,1.0,1.0,1.0,1.0,2.0,0.0,2.0,0.0,1.0,3.0,3.0,39.0,6.0,12.0,7.0,5.0,21.0,0.0,0.0,12.0,7.0,5.0,0.0,0.0,0.0,0.0,2.0,2.0,2.0,1.0,2.0,1.75,4.0,4.0,4.0,3.0,8,12,7
mdanalysis/testsuite/MDAnalysisTests/coordinates/test_pdb.py,177,1.0,1.0,1.0,1.0,7.0,0.0,6.0,0.0,14.0,91.0,91.0,904.0,147.0,655.0,169.0,485.0,109.0,0.0,0.0,464.0,121.0,343.0,0.0,0.0,0.0,0.0,5.0,5.0,5.0,1.0,3.0,0.17,120.0,120.0,120.0,91.0,20,17,19
mdanalysis/testsuite/MDAnalysisTests/coordinates/test_pdbqt.py,178,1.0,1.0,1.0,1.0,5.0,0.0,4.0,0.0,2.0,17.0,17.0,158.0,32.0,96.0,32.0,64.0,34.0,0.0,0.0,87.0,26.0,61.0,0.0,0.0,0.0,0.0,2.0,2.0,2.0,1.0,1.0,0.35,18.0,18.0,18.0,17.0,9,11,8
mdanalysis/testsuite/MDAnalysisTests/coordinates/test_pqr.py,179,1.0,1.0,1.0,1.0,7.0,0.0,6.0,0.0,3.0,18.0,18.0,201.0,34.0,137.0,35.0,102.0,31.0,0.0,0.0,105.0,29.0,76.0,0.0,0.0,0.0,0.0,2.0,2.0,2.0,1.0,1.0,0.23,20.0,20.0,20.0,18.0,5,5,5
mdanalysis/testsuite/MDAnalysisTests/coordinates/test_reader_api.py,180,1.0,1.0,1.0,1.0,4.0,0.0,4.0,0.0,7.0,38.0,37.0,275.0,63.0,180.0,52.0,128.0,44.0,1.0,0.0,136.0,48.0,88.0,1.0,1.0,1.0,1.0,2.0,2.0,2.0,1.0,1.0,0.24,43.0,43.0,43.0,38.0,12,11,12
mdanalysis/testsuite/MDAnalysisTests/coordinates/test_timestep_api.py,181,1.0,1.0,1.0,1.0,3.0,0.0,3.0,0.0,21.0,23.0,23.0,215.0,54.0,124.0,67.0,57.0,37.0,0.0,0.0,98.0,50.0,48.0,0.0,0.0,0.0,0.0,2.0,2.0,2.0,1.0,1.0,0.3,24.0,24.0,24.0,23.0,28,24,25
mdanalysis/testsuite/MDAnalysisTests/coordinates/test_trj.py,182,1.0,1.0,1.0,1.0,4.0,0.0,4.0,0.0,5.0,17.0,17.0,151.0,35.0,91.0,30.0,61.0,26.0,0.0,0.0,78.0,29.0,49.0,0.0,0.0,0.0,0.0,1.0,1.0,1.0,1.0,0.0,0.29,17.0,17.0,17.0,17.0,17,17,15
mdanalysis/testsuite/MDAnalysisTests/coordinates/test_trz.py,183,1.0,1.0,1.0,1.0,6.0,0.0,6.0,0.0,5.0,27.0,27.0,279.0,53.0,197.0,45.0,152.0,30.0,0.0,0.0,164.0,44.0,120.0,0.0,0.0,0.0,0.0,4.0,4.0,4.0,1.0,2.0,0.15,34.0,34.0,34.0,27.0,13,14,12
mdanalysis/testsuite/MDAnalysisTests/coordinates/test_writer_registration.py,184,1.0,1.0,1.0,1.0,3.0,0.0,2.0,0.0,3.0,5.0,5.0,60.0,10.0,23.0,12.0,11.0,27.0,0.0,0.0,22.0,12.0,10.0,0.0,0.0,0.0,0.0,1.0,1.0,1.0,1.0,0.0,1.17,5.0,5.0,5.0,5.0,15,15,13
mdanalysis/testsuite/MDAnalysisTests/coordinates/test_xdr.py,185,1.0,1.0,1.0,1.0,9.0,0.0,8.0,0.0,28.0,65.0,64.0,884.0,157.0,645.0,152.0,489.0,87.0,1.0,0.0,476.0,111.0,365.0,1.0,1.0,1.0,1.0,7.0,7.0,7.0,1.0,2.0,0.13,89.0,89.0,89.0,65.0,21,16,19
mdanalysis/testsuite/MDAnalysisTests/coordinates/test_xyz.py,186,1.0,1.0,1.0,1.0,6.0,0.0,5.0,0.0,7.0,15.0,15.0,169.0,35.0,111.0,40.0,71.0,23.0,0.0,0.0,99.0,32.0,67.0,0.0,0.0,0.0,0.0,3.0,3.0,3.0,1.0,2.0,0.21,21.0,21.0,21.0,15.0,13,14,10
mdanalysis/testsuite/MDAnalysisTests/core/test_atom.py,187,1.0,1.0,1.0,1.0,3.0,0.0,3.0,0.0,2.0,23.0,23.0,151.0,33.0,93.0,44.0,49.0,26.0,0.0,0.0,79.0,32.0,47.0,0.0,0.0,0.0,0.0,2.0,2.0,2.0,1.0,1.0,0.28,24.0,24.0,24.0,23.0,11,9,11
mdanalysis/testsuite/MDAnalysisTests/core/test_atomgroup.py,188,1.0,1.0,1.0,1.0,5.0,0.0,5.0,0.0,17.0,173.0,172.0,1290.0,241.0,957.0,247.0,710.0,103.0,1.0,0.0,776.0,203.0,573.0,1.0,1.0,1.0,1.0,4.0,4.0,4.0,4.0,2.0,0.11,195.0,195.0,195.0,176.0,27,26,23
mdanalysis/testsuite/MDAnalysisTests/core/test_atomselections.py,189,1.0,1.0,1.0,1.0,6.0,0.0,5.0,0.0,15.0,117.0,117.0,1024.0,236.0,703.0,177.0,526.0,97.0,0.0,0.0,559.0,148.0,411.0,0.0,0.0,0.0,0.0,4.0,4.0,4.0,1.0,3.0,0.14,140.0,140.0,140.0,117.0,28,27,24
mdanalysis/testsuite/MDAnalysisTests/core/test_fragments.py,190,2.0,2.0,2.0,1.0,7.0,0.0,6.0,1.0,1.0,11.0,11.0,170.0,26.0,89.0,31.0,58.0,57.0,0.0,0.0,78.0,20.0,58.0,0.0,0.0,0.0,0.0,4.0,4.0,4.0,1.0,3.0,0.64,23.0,23.0,23.0,11.0,10,11,10
mdanalysis/testsuite/MDAnalysisTests/core/test_group_traj_access.py,191,1.0,1.0,1.0,1.0,8.0,0.0,6.0,0.0,7.0,40.0,40.0,462.0,94.0,312.0,85.0,227.0,56.0,0.0,0.0,243.0,55.0,188.0,0.0,0.0,0.0,0.0,2.0,2.0,2.0,1.0,1.0,0.18,50.0,50.0,50.0,40.0,20,15,17
mdanalysis/testsuite/MDAnalysisTests/core/test_groups.py,192,1.0,1.0,1.0,1.0,6.0,0.0,5.0,0.0,13.0,123.0,123.0,1027.0,197.0,727.0,191.0,536.0,103.0,0.0,0.0,626.0,150.0,476.0,0.0,0.0,0.0,0.0,8.0,8.0,8.0,4.0,3.0,0.14,162.0,162.0,162.0,126.0,28,24,24
mdanalysis/testsuite/MDAnalysisTests/core/test_index_dtype.py,193,1.0,1.0,1.0,1.0,2.0,0.0,2.0,0.0,1.0,17.0,17.0,92.0,22.0,44.0,24.0,20.0,26.0,0.0,0.0,39.0,22.0,17.0,0.0,0.0,0.0,0.0,1.0,1.0,1.0,1.0,0.0,0.59,17.0,17.0,17.0,17.0,10,8,8
mdanalysis/testsuite/MDAnalysisTests/core/test_requires.py,194,1.0,1.0,1.0,1.0,6.0,1.0,5.0,0.0,1.0,8.0,8.0,66.0,17.0,44.0,22.0,22.0,5.0,0.0,0.0,37.0,15.0,22.0,0.0,0.0,0.0,0.0,2.0,2.0,2.0,1.0,1.0,0.11,9.0,9.0,9.0,8.0,11,12,10
mdanalysis/testsuite/MDAnalysisTests/core/test_residue.py,195,1.0,1.0,1.0,1.0,4.0,0.0,4.0,0.0,1.0,4.0,4.0,59.0,9.0,28.0,16.0,12.0,22.0,0.0,0.0,21.0,10.0,11.0,0.0,0.0,0.0,0.0,1.0,1.0,1.0,1.0,0.0,0.79,4.0,4.0,4.0,4.0,21,16,19
mdanalysis/testsuite/MDAnalysisTests/core/test_residuegroup.py,196,1.0,1.0,1.0,1.0,5.0,0.0,5.0,0.0,2.0,29.0,29.0,267.0,45.0,177.0,50.0,127.0,46.0,0.0,0.0,133.0,38.0,95.0,0.0,0.0,0.0,0.0,3.0,3.0,3.0,1.0,2.0,0.26,36.0,36.0,36.0,29.0,22,21,20
mdanalysis/testsuite/MDAnalysisTests/core/test_segment.py,197,1.0,1.0,1.0,1.0,5.0,0.0,4.0,0.0,1.0,7.0,7.0,84.0,15.0,44.0,19.0,23.0,25.0,0.0,0.0,34.0,14.0,20.0,0.0,0.0,0.0,0.0,1.0,1.0,1.0,1.0,0.0,0.57,7.0,7.0,7.0,7.0,21,17,18
mdanalysis/testsuite/MDAnalysisTests/core/test_segmentgroup.py,198,1.0,1.0,1.0,1.0,3.0,0.0,3.0,0.0,1.0,10.0,10.0,90.0,16.0,50.0,23.0,27.0,24.0,0.0,0.0,41.0,17.0,24.0,0.0,0.0,0.0,0.0,2.0,2.0,2.0,1.0,1.0,0.48,12.0,12.0,12.0,10.0,21,16,19
mdanalysis/testsuite/MDAnalysisTests/core/test_topology.py,199,1.0,1.0,1.0,1.0,7.0,0.0,6.0,0.0,6.0,71.0,71.0,708.0,140.0,527.0,103.0,424.0,46.0,0.0,0.0,419.0,88.0,331.0,0.0,0.0,0.0,0.0,4.0,4.0,4.0,1.0,2.0,0.09,104.0,104.0,104.0,71.0,12,13,11
mdanalysis/testsuite/MDAnalysisTests/core/test_topologyattrs.py,200,1.0,1.0,1.0,1.0,5.0,0.0,3.0,0.0,15.0,50.0,50.0,457.0,120.0,257.0,91.0,166.0,81.0,0.0,0.0,215.0,77.0,138.0,0.0,0.0,0.0,0.0,5.0,5.0,5.0,5.0,3.0,0.32,54.0,54.0,54.0,54.0,19,17,18
mdanalysis/testsuite/MDAnalysisTests/core/test_topologyobjects.py,201,1.0,1.0,1.0,1.0,6.0,0.0,5.0,0.0,3.0,81.0,81.0,690.0,155.0,454.0,100.0,354.0,97.0,0.0,0.0,369.0,91.0,278.0,0.0,0.0,0.0,0.0,4.0,4.0,4.0,1.0,2.0,0.21,94.0,94.0,94.0,81.0,14,11,13
mdanalysis/testsuite/MDAnalysisTests/core/test_universe.py,202,1.0,1.0,1.0,1.0,6.0,0.0,5.0,0.0,6.0,59.0,58.0,572.0,83.0,420.0,143.0,267.0,69.0,2.0,0.0,295.0,79.0,216.0,2.0,2.0,2.0,1.0,3.0,3.0,3.0,1.0,1.0,0.16,68.0,68.0,68.0,59.0,28,23,25
mdanalysis/testsuite/MDAnalysisTests/core/test_updating_atomgroup.py,203,1.0,1.0,1.0,1.0,7.0,0.0,6.0,0.0,5.0,23.0,23.0,261.0,49.0,166.0,44.0,122.0,51.0,0.0,0.0,141.0,36.0,105.0,0.0,0.0,0.0,0.0,2.0,2.0,2.0,1.0,1.0,0.31,26.0,26.0,26.0,23.0,19,18,15
mdanalysis/testsuite/MDAnalysisTests/core/util.py,204,1.0,1.0,1.0,1.0,10.0,0.0,6.0,2.0,1.0,20.0,19.0,248.0,40.0,134.0,43.0,91.0,74.0,1.0,0.0,104.0,43.0,61.0,1.0,1.0,1.0,1.0,3.0,3.0,3.0,1.0,1.0,0.55,25.0,25.0,25.0,20.0,4,4,4
mdanalysis/testsuite/MDAnalysisTests/data/coordinates/create_data.py,205,1.0,1.0,1.0,1.0,9.0,0.0,13.0,0.0,0.0,3.0,2.0,37.0,6.0,31.0,5.0,26.0,0.0,2.0,0.0,31.0,5.0,26.0,2.0,2.0,2.0,1.0,2.0,2.0,2.0,1.0,2.0,0.0,5.0,5.0,5.0,3.0,4,3,4
mdanalysis/testsuite/MDAnalysisTests/datafiles.py,206,1.0,1.0,1.0,1.0,302.0,0.0,0.0,0.0,0.0,1.0,0.0,395.0,53.0,304.0,2.0,302.0,98.0,1.0,0.0,187.0,2.0,185.0,1.0,1.0,1.0,1.0,1.0,1.0,1.0,1.0,0.0,0.32,1.0,1.0,1.0,1.0,25,21,23
mdanalysis/testsuite/MDAnalysisTests/formats/test_libmdaxdr.py,207,1.0,1.0,1.0,1.0,8.0,0.0,8.0,0.0,3.0,30.0,30.0,396.0,62.0,302.0,64.0,231.0,32.0,0.0,0.0,258.0,46.0,212.0,0.0,0.0,0.0,0.0,3.0,3.0,3.0,1.0,2.0,0.11,40.0,40.0,40.0,30.0,6,6,6
mdanalysis/testsuite/MDAnalysisTests/lib/test_util.py,208,1.0,1.0,1.0,1.0,4.0,0.0,4.0,0.0,15.0,137.0,137.0,988.0,205.0,671.0,178.0,491.0,112.0,0.0,0.0,535.0,164.0,371.0,0.0,0.0,0.0,0.0,8.0,8.0,8.0,1.0,3.0,0.17,164.0,164.0,164.0,137.0,10,9,8
mdanalysis/testsuite/MDAnalysisTests/plugins/capture_err.py,209,1.0,1.0,1.0,1.0,4.0,0.0,3.0,1.0,1.0,14.0,13.0,135.0,18.0,64.0,21.0,43.0,54.0,1.0,0.0,58.0,21.0,37.0,1.0,1.0,1.0,1.0,2.0,2.0,2.0,1.0,1.0,0.84,19.0,19.0,19.0,14.0,4,2,3
mdanalysis/testsuite/MDAnalysisTests/plugins/cleanup.py,210,2.0,2.0,2.0,1.0,9.0,0.0,11.0,1.0,1.0,4.0,3.0,81.0,9.0,45.0,11.0,34.0,28.0,1.0,0.0,37.0,11.0,26.0,1.0,1.0,1.0,1.0,7.0,7.0,7.0,1.0,4.0,0.62,11.0,11.0,11.0,4.0,4,2,3
mdanalysis/testsuite/MDAnalysisTests/plugins/knownfailure.py,211,2.0,2.0,2.0,1.0,13.0,0.0,14.0,3.0,0.0,4.0,3.0,70.0,9.0,28.0,9.0,19.0,35.0,2.0,0.0,26.0,9.0,17.0,2.0,2.0,2.0,1.0,4.0,4.0,4.0,4.0,2.0,1.25,9.0,9.0,9.0,7.0,4,2,3
mdanalysis/testsuite/MDAnalysisTests/plugins/memleak.py,212,2.0,2.0,2.0,1.0,9.0,0.0,6.0,4.0,2.0,4.0,3.0,91.0,14.0,34.0,9.0,25.0,45.0,1.0,0.0,32.0,9.0,23.0,1.0,1.0,1.0,1.0,5.0,5.0,5.0,1.0,2.0,1.32,8.0,8.0,8.0,4.0,4,2,3
mdanalysis/testsuite/MDAnalysisTests/plugins/open_files.py,213,1.0,1.0,1.0,1.0,8.0,0.0,6.0,2.0,1.0,7.0,6.0,114.0,20.0,53.0,14.0,39.0,42.0,1.0,0.0,43.0,14.0,29.0,1.0,1.0,1.0,1.0,2.0,2.0,2.0,1.0,1.0,0.79,10.0,10.0,10.0,7.0,4,2,3
mdanalysis/testsuite/MDAnalysisTests/tempdir.py,214,1.0,1.0,1.0,1.0,4.0,0.0,3.0,0.0,2.0,12.0,12.0,92.0,14.0,45.0,20.0,25.0,33.0,0.0,0.0,43.0,19.0,24.0,0.0,0.0,0.0,0.0,3.0,3.0,3.0,1.0,2.0,0.73,16.0,16.0,16.0,12.0,0,0,0
mdanalysis/testsuite/MDAnalysisTests/topology/base.py,215,1.0,1.0,1.0,1.0,6.0,0.0,5.0,1.0,1.0,9.0,9.0,102.0,15.0,55.0,16.0,39.0,33.0,0.0,0.0,38.0,14.0,24.0,0.0,0.0,0.0,0.0,3.0,3.0,3.0,3.0,2.0,0.6,13.0,13.0,13.0,11.0,10,8,9
mdanalysis/testsuite/MDAnalysisTests/topology/test_dlpoly.py,217,1.0,1.0,1.0,1.0,3.0,0.0,3.0,0.0,9.0,3.0,3.0,103.0,21.0,61.0,27.0,34.0,21.0,0.0,0.0,50.0,17.0,33.0,0.0,0.0,0.0,0.0,1.0,1.0,1.0,1.0,0.0,0.34,3.0,3.0,3.0,3.0,11,9,10
mdanalysis/testsuite/MDAnalysisTests/topology/test_dms.py,218,1.0,1.0,1.0,1.0,8.0,2.0,6.0,0.0,1.0,2.0,2.0,64.0,11.0,31.0,12.0,19.0,22.0,0.0,0.0,25.0,8.0,17.0,0.0,0.0,0.0,0.0,1.0,1.0,1.0,1.0,0.0,0.71,2.0,2.0,2.0,2.0,12,10,11
mdanalysis/testsuite/MDAnalysisTests/topology/test_gms.py,219,1.0,1.0,1.0,1.0,3.0,0.0,3.0,0.0,4.0,4.0,4.0,72.0,13.0,38.0,20.0,18.0,24.0,0.0,0.0,27.0,13.0,14.0,0.0,0.0,0.0,0.0,1.0,1.0,1.0,1.0,0.0,0.63,4.0,4.0,4.0,4.0,11,8,10
mdanalysis/testsuite/MDAnalysisTests/topology/test_gro.py,220,1.0,1.0,1.0,1.0,7.0,0.0,6.0,0.0,3.0,7.0,7.0,122.0,21.0,77.0,26.0,51.0,24.0,0.0,0.0,66.0,15.0,51.0,0.0,0.0,0.0,0.0,3.0,3.0,3.0,1.0,1.0,0.31,12.0,12.0,12.0,7.0,17,14,15
mdanalysis/testsuite/MDAnalysisTests/topology/test_guessers.py,221,1.0,1.0,1.0,1.0,3.0,0.0,2.0,0.0,2.0,14.0,14.0,113.0,22.0,66.0,40.0,26.0,25.0,0.0,0.0,48.0,23.0,25.0,0.0,0.0,0.0,0.0,1.0,1.0,1.0,1.0,0.0,0.38,14.0,14.0,14.0,14.0,12,11,11
mdanalysis/testsuite/MDAnalysisTests/topology/test_hoomdxml.py,222,1.0,1.0,1.0,1.0,2.0,0.0,2.0,0.0,1.0,4.0,4.0,56.0,8.0,27.0,14.0,13.0,21.0,0.0,0.0,22.0,10.0,12.0,0.0,0.0,0.0,0.0,1.0,1.0,1.0,1.0,0.0,0.78,4.0,4.0,4.0,4.0,9,8,8
mdanalysis/testsuite/MDAnalysisTests/topology/test_lammpsdata.py,223,1.0,1.0,1.0,1.0,5.0,0.0,4.0,0.0,7.0,12.0,12.0,185.0,35.0,125.0,33.0,92.0,25.0,0.0,0.0,97.0,25.0,72.0,0.0,0.0,0.0,0.0,2.0,2.0,2.0,1.0,1.0,0.2,20.0,20.0,20.0,12.0,18,14,17
mdanalysis/testsuite/MDAnalysisTests/topology/test_mmtf.py,224,1.0,1.0,1.0,1.0,2.0,0.0,2.0,0.0,8.0,30.0,30.0,162.0,48.0,111.0,50.0,61.0,4.0,0.0,0.0,104.0,46.0,58.0,0.0,0.0,0.0,0.0,2.0,2.0,2.0,1.0,1.0,0.04,31.0,31.0,31.0,30.0,8,8,8
mdanalysis/testsuite/MDAnalysisTests/topology/test_mol2.py,225,1.0,1.0,1.0,1.0,6.0,0.0,6.0,0.0,3.0,3.0,3.0,74.0,12.0,41.0,17.0,24.0,23.0,0.0,0.0,31.0,11.0,20.0,0.0,0.0,0.0,0.0,1.0,1.0,1.0,1.0,0.0,0.56,3.0,3.0,3.0,3.0,13,10,11
mdanalysis/testsuite/MDAnalysisTests/topology/test_pdb.py,226,1.0,1.0,1.0,1.0,8.0,0.0,8.0,0.0,3.0,10.0,9.0,155.0,20.0,107.0,35.0,72.0,28.0,1.0,0.0,74.0,18.0,56.0,1.0,1.0,1.0,1.0,3.0,3.0,3.0,1.0,2.0,0.26,13.0,13.0,13.0,10.0,17,16,16
mdanalysis/testsuite/MDAnalysisTests/topology/test_pqr.py,228,1.0,1.0,1.0,1.0,8.0,0.0,8.0,0.0,2.0,1.0,1.0,60.0,7.0,32.0,13.0,19.0,21.0,0.0,0.0,25.0,8.0,17.0,0.0,0.0,0.0,0.0,1.0,1.0,1.0,1.0,0.0,0.66,1.0,1.0,1.0,1.0,16,13,14
mdanalysis/testsuite/MDAnalysisTests/topology/test_psf.py,229,1.0,1.0,1.0,1.0,4.0,0.0,3.0,0.0,3.0,11.0,11.0,142.0,24.0,87.0,27.0,60.0,31.0,0.0,0.0,65.0,19.0,46.0,0.0,0.0,0.0,0.0,2.0,2.0,2.0,1.0,1.0,0.36,15.0,15.0,15.0,11.0,13,11,12
mdanalysis/testsuite/MDAnalysisTests/topology/test_top.py,230,1.0,1.0,1.0,1.0,7.0,0.0,7.0,0.0,5.0,1.0,1.0,81.0,13.0,47.0,18.0,29.0,24.0,0.0,0.0,38.0,11.0,27.0,0.0,0.0,0.0,0.0,1.0,1.0,1.0,1.0,0.0,0.51,1.0,1.0,1.0,1.0,11,10,9
mdanalysis/testsuite/MDAnalysisTests/topology/test_topology_base.py,231,1.0,1.0,1.0,1.0,9.0,1.0,7.0,1.0,2.0,3.0,3.0,46.0,11.0,32.0,11.0,21.0,3.0,0.0,0.0,27.0,9.0,18.0,0.0,0.0,0.0,0.0,1.0,1.0,1.0,1.0,0.0,0.09,3.0,3.0,3.0,3.0,6,6,6
mdanalysis/testsuite/MDAnalysisTests/topology/test_tprparser.py,232,2.0,2.0,2.0,1.0,10.0,0.0,9.0,0.0,26.0,5.0,5.0,204.0,47.0,124.0,43.0,81.0,33.0,0.0,0.0,103.0,37.0,66.0,0.0,0.0,0.0,0.0,3.0,3.0,3.0,1.0,2.0,0.27,14.0,14.0,14.0,5.0,22,20,20
mdanalysis/testsuite/MDAnalysisTests/util.py,235,1.0,1.0,1.0,1.0,18.0,2.0,8.0,8.0,0.0,10.0,9.0,198.0,36.0,67.0,22.0,45.0,95.0,2.0,0.0,62.0,20.0,42.0,2.0,2.0,2.0,1.0,3.0,3.0,3.0,3.0,2.0,1.42,17.0,17.0,17.0,12.0,14,11,14
mdanalysis/testsuite/MDAnalysisTests/utils/test_altloc.py,236,1.0,1.0,1.0,1.0,5.0,0.0,5.0,0.0,1.0,5.0,5.0,61.0,6.0,33.0,12.0,21.0,22.0,0.0,0.0,33.0,12.0,21.0,0.0,0.0,0.0,0.0,1.0,1.0,1.0,1.0,0.0,0.67,5.0,5.0,5.0,5.0,7,7,7
mdanalysis/testsuite/MDAnalysisTests/utils/test_authors.py,237,1.0,1.0,1.0,1.0,3.0,0.0,3.0,0.0,0.0,2.0,2.0,35.0,4.0,10.0,6.0,4.0,21.0,0.0,0.0,8.0,6.0,2.0,0.0,0.0,0.0,0.0,1.0,1.0,1.0,1.0,0.0,2.1,2.0,2.0,2.0,2.0,5,5,5
mdanalysis/testsuite/MDAnalysisTests/utils/test_datafiles.py,238,1.0,1.0,1.0,1.0,5.0,0.0,5.0,0.0,1.0,3.0,3.0,45.0,5.0,19.0,10.0,9.0,21.0,0.0,0.0,17.0,10.0,7.0,0.0,0.0,0.0,0.0,2.0,2.0,2.0,1.0,1.0,1.11,4.0,4.0,4.0,3.0,7,7,7
mdanalysis/testsuite/MDAnalysisTests/utils/test_deprecated.py,239,1.0,1.0,1.0,1.0,5.0,0.0,5.0,0.0,1.0,9.0,9.0,88.0,16.0,48.0,22.0,26.0,24.0,0.0,0.0,48.0,22.0,26.0,0.0,0.0,0.0,0.0,2.0,2.0,2.0,1.0,1.0,0.5,17.0,17.0,17.0,9.0,8,8,8
mdanalysis/testsuite/MDAnalysisTests/utils/test_distances.py,240,1.0,1.0,1.0,1.0,11.0,0.0,9.0,1.0,22.0,51.0,51.0,726.0,113.0,532.0,101.0,431.0,106.0,0.0,0.0,421.0,92.0,329.0,0.0,0.0,0.0,0.0,5.0,5.0,5.0,1.0,2.0,0.2,62.0,62.0,62.0,51.0,17,14,16
mdanalysis/testsuite/MDAnalysisTests/utils/test_failure.py,241,2.0,2.0,2.0,1.0,7.0,0.0,4.0,3.0,0.0,1.0,1.0,33.0,3.0,6.0,3.0,3.0,24.0,0.0,0.0,6.0,3.0,3.0,0.0,0.0,0.0,0.0,2.0,2.0,2.0,1.0,1.0,4.0,2.0,2.0,2.0,1.0,4,4,4
mdanalysis/testsuite/MDAnalysisTests/utils/test_imports.py,242,3.0,3.0,3.0,3.0,6.0,0.0,6.0,0.0,1.0,3.0,3.0,57.0,6.0,28.0,9.0,19.0,23.0,0.0,0.0,23.0,7.0,16.0,0.0,0.0,0.0,0.0,5.0,5.0,5.0,5.0,3.0,0.82,9.0,9.0,9.0,9.0,7,6,7
mdanalysis/testsuite/MDAnalysisTests/utils/test_log.py,243,1.0,1.0,1.0,1.0,7.0,0.0,7.0,0.0,3.0,14.0,14.0,186.0,27.0,118.0,30.0,88.0,43.0,0.0,0.0,100.0,29.0,71.0,0.0,0.0,0.0,0.0,2.0,2.0,2.0,1.0,2.0,0.36,19.0,19.0,19.0,14.0,12,10,12
mdanalysis/testsuite/MDAnalysisTests/utils/test_meta.py,244,1.0,1.0,1.0,1.0,6.0,0.0,6.0,0.0,0.0,4.0,4.0,88.0,11.0,29.0,12.0,17.0,48.0,0.0,0.0,25.0,12.0,13.0,0.0,0.0,0.0,0.0,2.0,2.0,2.0,1.0,1.0,1.66,7.0,7.0,7.0,4.0,5,5,5
mdanalysis/testsuite/MDAnalysisTests/utils/test_modelling.py,245,1.0,1.0,1.0,1.0,10.0,1.0,7.0,1.0,3.0,19.0,19.0,271.0,53.0,172.0,41.0,131.0,46.0,0.0,0.0,148.0,35.0,113.0,0.0,0.0,0.0,0.0,3.0,3.0,3.0,1.0,1.0,0.27,22.0,22.0,22.0,19.0,7,6,7
mdanalysis/testsuite/MDAnalysisTests/utils/test_nuclinfo.py,246,1.0,1.0,1.0,1.0,5.0,0.0,5.0,0.0,1.0,8.0,8.0,97.0,18.0,51.0,16.0,35.0,28.0,0.0,0.0,41.0,16.0,25.0,0.0,0.0,0.0,0.0,1.0,1.0,1.0,1.0,0.0,0.55,8.0,8.0,8.0,8.0,7,7,7
mdanalysis/testsuite/MDAnalysisTests/utils/test_persistence.py,247,1.0,1.0,1.0,1.0,7.0,0.0,5.0,1.0,2.0,14.0,14.0,159.0,21.0,91.0,31.0,60.0,48.0,0.0,0.0,82.0,29.0,53.0,0.0,0.0,0.0,0.0,2.0,2.0,2.0,1.0,1.0,0.53,15.0,15.0,15.0,14.0,13,12,13
mdanalysis/testsuite/MDAnalysisTests/utils/test_qcprot.py,248,1.0,1.0,1.0,1.0,19.0,1.0,16.0,1.0,0.0,6.0,6.0,175.0,27.0,104.0,12.0,92.0,44.0,0.0,0.0,100.0,12.0,88.0,0.0,0.0,0.0,0.0,1.0,1.0,1.0,1.0,0.0,0.42,6.0,6.0,6.0,6.0,8,6,7
mdanalysis/testsuite/MDAnalysisTests/utils/test_selections.py,249,1.0,1.0,1.0,1.0,3.0,0.0,3.0,0.0,6.0,18.0,18.0,199.0,41.0,132.0,37.0,95.0,29.0,0.0,0.0,97.0,35.0,62.0,0.0,0.0,0.0,0.0,1.0,1.0,1.0,1.0,1.0,0.22,18.0,18.0,18.0,18.0,12,10,12
mdanalysis/testsuite/MDAnalysisTests/utils/test_streamio.py,250,1.0,1.0,1.0,1.0,7.0,0.0,7.0,0.0,5.0,40.0,39.0,409.0,55.0,317.0,62.0,253.0,48.0,1.0,0.0,231.0,56.0,175.0,1.0,1.0,1.0,1.0,2.0,2.0,2.0,1.0,2.0,0.15,45.0,45.0,45.0,40.0,13,9,12
mdanalysis/testsuite/MDAnalysisTests/utils/test_transformations.py,251,1.0,1.0,1.0,1.0,6.0,0.0,5.0,0.0,84.0,80.0,79.0,902.0,259.0,598.0,172.0,426.0,60.0,1.0,0.0,559.0,171.0,388.0,1.0,1.0,1.0,1.0,2.0,2.0,2.0,1.0,1.0,0.1,84.0,84.0,84.0,80.0,4,4,4
mdanalysis/testsuite/MDAnalysisTests/utils/test_units.py,252,1.0,1.0,1.0,1.0,3.0,0.0,3.0,0.0,4.0,14.0,14.0,120.0,20.0,74.0,33.0,41.0,29.0,0.0,0.0,57.0,24.0,33.0,0.0,0.0,0.0,0.0,2.0,2.0,2.0,1.0,1.0,0.39,17.0,17.0,17.0,14.0,10,8,10
mdanalysis/testsuite/scripts/modeller_make_A6PA6_alpha.py,253,1.0,1.0,1.0,1.0,13.0,0.0,0.0,0.0,0.0,1.0,0.0,36.0,7.0,15.0,2.0,13.0,14.0,1.0,0.0,15.0,2.0,13.0,1.0,1.0,1.0,1.0,1.0,1.0,1.0,1.0,0.0,0.93,1.0,1.0,1.0,1.0,0,0,0
mdanalysis/testsuite/setup.py,254,5.0,5.0,5.0,3.0,81.0,6.0,34.0,27.0,0.0,2.0,1.0,224.0,26.0,134.0,6.0,128.0,66.0,6.0,1.0,47.0,6.0,41.0,4.0,4.0,4.0,1.0,7.0,7.0,7.0,6.0,3.0,0.49,11.0,11.0,11.0,7.0,16,13,15
