File,Cyclomatic,Modified,Strict,Essential,Lines,Code,Comment,Blank,bug
ParsedExpression.cpp,5,5,6,4,15,14,3,0,0
ParsedExpression.h,0,0,0,0,0,0,0,0,0
Parser.cpp,8,6,10,5,31,28,1,2,0
Parser.h,0,0,0,0,0,0,0,0,0
PeriodicTorsionForce.cpp,1,1,2,1,5,5,0,0,0
PeriodicTorsionForce.h,1,1,1,1,4,4,0,0,0
PeriodicTorsionForceImpl.cpp,1,1,1,1,4,4,0,0,0
PeriodicTorsionForceImpl.h,1,1,1,1,3,3,1,0,0
PeriodicTorsionForceProxy.cpp,2,2,2,1,11,11,0,0,0
PeriodicTorsionForceProxy.h,0,0,0,0,0,0,0,0,0
Platform.cpp,2,2,2,1,7,6,0,0,0
Platform.h,0,0,0,0,0,0,0,0,0
PluginInitializer.h,0,0,0,0,0,0,0,0,0
pthread.cpp,0,0,0,0,0,0,0,0,0
pthread.h,2,2,2,1,12,9,1,2,0
neon_mathfun.h,1,1,1,1,41,28,6,7,0
NonbondedForce.cpp,2,2,2,1,6,6,0,0,0
NonbondedForce.h,1,1,1,1,3,3,0,0,0
NonbondedForceImpl.cpp,3,3,4,1,15,14,1,1,0
NonbondedForceImpl.h,1,1,1,1,3,3,1,0,0
NonbondedForceProxy.cpp,3,3,3,1,24,24,0,0,0
NonbondedForceProxy.h,0,0,0,0,0,0,0,0,0
Kernel.cpp,2,2,2,1,5,5,0,0,0
Kernel.h,1,1,1,1,3,3,0,0,0
KernelFactory.h,1,1,1,1,2,2,0,0,0
KernelImpl.cpp,1,1,1,1,3,3,0,0,0
KernelImpl.h,1,1,1,1,3,3,0,0,0
kernels.h,1,1,1,1,3,3,0,0,0
jama_cholesky.h,4,4,4,1,24,15,1,4,0
jama_eig.h,15,15,15,2,85,66,8,12,0
jama_lu.h,5,5,5,1,22,17,1,4,0
jama_qr.h,7,7,7,1,29,25,3,2,0
jama_svd.h,13,12,13,2,58,47,5,6,0
ObcParameters.cpp,1,1,1,1,5,5,0,0,0
ObcParameters.h,0,0,0,0,0,0,0,0,0
OpenCLArray.cpp,2,2,3,1,8,8,0,0,0
OpenCLArray.h,1,1,2,1,4,4,0,0,0
OpenCLBondedUtilities.cpp,8,8,8,2,32,30,1,2,0
OpenCLBondedUtilities.h,1,1,1,1,3,3,0,0,0
OpenCLCompact.cpp,2,2,2,1,13,11,1,1,0
OpenCLCompact.h,0,0,0,0,0,0,0,0,0
OpenCLContext.cpp,6,6,7,1,30,26,1,1,0
OpenCLContext.h,1,1,1,1,3,3,0,0,0
OpenCLDrudeKernelFactory.cpp,2,2,2,1,8,8,0,0,0
OpenCLDrudeKernelFactory.h,0,0,0,0,0,0,0,0,0
OpenCLDrudeKernels.cpp,4,4,5,1,26,22,1,2,0
OpenCLDrudeKernels.h,1,1,1,1,3,3,0,0,0
OpenCLExpressionUtilities.cpp,16,12,17,6,66,63,2,2,0
OpenCLExpressionUtilities.h,1,1,1,1,3,3,0,0,0
OpenCLFFT3D.cpp,13,13,17,2,82,76,3,4,0
OpenCLFFT3D.h,0,0,0,0,0,0,0,0,0
OpenCLForceInfo.cpp,1,1,1,1,3,3,0,0,0
OpenCLForceInfo.h,1,1,1,1,3,3,0,0,0
OpenCLIntegrationUtilities.cpp,9,9,11,1,46,41,2,3,0
OpenCLIntegrationUtilities.h,1,1,1,1,3,3,0,0,0
OpenCLKernelFactory.cpp,46,46,46,46,97,95,1,1,0
OpenCLKernelFactory.h,0,0,0,0,0,0,0,0,0
OpenCLKernels.cpp,6,6,7,1,30,28,1,2,3
OpenCLKernels.h,1,1,1,1,3,3,0,0,1
OpenCLNonbondedUtilities.cpp,6,6,6,1,24,23,1,1,0
OpenCLNonbondedUtilities.h,1,1,1,1,3,3,0,0,0
OpenCLParallelKernels.cpp,2,2,2,1,6,5,0,0,0
OpenCLParallelKernels.h,1,1,1,1,3,3,0,0,0
OpenCLParameterSet.cpp,9,9,9,1,31,31,0,0,0
OpenCLParameterSet.h,1,1,1,1,3,3,0,0,0
OpenCLPlatform.cpp,3,3,3,1,15,13,0,0,0
OpenCLPlatform.h,1,1,1,1,4,4,0,0,0
OpenCLRpmdKernelFactory.cpp,2,2,2,1,7,7,0,0,0
OpenCLRpmdKernelFactory.h,0,0,0,0,0,0,0,0,0
OpenCLRpmdKernels.cpp,7,7,8,1,50,44,2,4,0
OpenCLRpmdKernels.h,1,1,1,1,3,3,0,0,0
OpenCLSort.cpp,6,6,6,1,44,35,5,5,0
OpenCLSort.h,1,1,1,1,2,2,0,0,0
OpenCLTests.h,4,4,4,1,8,8,0,0,0
OpenMM.h,0,0,0,0,0,0,0,0,0
OpenMMAmoeba.h,0,0,0,0,0,0,0,0,0
OpenMMDrude.h,0,0,0,0,0,0,0,0,0
OpenMMException.h,1,1,1,1,2,2,0,0,0
operand.cpp,0,0,0,0,0,0,0,0,0
operand.h,1,1,1,1,3,3,0,0,0
Operation.cpp,1,1,1,1,6,6,0,0,0
Operation.h,1,1,1,1,3,3,0,0,0
OSRngSeed.cpp,3,3,3,1,25,12,0,0,0
OSRngSeed.h,0,0,0,0,0,0,0,0,0
AlignedArray.h,1,1,1,1,4,4,0,0,0
AmoebaAngleForce.cpp,1,1,1,1,4,4,0,0,0
AmoebaAngleForce.h,1,1,1,1,3,3,0,0,0
AmoebaAngleForceImpl.cpp,1,1,1,1,4,4,0,0,0
AmoebaAngleForceImpl.h,1,1,1,1,3,3,1,0,0
AmoebaAngleForceProxy.cpp,3,3,3,1,15,14,0,1,0
AmoebaAngleForceProxy.h,0,0,0,0,0,0,0,0,0
AmoebaBondForce.cpp,1,1,1,1,4,4,0,0,0
AmoebaBondForce.h,1,1,1,1,3,3,0,0,0
AmoebaBondForceImpl.cpp,1,1,1,1,4,4,0,0,0
AmoebaBondForceImpl.h,1,1,1,1,3,3,1,0,0
AmoebaBondForceProxy.cpp,3,3,3,1,13,13,0,1,0
AmoebaBondForceProxy.h,0,0,0,0,0,0,0,0,0
AmoebaCudaKernelFactory.cpp,4,4,4,3,18,14,0,3,0
AmoebaCudaKernelFactory.h,0,0,0,0,0,0,0,0,0
AmoebaCudaKernels.cpp,4,4,4,1,24,22,1,1,0
AmoebaCudaKernels.h,1,1,1,1,2,2,0,0,0
AmoebaGeneralizedKirkwoodForce.cpp,1,1,1,1,4,3,0,0,0
AmoebaGeneralizedKirkwoodForce.h,1,1,1,1,3,3,0,0,0
AmoebaGeneralizedKirkwoodForceImpl.cpp,2,2,2,1,5,5,0,1,0
AmoebaGeneralizedKirkwoodForceImpl.h,1,1,1,1,3,3,1,0,0
AmoebaGeneralizedKirkwoodForceProxy.cpp,3,3,3,1,17,14,1,2,0
AmoebaGeneralizedKirkwoodForceProxy.h,0,0,0,0,0,0,0,0,0
AmoebaInPlaneAngleForce.cpp,1,1,1,1,4,4,0,0,0
AmoebaInPlaneAngleForce.h,1,1,1,1,4,4,0,0,0
AmoebaInPlaneAngleForceImpl.cpp,1,1,1,1,4,4,0,0,0
AmoebaInPlaneAngleForceImpl.h,1,1,1,1,3,3,1,0,0
AmoebaInPlaneAngleForceProxy.cpp,3,3,3,1,15,14,0,1,0
AmoebaInPlaneAngleForceProxy.h,0,0,0,0,0,0,0,0,0
amoebaKernels.h,1,1,1,1,3,3,0,0,0
AmoebaMultipoleForce.cpp,1,1,1,1,6,6,0,0,0
AmoebaMultipoleForce.h,1,1,1,1,9,8,0,1,0
AmoebaMultipoleForceImpl.cpp,2,2,3,1,12,10,0,1,0
AmoebaMultipoleForceImpl.h,1,1,1,1,3,3,1,0,0
AmoebaMultipoleForceProxy.cpp,3,3,4,1,30,24,1,5,0
AmoebaMultipoleForceProxy.h,0,0,0,0,0,0,0,0,0
AmoebaOutOfPlaneBendForce.cpp,1,1,1,1,4,4,0,0,0
AmoebaOutOfPlaneBendForce.h,1,1,1,1,4,4,0,0,0
AmoebaOutOfPlaneBendForceImpl.cpp,1,1,1,1,4,4,0,0,0
AmoebaOutOfPlaneBendForceImpl.h,1,1,1,1,3,3,1,0,0
AmoebaOutOfPlaneBendForceProxy.cpp,3,3,3,1,15,14,0,1,0
AmoebaOutOfPlaneBendForceProxy.h,0,0,0,0,0,0,0,0,0
AmoebaPiTorsionForce.cpp,1,1,1,1,5,5,0,0,0
AmoebaPiTorsionForce.h,1,1,1,1,3,3,0,0,0
AmoebaPiTorsionForceImpl.cpp,1,1,1,1,4,4,0,0,0
AmoebaPiTorsionForceImpl.h,1,1,1,1,3,3,1,0,0
AmoebaPiTorsionForceProxy.cpp,3,3,3,1,11,11,0,0,0
AmoebaPiTorsionForceProxy.h,0,0,0,0,0,0,0,0,0
AmoebaReferenceAngleForce.cpp,4,4,4,1,49,38,2,8,0
AmoebaReferenceAngleForce.h,1,1,1,1,1,1,0,0,0
AmoebaReferenceBondForce.cpp,3,3,3,1,36,26,3,8,0
AmoebaReferenceBondForce.h,1,1,1,1,1,1,0,0,0
AmoebaReferenceForce.cpp,1,1,1,1,13,5,4,5,0
AmoebaReferenceForce.h,0,0,0,0,0,0,0,0,0
AmoebaReferenceGeneralizedKirkwoodForce.cpp,1,1,1,1,6,6,0,1,0
AmoebaReferenceGeneralizedKirkwoodForce.h,1,1,1,1,1,1,0,0,0
AmoebaReferenceInPlaneAngleForce.cpp,6,6,6,1,71,51,5,16,0
AmoebaReferenceInPlaneAngleForce.h,1,1,1,1,1,1,0,0,0
AmoebaReferenceKernelFactory.cpp,4,4,4,3,16,13,1,3,0
AmoebaReferenceKernelFactory.h,0,0,0,0,0,0,0,0,0
AmoebaReferenceKernels.cpp,2,2,2,1,13,11,0,2,0
AmoebaReferenceKernels.h,0,0,0,0,0,0,0,0,0
AmoebaReferenceMultipoleForce.cpp,4,4,4,1,58,47,3,8,0
AmoebaReferenceMultipoleForce.h,1,1,1,1,4,4,0,0,0
AmoebaReferenceOutOfPlaneBendForce.cpp,9,9,10,1,89,64,8,18,0
AmoebaReferenceOutOfPlaneBendForce.h,1,1,1,1,1,1,0,0,0
AmoebaReferencePiTorsionForce.cpp,6,6,6,1,89,64,4,21,0
AmoebaReferencePiTorsionForce.h,1,1,1,1,1,1,0,0,0
AmoebaReferenceStretchBendForce.cpp,6,6,6,1,67,48,7,12,0
AmoebaReferenceStretchBendForce.h,1,1,1,1,1,1,0,0,0
AmoebaReferenceTorsionTorsionForce.cpp,6,6,6,1,77,52,7,19,0
AmoebaReferenceTorsionTorsionForce.h,1,1,1,1,1,1,0,0,0
AmoebaReferenceVdwForce.cpp,2,2,2,1,15,11,1,3,0
AmoebaReferenceVdwForce.h,1,1,1,1,1,1,0,0,0
AmoebaReferenceWcaDispersionForce.cpp,8,8,9,2,104,81,2,21,0
AmoebaReferenceWcaDispersionForce.h,1,1,1,1,1,1,0,0,0
AmoebaSerializationProxyRegistration.cpp,2,2,2,1,9,9,0,0,0
AmoebaStretchBendForce.cpp,1,1,1,1,6,6,0,0,0
AmoebaStretchBendForce.h,1,1,1,1,4,4,0,0,0
AmoebaStretchBendForceImpl.cpp,1,1,1,1,4,4,0,0,0
AmoebaStretchBendForceImpl.h,1,1,1,1,3,3,1,0,0
AmoebaStretchBendForceProxy.cpp,3,3,3,1,15,14,0,1,0
AmoebaStretchBendForceProxy.h,0,0,0,0,0,0,0,0,0
AmoebaTorsionTorsionForce.cpp,4,4,4,1,17,15,1,2,0
AmoebaTorsionTorsionForce.h,1,1,1,1,4,3,0,0,0
AmoebaTorsionTorsionForceImpl.cpp,3,3,3,1,17,13,1,3,0
AmoebaTorsionTorsionForceImpl.h,1,1,1,1,3,3,1,0,0
AmoebaTorsionTorsionForceProxy.cpp,4,4,4,1,26,21,2,3,0
AmoebaTorsionTorsionForceProxy.h,0,0,0,0,0,0,0,0,0
AmoebaVdwForce.cpp,1,1,1,1,5,4,0,0,0
AmoebaVdwForce.h,1,1,1,1,4,4,0,0,0
AmoebaVdwForceImpl.cpp,4,4,4,1,30,23,5,2,0
AmoebaVdwForceImpl.h,1,1,1,1,3,3,1,0,0
AmoebaVdwForceProxy.cpp,3,3,4,1,22,18,0,4,0
AmoebaVdwForceProxy.h,0,0,0,0,0,0,0,0,0
AmoebaWcaDispersionForce.cpp,1,1,1,1,3,3,0,0,0
AmoebaWcaDispersionForce.h,1,1,1,1,3,3,0,0,0
AmoebaWcaDispersionForceImpl.cpp,2,2,2,1,12,10,0,1,0
AmoebaWcaDispersionForceImpl.h,1,1,1,1,3,3,1,0,0
AmoebaWcaDispersionForceProxy.cpp,3,3,3,1,19,16,0,2,0
AmoebaWcaDispersionForceProxy.h,0,0,0,0,0,0,0,0,0
AndersenThermostat.cpp,1,1,1,1,4,4,0,0,0
AndersenThermostat.h,1,1,1,1,3,3,0,0,0
AndersenThermostatImpl.cpp,2,2,2,1,8,7,0,1,0
AndersenThermostatImpl.h,1,1,1,1,4,3,1,0,0
AndersenThermostatProxy.cpp,2,2,2,1,9,9,0,0,0
AndersenThermostatProxy.h,0,0,0,0,0,0,0,0,0
apibegin.h,0,0,0,0,0,0,0,0,0
apiend.h,0,0,0,0,0,0,0,0,0
arithmetic_ansi.h,2,2,2,1,7,7,0,1,0
arithmetic_sse_double.h,1,1,1,0,8,4,0,0,0
arithmetic_sse_float.h,2,2,2,1,6,6,0,0,0
asmjit.h,0,0,0,0,0,0,0,0,0
assembler.cpp,2,2,2,1,12,9,1,2,0
assembler.h,1,1,1,1,4,4,0,0,0
AssertionUtilities.cpp,3,3,3,1,12,12,0,0,0
AssertionUtilities.h,0,0,0,0,0,0,0,0,0
MonteCarloAnisotropicBarostat.cpp,1,1,1,1,4,4,0,0,0
MonteCarloAnisotropicBarostat.h,1,1,1,1,3,3,0,0,0
MonteCarloAnisotropicBarostatImpl.cpp,4,4,5,2,21,19,1,2,0
MonteCarloAnisotropicBarostatImpl.h,1,1,1,1,4,3,1,0,0
MonteCarloAnisotropicBarostatProxy.cpp,2,2,2,1,12,12,0,0,0
MonteCarloAnisotropicBarostatProxy.h,0,0,0,0,0,0,0,0,0
MonteCarloBarostat.cpp,1,1,1,1,4,4,0,0,0
MonteCarloBarostat.h,1,1,1,1,3,3,0,0,0
MonteCarloBarostatImpl.cpp,2,2,3,1,15,13,1,1,0
MonteCarloBarostatImpl.h,1,1,1,1,4,3,1,0,0
MonteCarloBarostatProxy.cpp,2,2,2,1,9,9,0,0,0
MonteCarloBarostatProxy.h,0,0,0,0,0,0,0,0,0
MonteCarloMembraneBarostat.cpp,1,1,1,1,4,4,0,0,0
MonteCarloMembraneBarostat.h,1,1,1,1,3,3,0,0,0
MonteCarloMembraneBarostatImpl.cpp,4,4,5,2,21,19,1,2,0
MonteCarloMembraneBarostatImpl.h,1,1,1,1,4,3,1,0,0
MonteCarloMembraneBarostatProxy.cpp,2,2,2,1,11,11,0,0,0
MonteCarloMembraneBarostatProxy.h,0,0,0,0,0,0,0,0,0
MSVC_erfc.h,0,0,0,0,0,0,0,0,0
MSVC_erfc.h,0,0,0,0,0,0,0,0,0
LangevinIntegrator.cpp,2,2,2,1,6,6,0,0,0
LangevinIntegrator.h,1,1,1,1,3,3,0,0,0
LangevinIntegratorProxy.cpp,1,1,1,1,7,7,0,0,0
LangevinIntegratorProxy.h,0,0,0,0,0,0,0,0,0
lbfgs.cpp,15,14,18,6,91,62,21,8,0
lbfgs.h,0,0,0,0,0,0,0,0,0
Lepton.h,0,0,0,0,0,0,0,0,0
LocalEnergyMinimizer.cpp,6,6,6,2,45,37,4,5,0
LocalEnergyMinimizer.h,0,0,0,0,0,0,0,0,0
lock.h,1,1,1,1,2,2,0,0,0
logger.cpp,2,2,2,1,7,6,0,1,0
logger.h,1,1,1,1,3,3,0,0,0
Integrator.cpp,1,1,1,1,4,3,1,0,0
Integrator.h,1,1,1,1,2,2,0,0,0
intutil.cpp,0,0,0,0,0,0,0,0,0
intutil.h,1,1,2,1,5,4,0,0,0
irrArray.h,2,2,2,1,8,7,1,1,0
irrString.h,3,3,3,1,11,9,0,2,0
irrTypes.h,0,0,0,0,0,0,0,0,0
irrXML.cpp,1,1,1,1,5,5,0,0,0
irrXML.h,1,1,1,1,1,1,0,0,0
g_fmt.cpp,17,17,19,5,70,61,2,1,0
GBSAOBCForce.cpp,1,1,1,1,4,4,0,0,0
GBSAOBCForce.h,1,1,1,1,3,3,0,0,0
GBSAOBCForceImpl.cpp,2,2,2,1,6,6,0,0,0
GBSAOBCForceImpl.h,1,1,1,1,3,3,1,0,0
GBSAOBCForceProxy.cpp,3,3,3,1,14,14,0,0,0
GBSAOBCForceProxy.h,0,0,0,0,0,0,0,0,0
globals.cpp,1,1,1,1,4,4,0,0,0
globals.h,1,1,1,1,1,1,0,0,0
gmx_atomic.h,1,1,1,1,13,10,1,1,0
fast_atof.h,4,4,4,1,30,23,0,7,0
fftpack.cpp,7,7,8,1,58,51,2,4,0
fftpack.h,1,1,1,1,3,3,0,0,0
Force.cpp,2,2,2,1,5,5,0,0,0
Force.h,1,1,1,1,2,2,0,0,0
ForceImpl.h,1,1,1,1,3,3,0,0,0
SerializationNode.cpp,2,2,2,1,5,5,0,0,0
SerializationNode.h,2,2,2,1,6,6,0,0,0
SerializationProxy.cpp,1,1,1,1,4,4,0,0,0
SerializationProxy.h,1,1,1,1,2,2,0,0,0
SerializationProxyRegistration.cpp,2,2,2,1,22,22,0,0,0
SFMT-alti.h,3,3,3,1,23,20,0,1,0
SFMT-params.h,0,0,0,0,0,0,0,0,0
SFMT-params11213.h,0,0,0,0,0,0,0,0,0
SFMT-params1279.h,0,0,0,0,0,0,0,0,0
SFMT-params132049.h,0,0,0,0,0,0,0,0,0
SFMT-params19937.h,0,0,0,0,0,0,0,0,0
SFMT-params216091.h,0,0,0,0,0,0,0,0,0
SFMT-params2281.h,0,0,0,0,0,0,0,0,0
SFMT-params4253.h,0,0,0,0,0,0,0,0,0
SFMT-params44497.h,0,0,0,0,0,0,0,0,0
SFMT-params607.h,0,0,0,0,0,0,0,0,0
SFMT-params86243.h,0,0,0,0,0,0,0,0,0
SFMT-sse2.h,3,3,3,1,26,25,0,1,0
SFMT.cpp,2,2,2,1,13,12,0,1,0
SFMT.h,1,1,1,1,4,4,0,0,0
SHA1.cpp,3,3,3,1,19,15,1,3,0
SHA1.h,0,0,0,0,0,0,0,0,0
SimTKOpenMMRealType.h,0,0,0,0,0,0,0,0,0
SimTKOpenMMUtilities.cpp,3,3,3,1,19,12,2,4,0
SimTKOpenMMUtilities.h,1,1,1,1,1,1,0,0,0
SplineFitter.cpp,10,10,12,1,61,52,3,6,0
SplineFitter.h,0,0,0,0,0,0,0,0,0
sse_mathfun.h,1,1,1,1,108,50,12,12,0
State.cpp,1,1,1,1,4,4,0,0,0
State.h,0,0,0,0,0,0,0,0,0
StateProxy.cpp,8,8,8,1,41,40,1,0,0
StateProxy.h,0,0,0,0,0,0,0,0,0
string.cpp,4,4,5,2,23,16,2,5,0
string.h,1,1,1,1,5,4,0,1,0
System.cpp,2,2,3,1,6,6,0,0,0
System.h,1,1,1,1,3,3,0,0,0
SystemProxy.cpp,7,7,7,1,34,34,0,0,0
SystemProxy.h,0,0,0,0,0,0,0,0,0
cl.hpp,2,2,2,1,13,11,0,1,0
CMAPTorsionForce.cpp,2,2,2,1,6,6,0,0,0
CMAPTorsionForce.h,1,1,1,1,3,3,0,0,0
CMAPTorsionForceImpl.cpp,3,3,3,1,16,14,1,1,0
CMAPTorsionForceImpl.h,1,1,1,1,3,3,1,0,0
CMAPTorsionForceProxy.cpp,4,4,4,1,17,17,0,0,0
CMAPTorsionForceProxy.h,0,0,0,0,0,0,0,0,0
CMMotionRemover.cpp,1,1,1,1,3,3,0,0,0
CMMotionRemover.h,1,1,1,1,3,3,0,0,0
CMMotionRemoverImpl.cpp,1,1,1,1,4,4,0,0,0
CMMotionRemoverImpl.h,1,1,1,1,3,3,1,0,0
CMMotionRemoverProxy.cpp,2,2,2,1,8,8,0,0,0
CMMotionRemoverProxy.h,0,0,0,0,0,0,0,0,0
codegen.cpp,3,3,3,1,14,10,1,2,0
codegen.h,1,1,1,1,3,3,0,0,0
CompiledExpression.cpp,3,3,3,1,11,9,1,1,0
CompiledExpression.h,0,0,0,0,0,0,0,0,0
CompiledExpressionSet.cpp,2,2,2,1,5,5,0,0,0
CompiledExpressionSet.h,0,0,0,0,0,0,0,0,0
compiler.cpp,2,2,3,1,14,11,0,2,0
compiler.h,1,1,1,1,3,2,0,0,0
CompoundIntegrator.cpp,2,2,2,1,4,4,0,0,0
CompoundIntegrator.h,0,0,0,0,0,0,0,0,0
CompoundIntegratorProxy.cpp,2,2,2,1,6,6,0,0,0
CompoundIntegratorProxy.h,0,0,0,0,0,0,0,0,0
config.h,0,0,0,0,0,0,0,0,0
constpool.cpp,4,4,4,2,21,16,1,4,0
constpool.h,2,2,2,1,7,6,0,1,0
containers.cpp,6,6,6,4,25,19,1,5,0
containers.h,1,1,1,1,4,4,0,0,0
context.cpp,8,7,8,5,40,30,2,8,0
Context.cpp,2,2,2,1,7,6,0,0,0
Context.h,0,0,0,0,0,0,0,0,0
context_p.h,1,1,1,1,3,3,0,0,0
ContextImpl.cpp,3,3,3,1,11,10,1,1,0
ContextImpl.h,1,1,1,1,3,3,0,0,0
CpuBondForce.cpp,4,4,5,2,21,15,2,3,0
CpuBondForce.h,0,0,0,0,0,0,0,0,0
CpuCustomGBForce.cpp,6,6,7,2,31,27,2,2,0
CpuCustomGBForce.h,0,0,0,0,0,0,0,0,0
CpuCustomManyParticleForce.cpp,5,5,5,1,25,21,1,2,0
CpuCustomManyParticleForce.h,0,0,0,0,0,0,0,0,0
CpuCustomNonbondedForce.cpp,4,4,4,2,18,16,1,1,0
CpuCustomNonbondedForce.h,0,0,0,0,0,0,0,0,0
CpuGBSAOBCForce.cpp,4,4,4,2,27,25,1,1,0
CpuGBSAOBCForce.h,0,0,0,0,0,0,0,0,0
cpuinfo.cpp,1,1,1,1,9,3,0,0,0
cpuinfo.h,1,1,1,1,2,2,0,0,0
CpuKernelFactory.cpp,11,11,11,11,24,24,0,0,0
CpuKernelFactory.h,0,0,0,0,0,0,0,0,0
CpuKernels.cpp,4,4,5,1,19,17,1,1,0
CpuKernels.h,1,1,1,1,3,3,0,0,0
CpuLangevinDynamics.cpp,1,1,1,1,8,7,0,1,0
CpuLangevinDynamics.h,0,0,0,0,0,0,0,0,0
CpuNeighborList.cpp,5,5,6,1,26,23,1,2,1
CpuNeighborList.h,0,0,0,0,0,0,0,0,0
CpuNonbondedForce.cpp,5,5,5,1,24,20,1,3,0
CpuNonbondedForce.h,0,0,0,0,0,0,0,0,0
CpuNonbondedForceVec4.cpp,7,7,8,1,41,35,3,4,0
CpuNonbondedForceVec4.h,0,0,0,0,0,0,0,0,0
CpuNonbondedForceVec8.cpp,1,1,1,1,3,3,0,0,0
CpuNonbondedForceVec8.h,0,0,0,0,0,0,0,0,0
CpuPlatform.cpp,2,2,2,1,7,7,0,0,0
CpuPlatform.h,1,1,1,1,4,4,0,0,0
CpuPmeKernelFactory.cpp,2,2,2,1,4,4,0,0,0
CpuPmeKernelFactory.h,0,0,0,0,0,0,0,0,0
CpuPmeKernels.cpp,6,6,6,1,32,29,2,2,0
CpuPmeKernels.h,1,1,1,1,3,3,0,0,0
CpuRandom.cpp,2,2,3,1,11,9,1,1,0
CpuRandom.h,0,0,0,0,0,0,0,0,0
CpuSETTLE.cpp,2,2,2,1,7,7,0,0,0
CpuSETTLE.h,0,0,0,0,0,0,0,0,0
CpuTests.h,2,2,2,1,6,6,0,0,0
cputicks.cpp,1,1,1,1,14,3,2,0,0
cputicks.h,0,0,0,0,0,0,0,0,0
CudaArray.cpp,3,3,3,1,11,11,0,0,0
CudaArray.h,1,1,2,1,4,4,0,0,0
CudaBondedUtilities.cpp,4,4,4,1,17,16,0,1,0
CudaBondedUtilities.h,0,0,0,0,0,0,0,0,0
CudaCompilerKernelFactory.cpp,2,2,2,1,7,6,1,0,0
CudaCompilerKernelFactory.h,0,0,0,0,0,0,0,0,0
CudaCompilerKernels.cpp,8,4,8,1,26,23,1,2,0
CudaCompilerKernels.h,1,1,1,1,2,2,0,0,0
CudaContext.cpp,7,6,8,1,30,27,1,2,0
CudaContext.h,1,1,1,1,3,3,0,0,0
CudaDrudeKernelFactory.cpp,2,2,2,1,8,8,0,0,0
CudaDrudeKernelFactory.h,0,0,0,0,0,0,0,0,0
CudaDrudeKernels.cpp,4,4,4,1,26,22,1,3,0
CudaDrudeKernels.h,1,1,1,1,3,3,0,0,0
CudaExpressionUtilities.cpp,16,12,18,6,67,64,2,2,0
CudaExpressionUtilities.h,1,1,1,1,3,3,0,0,0
CudaFFT3D.cpp,10,10,12,1,62,57,2,3,0
CudaFFT3D.h,0,0,0,0,0,0,0,0,0
CudaForceInfo.cpp,1,1,1,1,3,3,0,0,0
CudaForceInfo.h,1,1,1,1,2,2,0,0,0
CudaIntegrationUtilities.cpp,9,9,10,1,40,36,2,3,0
CudaIntegrationUtilities.h,1,1,1,1,3,3,0,0,0
CudaKernelFactory.cpp,46,46,46,46,97,95,1,1,0
CudaKernelFactory.h,0,0,0,0,0,0,0,0,0
CudaKernels.cpp,6,6,6,1,30,27,1,2,3
CudaKernels.h,1,1,1,1,3,3,0,0,1
CudaNonbondedUtilities.cpp,6,6,6,1,25,23,1,1,0
CudaNonbondedUtilities.h,1,1,1,1,3,3,0,0,0
CudaParallelKernels.cpp,2,2,2,1,6,6,0,0,0
CudaParallelKernels.h,1,1,1,1,3,3,0,0,0
CudaParameterSet.cpp,10,10,11,1,28,28,0,0,0
CudaParameterSet.h,1,1,1,1,3,3,0,0,0
CudaPlatform.cpp,4,4,4,1,17,15,0,0,0
CudaPlatform.h,1,1,1,1,4,4,0,0,0
CudaRpmdKernelFactory.cpp,2,2,2,1,7,7,0,0,0
CudaRpmdKernelFactory.h,0,0,0,0,0,0,0,0,0
CudaRpmdKernels.cpp,8,8,9,1,49,42,2,4,0
CudaRpmdKernels.h,1,1,1,1,3,3,0,0,0
CudaSort.cpp,6,6,6,1,35,27,3,5,0
CudaSort.h,1,1,1,1,2,2,0,0,0
CudaTests.h,2,2,2,1,4,4,0,0,0
CustomAngleForce.cpp,2,2,2,1,4,4,0,0,0
CustomAngleForce.h,1,1,1,1,3,3,0,0,0
CustomAngleForceImpl.cpp,2,2,2,1,9,8,0,0,0
CustomAngleForceImpl.h,1,1,1,1,3,3,1,0,0
CustomAngleForceProxy.cpp,5,5,5,1,22,22,0,0,0
CustomAngleForceProxy.h,0,0,0,0,0,0,0,0,0
CustomBondForce.cpp,2,2,2,1,4,4,0,0,0
CustomBondForce.h,1,1,1,1,3,3,0,0,0
CustomBondForceImpl.cpp,2,2,2,1,8,8,0,0,0
CustomBondForceImpl.h,1,1,1,1,3,3,1,0,0
CustomBondForceProxy.cpp,5,5,5,1,22,22,0,0,0
CustomBondForceProxy.h,0,0,0,0,0,0,0,0,0
CustomCentroidBondForce.cpp,2,2,2,1,4,4,0,0,0
CustomCentroidBondForce.h,1,1,1,1,3,3,0,0,0
CustomCentroidBondForceImpl.cpp,3,3,3,1,13,12,0,1,0
CustomCentroidBondForceImpl.h,1,1,1,1,3,3,1,0,0
CustomCentroidBondForceProxy.cpp,9,9,9,1,41,41,0,0,0
CustomCentroidBondForceProxy.h,0,0,0,0,0,0,0,0,0
CustomCompoundBondForce.cpp,2,2,2,1,4,4,0,0,0
CustomCompoundBondForce.h,1,1,1,1,3,3,0,0,0
CustomCompoundBondForceImpl.cpp,2,2,3,1,10,9,0,1,0
CustomCompoundBondForceImpl.h,1,1,1,1,3,3,1,0,0
CustomCompoundBondForceProxy.cpp,7,7,7,1,33,32,0,0,0
CustomCompoundBondForceProxy.h,0,0,0,0,0,0,0,0,0
CustomExternalForce.cpp,1,1,2,1,4,4,0,0,0
CustomExternalForce.h,1,1,1,1,2,2,0,0,0
CustomExternalForceImpl.cpp,2,2,2,1,7,7,0,0,0
CustomExternalForceImpl.h,1,1,1,1,3,3,1,0,0
CustomExternalForceProxy.cpp,5,5,5,1,22,22,0,0,0
CustomExternalForceProxy.h,0,0,0,0,0,0,0,0,0
CustomFunction.h,1,1,1,1,2,2,0,0,0
CustomGBForce.cpp,2,2,2,1,4,4,0,0,0
CustomGBForce.h,1,1,1,1,3,3,0,0,0
CustomGBForceImpl.cpp,3,3,3,1,11,11,0,0,0
CustomGBForceImpl.h,1,1,1,1,3,3,1,0,0
CustomGBForceProxy.cpp,8,8,8,1,41,40,0,0,0
CustomGBForceProxy.h,0,0,0,0,0,0,0,0,0
CustomHbondForce.cpp,2,2,2,1,4,4,0,0,0
CustomHbondForce.h,1,1,1,1,3,3,0,0,0
CustomHbondForceImpl.cpp,3,3,4,1,15,14,0,1,0
CustomHbondForceImpl.h,1,1,1,1,3,3,1,0,0
CustomHbondForceProxy.cpp,9,9,9,1,45,44,0,0,0
CustomHbondForceProxy.h,0,0,0,0,0,0,0,0,0
CustomIntegrator.cpp,2,2,3,1,7,7,0,0,0
CustomIntegrator.h,1,1,1,1,3,3,0,0,0
CustomIntegratorProxy.cpp,6,6,6,1,26,26,0,0,0
CustomIntegratorProxy.h,0,0,0,0,0,0,0,0,0
CustomIntegratorUtilities.cpp,7,7,9,1,37,28,5,4,0
CustomIntegratorUtilities.h,0,0,0,0,0,0,0,0,0
CustomManyParticleForce.cpp,2,2,2,1,4,4,0,0,0
CustomManyParticleForce.h,1,1,1,1,3,3,0,0,0
CustomManyParticleForceImpl.cpp,4,4,5,1,18,16,1,1,0
CustomManyParticleForceImpl.h,1,1,1,1,3,3,1,0,0
CustomManyParticleForceProxy.cpp,8,8,8,1,43,43,0,0,0
CustomManyParticleForceProxy.h,0,0,0,0,0,0,0,0,0
CustomNonbondedForce.cpp,2,2,2,1,5,5,0,0,0
CustomNonbondedForce.h,1,1,1,1,3,3,0,0,0
CustomNonbondedForceImpl.cpp,7,7,8,2,29,26,1,2,0
CustomNonbondedForceImpl.h,1,1,1,1,3,3,1,0,0
CustomNonbondedForceProxy.cpp,10,10,10,1,47,45,1,1,0
CustomNonbondedForceProxy.h,0,0,0,0,0,0,0,0,0
CustomTorsionForce.cpp,2,2,2,1,4,4,0,0,0
CustomTorsionForce.h,1,1,1,1,3,3,0,0,0
CustomTorsionForceImpl.cpp,2,2,3,1,10,9,0,0,0
CustomTorsionForceImpl.h,1,1,1,1,3,3,1,0,0
CustomTorsionForceProxy.cpp,5,5,5,1,22,22,0,0,0
CustomTorsionForceProxy.h,0,0,0,0,0,0,0,0,0
CXMLReaderImpl.h,3,3,4,1,19,14,2,3,1
base.h,0,0,0,0,0,0,0,0,0
BrownianIntegrator.cpp,2,2,2,1,6,6,0,0,0
BrownianIntegrator.h,1,1,1,1,3,3,0,0,0
BrownianIntegratorProxy.cpp,1,1,1,1,7,7,0,0,0
BrownianIntegratorProxy.h,0,0,0,0,0,0,0,0,0
build.h,1,1,1,1,1,1,0,0,0
DrudeForce.cpp,1,1,2,1,6,6,0,0,0
DrudeForce.h,1,1,1,1,3,3,0,0,0
DrudeForceImpl.cpp,3,3,4,1,17,16,0,1,0
DrudeForceImpl.h,1,1,1,1,3,3,1,0,0
DrudeForceProxy.cpp,3,3,3,1,15,15,0,0,0
DrudeForceProxy.h,0,0,0,0,0,0,0,0,0
DrudeKernels.h,1,1,1,1,3,3,0,0,0
DrudeLangevinIntegrator.cpp,2,2,2,1,7,7,0,0,0
DrudeLangevinIntegrator.h,1,1,1,1,3,3,0,0,0
DrudeLangevinIntegratorProxy.cpp,1,1,1,1,8,8,0,0,0
DrudeLangevinIntegratorProxy.h,0,0,0,0,0,0,0,0,0
DrudeSCFIntegrator.cpp,2,2,2,1,7,7,0,0,0
DrudeSCFIntegrator.h,1,1,1,1,3,3,0,0,0
DrudeSerializationProxyRegistration.cpp,2,2,2,1,5,5,0,0,0
dtoa.cpp,13,12,15,6,110,55,6,2,0
quern.cpp,7,7,13,3,28,26,2,0,0
quern.h,0,0,0,0,0,0,0,0,0
quern_factorization.cpp,9,9,14,5,48,46,2,0,0
quern_list.h,1,1,1,1,6,6,0,0,0
quern_order.cpp,7,7,11,2,30,26,3,0,0
quern_solver.cpp,5,5,7,3,21,20,1,0,0
Empty.cpp,0,0,0,0,0,0,0,0,0
error.cpp,2,2,2,1,4,4,0,1,0
error.h,0,0,0,0,0,0,0,0,0
Exception.h,1,1,1,1,2,2,0,0,0
ExpressionProgram.cpp,2,2,2,1,5,5,0,0,0
ExpressionProgram.h,0,0,0,0,0,0,0,0,0
ExpressionTreeNode.cpp,2,2,2,1,5,5,0,0,0
ExpressionTreeNode.h,0,0,0,0,0,0,0,0,0
hardware.h,2,2,2,1,30,9,0,0,0
HarmonicAngleForce.cpp,1,1,2,1,5,5,0,0,0
HarmonicAngleForce.h,1,1,1,1,3,3,0,0,0
HarmonicAngleForceImpl.cpp,1,1,1,1,4,4,0,0,0
HarmonicAngleForceImpl.h,1,1,1,1,3,3,1,0,0
HarmonicAngleForceProxy.cpp,2,2,2,1,11,11,0,0,0
HarmonicAngleForceProxy.h,0,0,0,0,0,0,0,0,0
HarmonicBondForce.cpp,1,1,2,1,4,4,0,0,0
HarmonicBondForce.h,1,1,1,1,3,3,0,0,0
HarmonicBondForceImpl.cpp,1,1,1,1,4,4,0,0,0
HarmonicBondForceImpl.h,1,1,1,1,3,3,1,0,0
HarmonicBondForceProxy.cpp,2,2,2,1,11,11,0,0,0
HarmonicBondForceProxy.h,0,0,0,0,0,0,0,0,0
has_opencl_gpu.c,6,5,6,3,31,30,2,1,0
heapsort.h,4,4,4,2,23,17,4,4,0
HelloArgon.cpp,3,3,3,1,25,17,8,4,0
HelloArgonInC.c,2,2,2,1,13,10,4,1,0
HelloEthane.cpp,3,3,3,1,25,17,5,3,0
HelloSodiumChloride.cpp,2,2,2,1,20,14,4,3,0
HelloSodiumChlorideInC.c,2,2,2,1,30,21,6,4,0
HelloWaterBox.cpp,2,2,2,1,28,18,8,4,0
hilbert.cpp,6,6,6,1,39,35,2,2,0
hilbert.h,0,0,0,0,0,0,0,0,0
host.h,0,0,0,0,0,0,0,0,0
TabulatedFunction.cpp,2,2,3,1,9,9,0,0,0
TabulatedFunction.h,1,1,1,1,2,2,0,0,0
TabulatedFunctionProxies.cpp,2,2,2,1,8,8,0,0,0
TabulatedFunctionProxies.h,0,0,0,0,0,0,0,0,0
test.c,11,11,11,1,54,49,1,1,0
test.cpp,6,5,7,1,34,27,4,3,0
TestAndersenThermostat.h,8,8,8,1,41,36,2,4,0
TestBrownianIntegrator.h,7,7,9,1,36,32,2,3,0
TestCheckpoints.h,9,9,13,1,27,22,2,3,0
TestCMAPTorsionForce.h,9,9,10,1,42,35,3,4,0
TestCMMotionRemover.h,6,6,7,1,22,21,0,1,0
TestCompoundIntegrator.h,16,16,21,1,44,38,2,4,0
TestCpuCheckpoints.cpp,4,4,4,1,37,28,3,6,0
TestCpuCompoundIntegrator.cpp,1,1,1,1,2,2,0,0,0
TestCpuCustomGBForce.cpp,1,1,1,1,2,2,0,0,0
TestCpuCustomManyParticleForce.cpp,1,1,1,1,2,2,0,0,0
TestCpuCustomNonbondedForce.cpp,1,1,1,1,2,2,0,0,0
TestCpuEwald.cpp,1,1,1,1,2,2,0,0,0
TestCpuGBSAOBCForce.cpp,1,1,1,1,2,2,0,0,0
TestCpuHarmonicAngleForce.cpp,5,5,6,1,14,14,0,0,0
TestCpuLangevinIntegrator.cpp,1,1,1,1,2,2,0,0,0
TestCpuNeighborList.cpp,10,10,11,2,44,41,2,2,1
TestCpuNonbondedForce.cpp,1,1,1,1,2,2,0,0,0
TestCpuPeriodicTorsionForce.cpp,5,5,6,1,14,14,0,0,0
TestCpuPme.cpp,4,4,4,1,23,20,1,2,0
TestCpuRBTorsionForce.cpp,5,5,6,1,14,14,0,0,0
TestCpuSettle.cpp,1,1,1,1,2,2,0,0,0
TestCudaAmoebaAngleForce.cpp,3,3,4,1,31,24,1,7,0
TestCudaAmoebaBondForce.cpp,3,3,4,1,27,21,1,6,0
TestCudaAmoebaExtrapolatedPolarization.cpp,3,3,4,1,44,36,3,6,0
TestCudaAmoebaGeneralizedKirkwoodForce.cpp,3,3,3,1,600,589,2,9,0
TestCudaAmoebaInPlaneAngleForce.cpp,4,4,4,1,36,26,3,8,0
TestCudaAmoebaMultipoleForce.cpp,4,4,5,1,143,124,5,14,0
TestCudaAmoebaOutOfPlaneBendForce.cpp,5,5,6,1,49,36,4,9,0
TestCudaAmoebaPiTorsionForce.cpp,4,4,4,1,33,25,1,8,0
TestCudaAmoebaStretchBendForce.cpp,4,4,4,1,30,21,2,6,0
TestCudaAmoebaTorsionTorsionForce.cpp,7,7,8,1,877,871,1,6,0
TestCudaAmoebaVdwForce.cpp,5,5,6,1,153,140,3,10,0
TestCudaAndersenThermostat.cpp,1,1,1,1,2,2,0,0,0
TestCudaBrownianIntegrator.cpp,1,1,1,1,2,2,0,0,0
TestCudaCheckpoints.cpp,4,4,4,1,51,39,4,8,0
TestCudaCMAPTorsionForce.cpp,1,1,1,1,2,2,0,0,0
TestCudaCMMotionRemover.cpp,1,1,1,1,2,2,0,0,0
TestCudaCompiler.cpp,5,5,7,1,18,18,1,0,0
TestCudaCompoundIntegrator.cpp,1,1,1,1,2,2,0,0,0
TestCudaCustomAngleForce.cpp,5,5,6,1,16,16,0,0,0
TestCudaCustomBondForce.cpp,5,5,6,1,16,16,0,0,0
TestCudaCustomCentroidBondForce.cpp,1,1,1,1,2,2,0,0,0
TestCudaCustomCompoundBondForce.cpp,5,5,6,1,18,18,0,0,0
TestCudaCustomExternalForce.cpp,5,5,6,1,17,17,0,0,0
TestCudaCustomGBForce.cpp,1,1,1,1,2,2,0,0,0
TestCudaCustomHbondForce.cpp,1,1,1,1,2,2,0,0,0
TestCudaCustomIntegrator.cpp,10,10,14,1,33,31,1,1,0
TestCudaCustomManyParticleForce.cpp,1,1,1,1,2,2,0,0,0
TestCudaCustomNonbondedForce.cpp,7,7,8,1,20,20,0,0,0
TestCudaCustomTorsionForce.cpp,5,5,6,1,16,16,0,0,0
TestCudaDrudeForce.cpp,3,3,3,1,22,20,1,1,0
TestCudaDrudeLangevinIntegrator.cpp,7,7,7,1,48,42,4,4,0
TestCudaDrudeSCFIntegrator.cpp,9,9,9,1,46,43,4,2,0
TestCudaEwald.cpp,1,1,1,1,2,2,0,0,0
TestCudaFFT3D.cpp,12,12,12,1,43,40,1,2,0
TestCudaGBSAOBCForce.cpp,1,1,1,1,2,2,0,0,0
TestCudaHarmonicAngleForce.cpp,5,5,6,1,15,15,0,0,0
TestCudaHarmonicBondForce.cpp,5,5,6,1,15,15,0,0,0
TestCudaLangevinIntegrator.cpp,1,1,1,1,2,2,0,0,0
TestCudaLocalEnergyMinimizer.cpp,1,1,1,1,2,2,0,0,0
TestCudaMonteCarloAnisotropicBarostat.cpp,1,1,1,1,2,2,0,0,0
TestCudaMonteCarloBarostat.cpp,1,1,1,1,3,3,0,0,0
TestCudaMultipleForces.cpp,8,8,9,1,27,27,0,0,0
TestCudaNonbondedForce.cpp,8,8,10,1,30,26,1,2,0
TestCudaPeriodicTorsionForce.cpp,5,5,6,1,15,15,0,0,0
TestCudaRandom.cpp,8,8,8,1,32,28,1,2,0
TestCudaRBTorsionForce.cpp,5,5,6,1,15,15,0,0,0
TestCudaRpmd.cpp,11,11,11,1,57,52,2,3,0
TestCudaSettle.cpp,1,1,1,1,2,2,0,0,0
TestCudaSort.cpp,2,2,2,1,6,5,0,1,0
TestCudaVariableLangevinIntegrator.cpp,1,1,1,1,2,2,0,0,0
TestCudaVariableVerletIntegrator.cpp,1,1,1,1,2,2,0,0,0
TestCudaVerletIntegrator.cpp,1,1,1,1,2,2,0,0,0
TestCudaVirtualSites.cpp,11,11,14,1,53,47,2,4,0
TestCudaWcaDispersionForce.cpp,6,6,6,1,43,33,2,8,0
TestCustomAngleForce.h,7,7,8,1,38,34,1,3,0
TestCustomBondForce.h,8,8,12,1,29,29,0,1,0
TestCustomCentroidBondForce.h,11,11,17,1,49,41,3,5,0
TestCustomCompoundBondForce.h,9,9,13,1,42,40,1,1,0
TestCustomExternalForce.h,7,7,10,1,31,29,1,1,0
TestCustomGBForce.h,12,11,15,1,57,54,2,2,0
TestCustomHbondForce.h,8,8,12,1,35,33,1,1,0
TestCustomIntegrator.h,11,11,14,1,44,39,2,3,1
TestCustomManyParticleForce.h,5,5,6,1,38,35,1,2,0
TestCustomNonbondedForce.h,11,11,15,1,44,41,1,2,1
TestCustomTorsionForce.h,7,7,8,1,38,34,1,3,0
TestEnforcePeriodicBox.cpp,7,7,7,1,31,28,0,3,0
TestEwald.h,12,12,13,1,58,46,6,7,0
TestFindExclusions.cpp,9,9,9,1,33,28,3,2,0
TestFindMolecules.cpp,6,6,6,1,18,18,0,0,0
TestGBSAOBCForce.h,11,11,14,1,46,42,2,3,0
TestHarmonicAngleForce.h,11,11,17,1,31,30,2,1,0
TestHarmonicBondForce.h,10,10,16,1,26,25,1,1,0
TestLangevinIntegrator.h,9,9,10,1,38,33,2,3,0
TestLocalEnergyMinimizer.h,5,5,6,1,41,34,3,5,0
TestMonteCarloAnisotropicBarostat.h,12,12,14,1,68,56,7,6,0
TestMonteCarloBarostat.h,10,10,12,1,47,41,3,4,0
TestNonbondedForce.h,14,14,20,1,54,50,1,3,0
TestOpenCLAndersenThermostat.cpp,1,1,1,1,2,2,0,0,0
TestOpenCLBrownianIntegrator.cpp,1,1,1,1,2,2,0,0,0
TestOpenCLCheckpoints.cpp,4,4,4,1,51,39,4,8,0
TestOpenCLCMAPTorsionForce.cpp,1,1,1,1,2,2,0,0,0
TestOpenCLCMMotionRemover.cpp,1,1,1,1,2,2,0,0,0
TestOpenCLCompoundIntegrator.cpp,1,1,1,1,2,2,0,0,0
TestOpenCLCustomAngleForce.cpp,5,5,6,1,16,16,0,0,0
TestOpenCLCustomBondForce.cpp,5,5,6,1,16,16,0,0,0
TestOpenCLCustomCentroidBondForce.cpp,1,1,1,1,2,2,0,0,0
TestOpenCLCustomCompoundBondForce.cpp,5,5,6,1,18,18,0,0,0
TestOpenCLCustomExternalForce.cpp,5,5,6,1,17,17,0,0,0
TestOpenCLCustomGBForce.cpp,1,1,1,1,2,2,0,0,0
TestOpenCLCustomHbondForce.cpp,1,1,1,1,2,2,0,0,0
TestOpenCLCustomIntegrator.cpp,10,10,14,1,33,31,1,1,0
TestOpenCLCustomManyParticleForce.cpp,1,1,1,1,2,2,0,0,0
TestOpenCLCustomNonbondedForce.cpp,7,7,8,1,20,20,0,0,0
TestOpenCLCustomTorsionForce.cpp,5,5,6,1,16,16,0,0,0
TestOpenCLDeviceQuery.cpp,13,13,13,1,90,69,0,10,0
TestOpenCLDrudeForce.cpp,3,3,3,1,22,20,1,1,0
TestOpenCLDrudeLangevinIntegrator.cpp,7,7,7,1,48,42,4,4,0
TestOpenCLDrudeSCFIntegrator.cpp,9,9,9,1,46,43,4,2,0
TestOpenCLEwald.cpp,1,1,1,1,2,2,0,0,0
TestOpenCLFFT.cpp,12,12,12,1,41,38,1,2,0
TestOpenCLGBSAOBCForce.cpp,1,1,1,1,2,2,0,0,0
TestOpenCLHarmonicAngleForce.cpp,5,5,6,1,15,15,0,0,0
TestOpenCLHarmonicBondForce.cpp,5,5,6,1,15,15,0,0,0
TestOpenCLLangevinIntegrator.cpp,1,1,1,1,2,2,0,0,0
TestOpenCLLocalEnergyMinimizer.cpp,1,1,1,1,2,2,0,0,0
TestOpenCLMonteCarloAnisotropicBarostat.cpp,1,1,1,1,2,2,0,0,0
TestOpenCLMonteCarloBarostat.cpp,1,1,1,1,3,3,0,0,0
TestOpenCLMultipleForces.cpp,8,8,9,1,27,27,0,0,0
TestOpenCLNonbondedForce.cpp,8,8,10,1,30,26,1,2,0
TestOpenCLPeriodicTorsionForce.cpp,5,5,6,1,15,15,0,0,0
TestOpenCLRandom.cpp,8,8,8,1,31,27,1,2,0
TestOpenCLRBTorsionForce.cpp,5,5,6,1,15,15,0,0,0
TestOpenCLRpmd.cpp,11,11,11,1,57,52,2,3,0
TestOpenCLSettle.cpp,1,1,1,1,2,2,0,0,0
TestOpenCLSort.cpp,2,2,2,1,6,5,0,1,0
TestOpenCLVariableLangevinIntegrator.cpp,1,1,1,1,2,2,0,0,0
TestOpenCLVariableVerletIntegrator.cpp,1,1,1,1,2,2,0,0,0
TestOpenCLVerletIntegrator.cpp,1,1,1,1,2,2,0,0,0
TestOpenCLVirtualSites.cpp,11,11,14,1,53,47,2,4,0
TestParser.cpp,4,4,4,1,21,19,1,2,0
TestPeriodicTorsionForce.h,11,11,17,1,29,27,1,1,0
TestRBTorsionForce.h,13,13,19,1,38,37,1,1,0
TestReferenceAmoebaAngleForce.cpp,4,4,4,1,31,24,1,6,0
TestReferenceAmoebaBondForce.cpp,3,3,4,1,28,21,1,6,0
TestReferenceAmoebaExtrapolatedPolarization.cpp,3,3,4,1,44,36,3,6,0
TestReferenceAmoebaGeneralizedKirkwoodForce.cpp,3,3,3,1,600,589,2,9,0
TestReferenceAmoebaInPlaneAngleForce.cpp,4,4,4,1,37,27,3,8,0
TestReferenceAmoebaMultipoleForce.cpp,4,4,4,1,141,124,3,14,0
TestReferenceAmoebaOutOfPlaneBendForce.cpp,6,6,6,1,51,37,5,9,0
TestReferenceAmoebaPiTorsionForce.cpp,4,4,4,1,34,25,1,8,0
TestReferenceAmoebaStretchBendForce.cpp,4,4,4,1,31,22,2,7,0
TestReferenceAmoebaTorsionTorsionForce.cpp,7,7,8,1,878,871,1,6,0
TestReferenceAmoebaVdwForce.cpp,5,5,6,1,154,140,3,10,0
TestReferenceAndersenThermostat.cpp,1,1,1,1,2,2,0,0,0
TestReferenceBrownianIntegrator.cpp,1,1,1,1,2,2,0,0,0
TestReferenceCheckpoints.cpp,4,4,4,1,37,28,3,6,0
TestReferenceCMAPTorsionForce.cpp,1,1,1,1,2,2,0,0,0
TestReferenceCMMotionRemover.cpp,1,1,1,1,2,2,0,0,0
TestReferenceCompoundIntegrator.cpp,1,1,1,1,2,2,0,0,0
TestReferenceCustomAngleForce.cpp,1,1,1,1,2,2,0,0,0
TestReferenceCustomBondForce.cpp,1,1,1,1,2,2,0,0,0
TestReferenceCustomCentroidBondForce.cpp,1,1,1,1,2,2,0,0,0
TestReferenceCustomCompoundBondForce.cpp,1,1,1,1,2,2,0,0,0
TestReferenceCustomExternalForce.cpp,1,1,1,1,2,2,0,0,0
TestReferenceCustomGBForce.cpp,1,1,1,1,2,2,0,0,0
TestReferenceCustomHbondForce.cpp,1,1,1,1,2,2,0,0,0
TestReferenceCustomIntegrator.cpp,1,1,1,1,2,2,0,0,0
TestReferenceCustomManyParticleForce.cpp,1,1,1,1,2,2,0,0,0
TestReferenceCustomNonbondedForce.cpp,1,1,1,1,2,2,0,0,0
TestReferenceCustomTorsionForce.cpp,1,1,1,1,2,2,0,0,0
TestReferenceDrudeForce.cpp,3,3,3,1,22,20,1,1,0
TestReferenceDrudeLangevinIntegrator.cpp,6,6,6,1,47,41,4,4,0
TestReferenceDrudeSCFIntegrator.cpp,8,8,8,1,44,41,4,2,0
TestReferenceEwald.cpp,1,1,1,1,2,2,0,0,0
TestReferenceGBSAOBCForce.cpp,1,1,1,1,2,2,0,0,0
TestReferenceHarmonicAngleForce.cpp,1,1,1,1,2,2,0,0,0
TestReferenceHarmonicBondForce.cpp,1,1,1,1,2,2,0,0,0
TestReferenceKineticEnergy.cpp,3,3,3,1,16,16,0,0,0
TestReferenceLangevinIntegrator.cpp,1,1,1,1,2,2,0,0,0
TestReferenceLocalEnergyMinimizer.cpp,1,1,1,1,2,2,0,0,0
TestReferenceMonteCarloAnisotropicBarostat.cpp,1,1,1,1,2,2,0,0,0
TestReferenceMonteCarloBarostat.cpp,1,1,1,1,2,2,0,0,0
TestReferenceMonteCarloMembraneBarostat.cpp,12,12,12,1,49,42,3,5,0
TestReferenceNeighborList.cpp,3,3,3,1,17,16,0,1,0
TestReferenceNonbondedForce.cpp,1,1,1,1,2,2,0,0,0
TestReferencePeriodicTorsionForce.cpp,1,1,1,1,2,2,0,0,0
TestReferenceRandom.cpp,7,7,7,1,26,22,1,2,0
TestReferenceRBTorsionForce.cpp,1,1,1,1,2,2,0,0,0
TestReferenceRpmd.cpp,10,10,10,1,49,46,1,2,0
TestReferenceSettle.cpp,1,1,1,1,2,2,0,0,0
TestReferenceVariableLangevinIntegrator.cpp,1,1,1,1,2,2,0,0,0
TestReferenceVariableVerletIntegrator.cpp,1,1,1,1,2,2,0,0,0
TestReferenceVerletIntegrator.cpp,1,1,1,1,2,2,0,0,0
TestReferenceVirtualSites.cpp,1,1,1,1,2,2,0,0,0
TestReferenceWcaDispersionForce.cpp,6,6,6,1,45,33,2,9,0
TestSerializationNode.cpp,10,10,10,1,25,25,0,0,0
TestSerializeAmoebaAngleForce.cpp,8,8,8,1,26,23,2,2,0
TestSerializeAmoebaBondForce.cpp,6,6,6,1,24,20,2,2,0
TestSerializeAmoebaGeneralizedKirkwoodForce.cpp,7,7,7,1,29,22,3,5,0
TestSerializeAmoebaInPlaneAngleForce.cpp,8,8,8,1,29,23,2,4,0
TestSerializeAmoebaMultipoleForce.cpp,13,13,13,1,52,41,3,9,0
TestSerializeAmoebaOutOfPlaneBendForce.cpp,8,8,8,1,28,23,2,4,0
TestSerializeAmoebaPiTorsionForce.cpp,7,7,7,1,23,20,2,2,0
TestSerializeAmoebaStretchBendForce.cpp,7,7,7,1,26,22,2,3,0
TestSerializeAmoebaTorsionTorsionForce.cpp,8,8,8,1,24,20,1,3,0
TestSerializeAmoebaVdwForce.cpp,11,11,11,1,42,33,2,8,0
TestSerializeAmoebaWcaDispersionForce.cpp,8,8,8,1,32,25,2,6,0
TestSerializeAndersenThermostat.cpp,4,4,4,1,16,12,2,3,0
TestSerializeCMAPTorsion.cpp,12,12,12,1,34,30,2,3,0
TestSerializeCMMotionRemover.cpp,3,3,3,1,15,11,2,3,0
TestSerializeCustomAngleForce.cpp,10,10,10,1,30,26,2,3,0
TestSerializeCustomBondForce.cpp,10,10,10,1,30,26,2,3,0
TestSerializeCustomCentroidBondForce.cpp,21,21,21,1,56,52,2,3,0
TestSerializeCustomCompoundBondForce.cpp,15,15,15,1,44,40,2,3,0
TestSerializeCustomExternalForce.cpp,9,9,9,1,29,25,2,3,0
TestSerializeCustomGBForce.cpp,19,19,19,1,53,49,2,3,0
TestSerializeCustomHbondForce.cpp,22,22,22,1,56,52,2,3,0
TestSerializeCustomManyParticleForce.cpp,18,18,18,1,51,47,2,3,0
TestSerializeCustomNonbondedForce.cpp,19,19,19,1,52,48,2,3,0
TestSerializeCustomTorsionForce.cpp,11,11,11,1,31,27,2,3,0
TestSerializeDrudeForce.cpp,10,10,10,1,30,26,2,2,0
TestSerializeDrudeLangevinIntegrator.cpp,4,4,4,1,17,13,2,3,0
TestSerializeGBSAOBCForce.cpp,7,7,7,1,26,22,2,3,0
TestSerializeHarmonicAngleForce.cpp,6,6,6,1,22,18,2,3,0
TestSerializeHarmonicBondForce.cpp,5,5,5,1,22,18,2,3,0
TestSerializeIntegrator.cpp,7,7,7,1,21,21,0,0,0
TestSerializeMonteCarloAnisotropicBarostat.cpp,6,6,7,1,18,14,2,3,0
TestSerializeMonteCarloBarostat.cpp,4,4,4,1,17,13,2,3,0
TestSerializeMonteCarloMembraneBarostat.cpp,6,6,6,1,18,14,2,3,0
TestSerializeNonbondedForce.cpp,14,14,14,1,40,36,2,3,0
TestSerializePeriodicTorsionForce.cpp,7,7,7,1,23,19,2,3,0
TestSerializeRBTorsionForce.cpp,8,8,8,1,24,20,2,3,0
TestSerializeState.cpp,21,21,27,1,74,63,6,6,0
TestSerializeSystem.cpp,14,14,16,1,29,27,1,2,0
TestSerializeTabulatedFunctions.cpp,8,8,8,1,26,19,3,4,0
TestSettle.h,5,5,5,1,34,32,1,2,0
TestSplineFitter.cpp,14,14,14,1,26,26,0,0,0
TestSystem.cpp,16,16,16,1,40,34,2,4,0
TestVariableLangevinIntegrator.h,8,8,9,1,40,34,3,4,0
TestVariableVerletIntegrator.h,9,9,11,1,43,38,2,4,0
TestVectorize.cpp,11,11,33,1,20,20,0,0,0
TestVectorize8.cpp,10,10,45,1,21,20,1,1,0
TestVerletIntegrator.h,9,9,11,1,39,35,1,2,0
TestVirtualSites.h,11,11,16,1,50,46,1,2,0
ThreadPool.cpp,2,2,2,1,8,8,0,0,0
ThreadPool.h,0,0,0,0,0,0,0,0,0
timer.h,1,1,1,1,5,5,0,0,0
tnt.h,0,0,0,0,0,0,0,0,0
tnt_array1d.h,1,1,1,1,6,4,0,0,0
tnt_array1d_utils.h,3,3,3,1,15,13,0,2,0
tnt_array2d.h,2,2,2,1,7,6,0,1,0
tnt_array2d_utils.h,4,4,5,1,18,15,0,3,0
tnt_array3d.h,2,2,3,1,8,7,0,1,0
tnt_array3d_utils.h,5,5,6,1,19,15,0,3,0
tnt_cmat.h,2,2,2,1,11,8,0,2,0
tnt_fortran_array1d.h,1,1,1,1,6,5,0,0,0
tnt_fortran_array1d_utils.h,3,3,3,1,15,13,0,2,0
tnt_fortran_array2d.h,1,1,1,1,5,4,0,1,0
tnt_fortran_array2d_utils.h,4,4,5,1,18,15,0,3,0
tnt_fortran_array3d.h,1,1,1,1,6,4,0,1,0
tnt_fortran_array3d_utils.h,5,5,6,1,19,15,0,3,0
tnt_i_refvec.h,2,2,2,1,7,6,0,1,0
tnt_math_utils.h,2,2,2,1,11,10,0,1,0
tnt_sparse_matrix_csr.h,1,1,1,1,1,1,0,0,0
tnt_stopwatch.h,2,2,2,1,6,6,0,0,0
tnt_subscript.h,0,0,0,0,0,0,0,0,0
tnt_vec.h,1,1,1,1,9,6,0,1,0
tnt_version.h,0,0,0,0,0,0,0,0,0
VariableLangevinIntegrator.cpp,2,2,2,1,6,6,0,0,0
VariableLangevinIntegrator.h,1,1,1,1,3,3,0,0,0
VariableLangevinIntegratorProxy.cpp,1,1,1,1,8,8,0,0,0
VariableLangevinIntegratorProxy.h,0,0,0,0,0,0,0,0,0
VariableVerletIntegrator.cpp,2,2,2,1,6,6,0,0,0
VariableVerletIntegrator.h,1,1,1,1,3,3,0,0,0
VariableVerletIntegratorProxy.cpp,1,1,1,1,6,6,0,0,0
VariableVerletIntegratorProxy.h,0,0,0,0,0,0,0,0,0
Vec3.h,1,1,1,1,4,4,0,0,0
vecmath.cpp,0,0,0,0,0,0,0,0,0
vectorize.h,0,0,0,0,0,0,0,0,0
vectorize8.h,1,1,1,1,3,3,0,0,0
vectorize_neon.h,1,1,1,1,3,3,0,0,0
vectorize_pnacl.h,1,1,1,1,3,3,0,0,0
vectorize_sse.h,1,1,1,1,3,3,0,0,0
vectypes.h,1,1,1,1,8,8,0,0,0
VerletIntegrator.cpp,2,2,2,1,5,5,0,0,0
VerletIntegrator.h,0,0,0,0,0,0,0,0,0
VerletIntegratorProxy.cpp,1,1,1,1,5,5,0,0,0
VerletIntegratorProxy.h,0,0,0,0,0,0,0,0,0
VirtualSite.cpp,2,2,2,1,5,5,0,0,0
VirtualSite.h,1,1,1,1,2,2,0,0,0
vmem.cpp,4,4,5,2,27,19,3,5,0
vmem.h,1,1,1,1,3,3,0,0,0
zone.cpp,3,3,4,2,18,13,2,3,0
zone.h,1,1,1,1,5,4,0,1,0
RBTorsionForce.cpp,1,1,2,1,6,6,0,0,0
RBTorsionForce.h,1,1,1,1,5,5,0,0,0
RBTorsionForceImpl.cpp,1,1,1,1,4,4,0,0,0
RBTorsionForceImpl.h,1,1,1,1,3,3,1,0,0
RBTorsionForceProxy.cpp,2,2,2,1,11,11,0,0,0
RBTorsionForceProxy.h,0,0,0,0,0,0,0,0,0
RealVec.h,1,1,1,1,4,4,0,0,0
ReferenceAndersenThermostat.cpp,2,2,2,1,9,7,0,1,0
ReferenceAndersenThermostat.h,0,0,0,0,0,0,0,0,0
ReferenceAngleBondIxn.cpp,3,3,3,1,29,18,4,8,0
ReferenceAngleBondIxn.h,0,0,0,0,0,0,0,0,0
ReferenceBondForce.cpp,1,1,1,1,13,5,3,5,0
ReferenceBondForce.h,0,0,0,0,0,0,0,0,0
ReferenceBondIxn.cpp,3,3,3,1,30,14,4,8,0
ReferenceBondIxn.h,0,0,0,0,0,0,0,0,0
ReferenceBrownianDynamics.cpp,4,4,4,1,22,14,3,5,0
ReferenceBrownianDynamics.h,0,0,0,0,0,0,0,0,0
ReferenceCCMAAlgorithm.cpp,4,4,5,2,25,22,1,2,0
ReferenceCCMAAlgorithm.h,1,1,1,1,4,4,0,0,0
ReferenceCMAPTorsionIxn.cpp,2,2,2,1,31,26,2,4,0
ReferenceCMAPTorsionIxn.h,0,0,0,0,0,0,0,0,0
ReferenceConstraintAlgorithm.h,1,1,1,1,1,1,0,0,0
ReferenceConstraints.cpp,8,8,9,2,40,33,4,4,0
ReferenceConstraints.h,0,0,0,0,0,0,0,0,0
ReferenceCustomAngleIxn.cpp,4,4,4,1,33,24,3,6,0
ReferenceCustomAngleIxn.h,0,0,0,0,0,0,0,0,0
ReferenceCustomBondIxn.cpp,3,3,3,1,23,16,2,5,0
ReferenceCustomBondIxn.h,0,0,0,0,0,0,0,0,0
ReferenceCustomCentroidBondIxn.cpp,6,6,6,1,31,26,2,4,0
ReferenceCustomCentroidBondIxn.h,1,1,1,1,3,3,0,0,0
ReferenceCustomCompoundBondIxn.cpp,5,5,5,1,28,24,1,3,0
ReferenceCustomCompoundBondIxn.h,1,1,1,1,3,3,0,0,0
ReferenceCustomDynamics.cpp,8,7,10,1,34,31,2,2,0
ReferenceCustomDynamics.h,0,0,0,0,0,0,0,0,0
ReferenceCustomExternalIxn.cpp,2,2,2,1,25,21,1,3,0
ReferenceCustomExternalIxn.h,0,0,0,0,0,0,0,0,0
ReferenceCustomGBIxn.cpp,6,6,6,1,28,24,2,3,0
ReferenceCustomGBIxn.h,0,0,0,0,0,0,0,0,0
ReferenceCustomHbondIxn.cpp,4,4,4,1,25,21,1,3,0
ReferenceCustomHbondIxn.h,1,1,1,1,3,3,0,0,0
ReferenceCustomManyParticleIxn.cpp,6,6,6,2,31,25,2,3,0
ReferenceCustomManyParticleIxn.h,1,1,1,1,3,3,0,0,0
ReferenceCustomNonbondedIxn.cpp,4,4,5,1,23,18,2,3,0
ReferenceCustomNonbondedIxn.h,0,0,0,0,0,0,0,0,0
ReferenceCustomTorsionIxn.cpp,3,3,3,1,38,25,4,10,0
ReferenceCustomTorsionIxn.h,0,0,0,0,0,0,0,0,0
ReferenceDrudeKernelFactory.cpp,2,2,2,1,7,7,0,0,0
ReferenceDrudeKernelFactory.h,0,0,0,0,0,0,0,0,0
ReferenceDrudeKernels.cpp,4,4,4,1,25,20,2,3,0
ReferenceDrudeKernels.h,1,1,1,1,3,3,0,0,0
ReferenceDynamics.cpp,1,1,1,1,12,4,3,4,0
ReferenceDynamics.h,0,0,0,0,0,0,0,0,0
ReferenceForce.cpp,1,1,1,1,6,6,0,0,0
ReferenceForce.h,0,0,0,0,0,0,0,0,0
ReferenceHarmonicBondIxn.cpp,2,2,2,1,21,10,3,8,0
ReferenceHarmonicBondIxn.h,0,0,0,0,0,0,0,0,0
ReferenceKernelFactory.cpp,32,32,32,32,66,66,0,0,0
ReferenceKernelFactory.h,0,0,0,0,0,0,0,0,0
ReferenceKernels.cpp,3,3,3,1,14,12,1,1,0
ReferenceKernels.h,1,1,1,1,2,2,0,0,0
ReferenceLincsAlgorithm.cpp,3,3,3,1,20,15,2,3,0
ReferenceLincsAlgorithm.h,0,0,0,0,0,0,0,0,0
ReferenceLJCoulomb14.cpp,2,2,2,1,25,13,4,8,0
ReferenceLJCoulomb14.h,0,0,0,0,0,0,0,0,0
ReferenceLJCoulombIxn.cpp,7,7,8,1,44,32,3,10,0
ReferenceLJCoulombIxn.h,0,0,0,0,0,0,0,0,0
ReferenceMonteCarloBarostat.cpp,3,3,3,1,13,10,1,2,0
ReferenceMonteCarloBarostat.h,0,0,0,0,0,0,0,0,0
ReferenceNeighborList.cpp,4,4,4,2,23,21,1,1,0
ReferenceNeighborList.h,0,0,0,0,0,0,0,0,0
ReferenceObc.cpp,4,4,4,2,36,22,4,10,0
ReferenceObc.h,0,0,0,0,0,0,0,0,0
ReferencePairIxn.cpp,1,1,1,1,9,2,3,4,0
ReferencePairIxn.h,0,0,0,0,0,0,0,0,0
ReferencePlatform.cpp,1,1,1,1,9,9,0,0,0
ReferencePlatform.h,1,1,1,1,4,4,0,0,0
ReferencePME.cpp,5,5,5,1,61,41,12,9,0
ReferencePME.h,0,0,0,0,0,0,0,0,0
ReferenceProperDihedralBond.cpp,2,2,2,1,40,22,5,13,0
ReferenceProperDihedralBond.h,0,0,0,0,0,0,0,0,0
ReferenceRbDihedralBond.cpp,3,3,3,1,45,26,6,14,0
ReferenceRbDihedralBond.h,0,0,0,0,0,0,0,0,0
ReferenceRpmdKernelFactory.cpp,2,2,2,1,5,5,0,0,0
ReferenceRpmdKernelFactory.h,0,0,0,0,0,0,0,0,0
ReferenceRpmdKernels.cpp,7,7,7,1,31,25,2,4,0
ReferenceRpmdKernels.h,1,1,1,1,3,3,0,0,0
ReferenceSETTLEAlgorithm.cpp,1,1,1,1,41,34,2,5,0
ReferenceSETTLEAlgorithm.h,0,0,0,0,0,0,0,0,0
ReferenceStochasticDynamics.cpp,3,3,3,1,19,11,3,5,0
ReferenceStochasticDynamics.h,0,0,0,0,0,0,0,0,0
ReferenceTabulatedFunction.cpp,2,2,3,1,6,6,0,0,0
ReferenceTabulatedFunction.h,0,0,0,0,0,0,0,0,0
ReferenceTests.h,1,1,1,1,2,2,0,0,0
ReferenceVariableStochasticDynamics.cpp,3,3,3,1,19,12,3,5,0
ReferenceVariableStochasticDynamics.h,0,0,0,0,0,0,0,0,0
ReferenceVariableVerletDynamics.cpp,4,4,4,1,18,13,2,3,0
ReferenceVariableVerletDynamics.h,0,0,0,0,0,0,0,0,0
ReferenceVerletDynamics.cpp,4,4,4,1,26,15,4,7,0
ReferenceVerletDynamics.h,0,0,0,0,0,0,0,0,0
ReferenceVirtualSites.cpp,7,7,7,1,82,72,5,6,0
ReferenceVirtualSites.h,0,0,0,0,0,0,0,0,0
RPMDIntegrator.cpp,3,3,3,1,14,12,1,1,0
RPMDIntegrator.h,1,1,1,1,3,3,0,0,0
RpmdKernels.h,1,1,1,1,3,3,0,0,0
RPMDMonteCarloBarostat.cpp,1,1,1,1,4,4,0,0,0
RPMDMonteCarloBarostat.h,1,1,1,1,3,3,0,0,0
RPMDMonteCarloBarostatImpl.cpp,4,4,4,1,23,19,2,3,0
RPMDMonteCarloBarostatImpl.h,1,1,1,1,3,3,1,0,0
RPMDUpdater.h,0,0,0,0,0,0,0,0,0
runtime.cpp,1,1,2,1,8,5,1,1,0
runtime.h,1,1,1,1,3,3,0,0,0
windowsExport.h,0,0,0,0,0,0,0,0,0
windowsExportAmoeba.h,0,0,0,0,0,0,0,0,0
windowsExportAmoebaReference.h,0,0,0,0,0,0,0,0,0
windowsExportCpu.h,0,0,0,0,0,0,0,0,0
windowsExportCuda.h,0,0,0,0,0,0,0,0,0
windowsExportCudaCompiler.h,0,0,0,0,0,0,0,0,0
windowsExportDrude.h,0,0,0,0,0,0,0,0,0
windowsExportOpenCL.h,0,0,0,0,0,0,0,0,0
windowsExportPme.h,0,0,0,0,0,0,0,0,0
windowsExportRpmd.h,0,0,0,0,0,0,0,0,0
windowsIncludes.h,0,0,0,0,0,0,0,0,0
Units.h,0,0,0,0,0,0,0,0,0
x86.h,0,0,0,0,0,0,0,0,0
x86assembler.cpp,47,40,53,22,185,131,15,34,0
x86assembler.h,1,1,1,1,1,1,0,0,0
x86compiler.cpp,4,3,4,2,22,15,1,3,0
x86compiler.h,1,1,1,1,1,1,0,0,0
x86context.cpp,12,8,13,5,54,38,5,10,0
x86context_p.h,1,1,1,1,12,9,0,3,0
x86cpuinfo.cpp,17,16,18,2,66,35,8,10,0
x86cpuinfo.h,1,1,1,1,3,3,0,0,0
x86inst.cpp,9,9,9,8,36,28,2,7,0
x86inst.h,1,1,1,1,3,3,0,0,0
x86operand.cpp,3,3,3,1,15,12,0,3,0
x86operand.h,1,1,1,1,2,2,0,0,0
x86operand_regs.cpp,0,0,0,0,0,0,0,0,0
x86scheduler.cpp,1,1,1,1,8,2,5,0,0
x86scheduler_p.h,0,0,0,0,0,0,0,0,0
XmlSerializer.cpp,3,3,4,2,17,14,2,1,0
XmlSerializer.h,1,1,1,1,6,6,0,0,0
