File,Hash,AvgCyclomatic,AvgCyclomaticModified,AvgCyclomaticStrict,AvgEssential,AvgLine,AvgLineBlank,AvgLineCode,AvgLineComment,CountDeclClass,CountDeclExecutableUnit,CountDeclFunction,CountLine,CountLineBlank,CountLineCode,CountLineCodeDecl,CountLineCodeExe,CountLineComment,CountPath,CountPathLog,CountStmt,CountStmtDecl,CountStmtExe,Cyclomatic,CyclomaticModified,CyclomaticStrict,Essential,MaxCyclomatic,MaxCyclomaticModified,MaxCyclomaticStrict,MaxEssential,MaxNesting,RatioCommentToCode,SumCyclomatic,SumCyclomaticModified,SumCyclomaticStrict,SumEssential,fastread_buggy
testsuite/MDAnalysisTests/analysis/test_contacts.py,605118c,1.0,1.0,1.0,1.0,11.0,2.0,8.0,1.0,1.0,10.0,10.0,164.0,37.0,102.0,32.0,70.0,25.0,0.0,0.0,90.0,23.0,67.0,0.0,0.0,0.0,0.0,1.0,1.0,1.0,1.0,1.0,0.25,10.0,10.0,10.0,10.0,0.0
testsuite/MDAnalysisTests/analysis/test_contacts.py,c4df4b5,1.0,1.0,1.0,1.0,11.0,2.0,8.0,1.0,1.0,10.0,10.0,164.0,37.0,102.0,32.0,70.0,25.0,0.0,0.0,90.0,23.0,67.0,0.0,0.0,0.0,0.0,1.0,1.0,1.0,1.0,1.0,0.25,10.0,10.0,10.0,10.0,1.0
testsuite/MDAnalysisTests/analysis/test_psa.py,a68eedf,1.0,1.0,1.0,1.0,6.0,0.0,6.0,0.0,1.0,6.0,6.0,76.0,11.0,50.0,18.0,32.0,16.0,0.0,0.0,42.0,15.0,27.0,0.0,0.0,0.0,0.0,1.0,1.0,1.0,1.0,0.0,0.32,6.0,6.0,6.0,6.0,1.0
testsuite/MDAnalysisTests/coordinates/test_dlpoly.py,a68eedf,1.0,1.0,1.0,1.0,3.0,0.0,3.0,0.0,12.0,32.0,32.0,196.0,55.0,141.0,52.0,89.0,0.0,0.0,0.0,123.0,50.0,73.0,0.0,0.0,0.0,0.0,2.0,2.0,2.0,1.0,1.0,0.0,36.0,36.0,36.0,32.0,1.0
testsuite/MDAnalysisTests/coordinates/test_pdb.py,a68eedf,1.0,1.0,1.0,1.0,7.0,0.0,6.0,0.0,16.0,83.0,83.0,789.0,129.0,591.0,155.0,435.0,75.0,0.0,0.0,410.0,117.0,293.0,0.0,0.0,0.0,0.0,5.0,5.0,5.0,1.0,3.0,0.13,110.0,110.0,110.0,83.0,1.0
testsuite/MDAnalysisTests/test_atomgroup.py,a68eedf,1.0,1.0,1.0,1.0,5.0,0.0,4.0,0.0,28.0,335.0,335.0,2328.0,473.0,1657.0,446.0,1205.0,225.0,0.0,0.0,1397.0,378.0,1019.0,0.0,0.0,0.0,0.0,4.0,4.0,4.0,4.0,2.0,0.14,371.0,371.0,371.0,338.0,1.0
testsuite/MDAnalysisTests/test_authors.py,a68eedf,1.0,1.0,1.0,1.0,3.0,0.0,3.0,0.0,0.0,2.0,2.0,28.0,4.0,9.0,5.0,4.0,15.0,0.0,0.0,7.0,5.0,2.0,0.0,0.0,0.0,0.0,1.0,1.0,1.0,1.0,0.0,1.67,2.0,2.0,2.0,2.0,1.0
testsuite/MDAnalysisTests/test_tprparser.py,a68eedf,2.0,2.0,2.0,1.0,10.0,0.0,9.0,0.0,44.0,5.0,5.0,302.0,99.0,157.0,78.0,79.0,47.0,0.0,0.0,114.0,54.0,60.0,0.0,0.0,0.0,0.0,2.0,2.0,2.0,1.0,1.0,0.3,10.0,10.0,10.0,5.0,1.0
testsuite/MDAnalysisTests/test_util.py,a68eedf,1.0,1.0,1.0,1.0,4.0,0.0,4.0,0.0,12.0,108.0,108.0,792.0,167.0,522.0,141.0,379.0,103.0,0.0,0.0,431.0,131.0,300.0,0.0,0.0,0.0,0.0,7.0,7.0,7.0,1.0,3.0,0.2,127.0,127.0,127.0,108.0,1.0
testsuite/MDAnalysisTests/test_tprparser.py,a68eedf,0.0,0.0,0.0,0.0,0.0,0.0,0.0,0.0,0.0,10.0,0.0,0.0,0.0,0.0,0.0,0.0,0.0,0.0,0.0,0.0,0.0,0.0,0.0,0.0,0.0,0.0,0.0,0.0,0.0,0.0,0.0,0.0,0.0,0.0,0.0,0.0,1.0
testsuite/MDAnalysisTests/test_util.py,a68eedf,0.0,0.0,0.0,0.0,0.0,0.0,0.0,0.0,0.0,18.0,0.0,0.0,0.0,0.0,0.0,0.0,0.0,0.0,0.0,0.0,0.0,0.0,0.0,0.0,0.0,0.0,0.0,0.0,0.0,0.0,0.0,0.0,0.0,0.0,0.0,0.0,1.0
testsuite/MDAnalysisTests/coordinates/test_pdb.py,a68eedf,0.0,0.0,0.0,0.0,0.0,0.0,0.0,0.0,0.0,89.0,0.0,0.0,0.0,0.0,0.0,0.0,0.0,0.0,0.0,0.0,0.0,0.0,0.0,0.0,0.0,0.0,0.0,0.0,0.0,0.0,0.0,0.0,0.0,0.0,0.0,0.0,1.0
testsuite/MDAnalysisTests/test_util.py,a68eedf,0.0,0.0,0.0,0.0,0.0,0.0,0.0,0.0,0.0,39.0,0.0,0.0,0.0,0.0,0.0,0.0,0.0,0.0,0.0,0.0,0.0,0.0,0.0,0.0,0.0,0.0,0.0,0.0,0.0,0.0,0.0,0.0,0.0,0.0,0.0,0.0,1.0
testsuite/MDAnalysisTests/analysis/test_nuclinfo.py,a68eedf,0.0,0.0,0.0,0.0,0.0,0.0,0.0,0.0,0.0,0.0,0.0,0.0,0.0,0.0,0.0,0.0,0.0,0.0,0.0,0.0,0.0,0.0,0.0,0.0,0.0,0.0,0.0,0.0,0.0,0.0,0.0,0.0,0.0,0.0,0.0,0.0,1.0
testsuite/MDAnalysisTests/analysis/test_nuclinfo.py,a68eedf,0.0,0.0,0.0,0.0,0.0,0.0,0.0,0.0,0.0,0.0,0.0,0.0,0.0,0.0,0.0,0.0,0.0,0.0,0.0,0.0,0.0,0.0,0.0,0.0,0.0,0.0,0.0,0.0,0.0,0.0,0.0,0.0,0.0,0.0,0.0,0.0,1.0
testsuite/MDAnalysisTests/analysis/test_nuclinfo.py,a68eedf,0.0,0.0,0.0,0.0,0.0,0.0,0.0,0.0,0.0,0.0,0.0,0.0,0.0,0.0,0.0,0.0,0.0,0.0,0.0,0.0,0.0,0.0,0.0,0.0,0.0,0.0,0.0,0.0,0.0,0.0,0.0,0.0,0.0,0.0,0.0,0.0,1.0
testsuite/MDAnalysisTests/analysis/test_nuclinfo.py,a68eedf,0.0,0.0,0.0,0.0,0.0,0.0,0.0,0.0,0.0,0.0,0.0,0.0,0.0,0.0,0.0,0.0,0.0,0.0,0.0,0.0,0.0,0.0,0.0,0.0,0.0,0.0,0.0,0.0,0.0,0.0,0.0,0.0,0.0,0.0,0.0,0.0,1.0
testsuite/MDAnalysisTests/analysis/test_nuclinfo.py,a68eedf,0.0,0.0,0.0,0.0,0.0,0.0,0.0,0.0,0.0,0.0,0.0,0.0,0.0,0.0,0.0,0.0,0.0,0.0,0.0,0.0,0.0,0.0,0.0,0.0,0.0,0.0,0.0,0.0,0.0,0.0,0.0,0.0,0.0,0.0,0.0,0.0,1.0
testsuite/MDAnalysisTests/test_util.py,a68eedf,0.0,0.0,0.0,0.0,0.0,0.0,0.0,0.0,0.0,9.0,0.0,0.0,0.0,0.0,0.0,0.0,0.0,0.0,0.0,0.0,0.0,0.0,0.0,0.0,0.0,0.0,0.0,0.0,0.0,0.0,0.0,0.0,0.0,0.0,0.0,0.0,1.0
testsuite/MDAnalysisTests/analysis/test_nuclinfo.py,33ac4f6,1.0,1.0,1.0,1.0,2.0,0.0,2.0,0.0,1.0,4.0,4.0,42.0,9.0,18.0,12.0,6.0,15.0,0.0,0.0,15.0,9.0,6.0,0.0,0.0,0.0,0.0,1.0,1.0,1.0,1.0,0.0,0.83,4.0,4.0,4.0,4.0,0.0
testsuite/MDAnalysisTests/analysis/test_psa.py,33ac4f6,1.0,1.0,1.0,1.0,6.0,0.0,6.0,0.0,1.0,6.0,6.0,76.0,11.0,50.0,18.0,32.0,16.0,0.0,0.0,42.0,15.0,27.0,0.0,0.0,0.0,0.0,1.0,1.0,1.0,1.0,0.0,0.32,6.0,6.0,6.0,6.0,0.0
testsuite/MDAnalysisTests/coordinates/test_dlpoly.py,33ac4f6,1.0,1.0,1.0,1.0,3.0,0.0,3.0,0.0,12.0,32.0,32.0,196.0,55.0,141.0,52.0,89.0,0.0,0.0,0.0,123.0,50.0,73.0,0.0,0.0,0.0,0.0,2.0,2.0,2.0,1.0,1.0,0.0,36.0,36.0,36.0,32.0,0.0
testsuite/MDAnalysisTests/coordinates/test_pdb.py,33ac4f6,1.0,1.0,1.0,1.0,7.0,0.0,6.0,0.0,16.0,83.0,83.0,789.0,129.0,591.0,155.0,435.0,75.0,0.0,0.0,410.0,117.0,293.0,0.0,0.0,0.0,0.0,5.0,5.0,5.0,1.0,3.0,0.13,110.0,110.0,110.0,83.0,0.0
testsuite/MDAnalysisTests/test_atomgroup.py,33ac4f6,1.0,1.0,1.0,1.0,5.0,0.0,4.0,0.0,28.0,335.0,335.0,2328.0,473.0,1657.0,446.0,1205.0,225.0,0.0,0.0,1397.0,378.0,1019.0,0.0,0.0,0.0,0.0,4.0,4.0,4.0,4.0,2.0,0.14,371.0,371.0,371.0,338.0,0.0
testsuite/MDAnalysisTests/test_authors.py,33ac4f6,1.0,1.0,1.0,1.0,3.0,0.0,3.0,0.0,0.0,2.0,2.0,28.0,4.0,9.0,5.0,4.0,15.0,0.0,0.0,7.0,5.0,2.0,0.0,0.0,0.0,0.0,1.0,1.0,1.0,1.0,0.0,1.67,2.0,2.0,2.0,2.0,0.0
testsuite/MDAnalysisTests/test_tprparser.py,33ac4f6,2.0,2.0,2.0,1.0,10.0,0.0,9.0,0.0,44.0,5.0,5.0,302.0,99.0,157.0,78.0,79.0,47.0,0.0,0.0,114.0,54.0,60.0,0.0,0.0,0.0,0.0,2.0,2.0,2.0,1.0,1.0,0.3,10.0,10.0,10.0,5.0,0.0
testsuite/MDAnalysisTests/test_util.py,33ac4f6,1.0,1.0,1.0,1.0,4.0,0.0,4.0,0.0,12.0,108.0,108.0,792.0,167.0,522.0,141.0,379.0,103.0,0.0,0.0,431.0,131.0,300.0,0.0,0.0,0.0,0.0,7.0,7.0,7.0,1.0,3.0,0.2,127.0,127.0,127.0,108.0,0.0
testsuite/MDAnalysisTests/test_tprparser.py,33ac4f6,0.0,0.0,0.0,0.0,0.0,0.0,0.0,0.0,0.0,10.0,0.0,0.0,0.0,0.0,0.0,0.0,0.0,0.0,0.0,0.0,0.0,0.0,0.0,0.0,0.0,0.0,0.0,0.0,0.0,0.0,0.0,0.0,0.0,0.0,0.0,0.0,0.0
testsuite/MDAnalysisTests/test_util.py,33ac4f6,0.0,0.0,0.0,0.0,0.0,0.0,0.0,0.0,0.0,18.0,0.0,0.0,0.0,0.0,0.0,0.0,0.0,0.0,0.0,0.0,0.0,0.0,0.0,0.0,0.0,0.0,0.0,0.0,0.0,0.0,0.0,0.0,0.0,0.0,0.0,0.0,0.0
testsuite/MDAnalysisTests/coordinates/test_pdb.py,33ac4f6,0.0,0.0,0.0,0.0,0.0,0.0,0.0,0.0,0.0,89.0,0.0,0.0,0.0,0.0,0.0,0.0,0.0,0.0,0.0,0.0,0.0,0.0,0.0,0.0,0.0,0.0,0.0,0.0,0.0,0.0,0.0,0.0,0.0,0.0,0.0,0.0,0.0
testsuite/MDAnalysisTests/test_util.py,33ac4f6,0.0,0.0,0.0,0.0,0.0,0.0,0.0,0.0,0.0,39.0,0.0,0.0,0.0,0.0,0.0,0.0,0.0,0.0,0.0,0.0,0.0,0.0,0.0,0.0,0.0,0.0,0.0,0.0,0.0,0.0,0.0,0.0,0.0,0.0,0.0,0.0,0.0
testsuite/MDAnalysisTests/analysis/test_nuclinfo.py,33ac4f6,0.0,0.0,0.0,0.0,0.0,0.0,0.0,0.0,0.0,0.0,0.0,0.0,0.0,0.0,0.0,0.0,0.0,0.0,0.0,0.0,0.0,0.0,0.0,0.0,0.0,0.0,0.0,0.0,0.0,0.0,0.0,0.0,0.0,0.0,0.0,0.0,0.0
testsuite/MDAnalysisTests/analysis/test_nuclinfo.py,33ac4f6,0.0,0.0,0.0,0.0,0.0,0.0,0.0,0.0,0.0,0.0,0.0,0.0,0.0,0.0,0.0,0.0,0.0,0.0,0.0,0.0,0.0,0.0,0.0,0.0,0.0,0.0,0.0,0.0,0.0,0.0,0.0,0.0,0.0,0.0,0.0,0.0,0.0
testsuite/MDAnalysisTests/analysis/test_nuclinfo.py,33ac4f6,0.0,0.0,0.0,0.0,0.0,0.0,0.0,0.0,0.0,0.0,0.0,0.0,0.0,0.0,0.0,0.0,0.0,0.0,0.0,0.0,0.0,0.0,0.0,0.0,0.0,0.0,0.0,0.0,0.0,0.0,0.0,0.0,0.0,0.0,0.0,0.0,0.0
testsuite/MDAnalysisTests/analysis/test_nuclinfo.py,33ac4f6,0.0,0.0,0.0,0.0,0.0,0.0,0.0,0.0,0.0,0.0,0.0,0.0,0.0,0.0,0.0,0.0,0.0,0.0,0.0,0.0,0.0,0.0,0.0,0.0,0.0,0.0,0.0,0.0,0.0,0.0,0.0,0.0,0.0,0.0,0.0,0.0,0.0
testsuite/MDAnalysisTests/analysis/test_nuclinfo.py,33ac4f6,0.0,0.0,0.0,0.0,0.0,0.0,0.0,0.0,0.0,0.0,0.0,0.0,0.0,0.0,0.0,0.0,0.0,0.0,0.0,0.0,0.0,0.0,0.0,0.0,0.0,0.0,0.0,0.0,0.0,0.0,0.0,0.0,0.0,0.0,0.0,0.0,0.0
testsuite/MDAnalysisTests/test_util.py,33ac4f6,0.0,0.0,0.0,0.0,0.0,0.0,0.0,0.0,0.0,9.0,0.0,0.0,0.0,0.0,0.0,0.0,0.0,0.0,0.0,0.0,0.0,0.0,0.0,0.0,0.0,0.0,0.0,0.0,0.0,0.0,0.0,0.0,0.0,0.0,0.0,0.0,0.0
package/MDAnalysis/topology/GROParser.py,bddbd81,3.0,3.0,3.0,3.0,37.0,4.0,22.0,11.0,1.0,1.0,1.0,84.0,16.0,30.0,8.0,22.0,38.0,0.0,0.0,28.0,8.0,20.0,0.0,0.0,0.0,0.0,3.0,3.0,3.0,3.0,3.0,1.27,3.0,3.0,3.0,3.0,1.0
package/MDAnalysis/analysis/rms.py,cf1e6b6,4.0,4.0,4.0,2.0,48.0,6.0,24.0,23.0,2.0,9.0,8.0,614.0,108.0,210.0,22.0,188.0,297.0,1.0,0.0,156.0,18.0,138.0,1.0,1.0,1.0,1.0,9.0,9.0,9.0,6.0,3.0,1.41,42.0,42.0,42.0,24.0,0.0
package/MDAnalysis/coordinates/GRO.py,cf1e6b6,3.0,3.0,3.0,1.0,27.0,3.0,16.0,9.0,3.0,7.0,7.0,323.0,56.0,141.0,20.0,121.0,136.0,0.0,0.0,105.0,18.0,87.0,0.0,0.0,0.0,0.0,11.0,11.0,11.0,5.0,3.0,0.96,26.0,26.0,26.0,11.0,0.0
testsuite/MDAnalysisTests/coordinates/test_gro.py,cf1e6b6,1.0,1.0,1.0,1.0,6.0,0.0,5.0,1.0,6.0,35.0,35.0,306.0,47.0,223.0,59.0,161.0,42.0,0.0,0.0,160.0,52.0,108.0,0.0,0.0,0.0,0.0,3.0,3.0,3.0,1.0,2.0,0.19,38.0,38.0,38.0,35.0,0.0
testsuite/MDAnalysisTests/datafiles.py,cf1e6b6,1.0,1.0,1.0,1.0,239.0,0.0,0.0,0.0,0.0,1.0,0.0,321.0,50.0,240.0,1.0,239.0,73.0,1.0,0.0,150.0,1.0,149.0,1.0,1.0,1.0,1.0,1.0,1.0,1.0,1.0,0.0,0.3,1.0,1.0,1.0,1.0,0.0
testsuite/MDAnalysisTests/coordinates/test_pdb.py,a7def5f,0.0,0.0,0.0,0.0,0.0,0.0,0.0,0.0,0.0,89.0,0.0,0.0,0.0,0.0,0.0,0.0,0.0,0.0,0.0,0.0,0.0,0.0,0.0,0.0,0.0,0.0,0.0,0.0,0.0,0.0,0.0,0.0,0.0,0.0,0.0,0.0,0.0
package/MDAnalysis/analysis/waterdynamics.py,2aad424,2.0,2.0,2.0,1.0,16.0,0.0,11.0,3.0,5.0,37.0,37.0,1242.0,205.0,445.0,49.0,396.0,592.0,0.0,0.0,427.0,48.0,379.0,0.0,0.0,0.0,0.0,9.0,9.0,9.0,9.0,5.0,1.33,95.0,95.0,95.0,63.0,0.0
testsuite/MDAnalysisTests/coordinates/test_chainreader.py,2aad424,1.0,1.0,1.0,1.0,5.0,0.0,5.0,0.0,3.0,18.0,18.0,177.0,26.0,123.0,41.0,77.0,31.0,0.0,0.0,85.0,31.0,54.0,0.0,0.0,0.0,0.0,3.0,3.0,3.0,1.0,2.0,0.25,23.0,23.0,23.0,18.0,0.0
testsuite/MDAnalysisTests/test_distances.py,2aad424,1.0,1.0,1.0,1.0,11.0,0.0,9.0,1.0,22.0,51.0,51.0,726.0,113.0,532.0,101.0,431.0,106.0,0.0,0.0,421.0,92.0,329.0,0.0,0.0,0.0,0.0,5.0,5.0,5.0,1.0,2.0,0.2,62.0,62.0,62.0,51.0,0.0
package/MDAnalysis/analysis/encore/similarity.py,7817f96,5.0,5.0,5.0,1.0,94.0,19.0,35.0,43.0,0.0,16.0,15.0,1733.0,367.0,573.0,106.0,467.0,793.0,2.0,0.0,333.0,32.0,301.0,2.0,2.0,2.0,1.0,22.0,22.0,22.0,7.0,4.0,1.38,91.0,91.0,91.0,30.0,0.0
package/MDAnalysis/analysis/encore/utils.py,7817f96,2.0,2.0,2.0,1.0,17.0,2.0,7.0,7.0,2.0,18.0,18.0,408.0,80.0,151.0,30.0,121.0,177.0,0.0,0.0,136.0,30.0,106.0,0.0,0.0,0.0,0.0,8.0,8.0,8.0,5.0,2.0,1.17,50.0,50.0,50.0,27.0,0.0
package/MDAnalysis/auxiliary/XVG.py,7817f96,3.0,3.0,3.0,2.0,16.0,1.0,9.0,6.0,3.0,12.0,12.0,369.0,61.0,124.0,22.0,102.0,185.0,0.0,0.0,111.0,22.0,89.0,0.0,0.0,0.0,0.0,6.0,6.0,6.0,5.0,3.0,1.49,36.0,36.0,36.0,29.0,0.0
package/MDAnalysis/auxiliary/base.py,7817f96,1.0,1.0,1.0,1.0,12.0,1.0,5.0,5.0,4.0,55.0,55.0,934.0,161.0,341.0,90.0,251.0,435.0,0.0,0.0,284.0,69.0,215.0,0.0,0.0,0.0,0.0,6.0,6.0,6.0,6.0,3.0,1.28,104.0,104.0,104.0,76.0,0.0
package/MDAnalysis/coordinates/base.py,7817f96,1.0,1.0,1.0,1.0,12.0,1.0,5.0,5.0,4.0,55.0,55.0,934.0,161.0,341.0,90.0,251.0,435.0,0.0,0.0,284.0,69.0,215.0,0.0,0.0,0.0,0.0,6.0,6.0,6.0,6.0,3.0,1.28,104.0,104.0,104.0,76.0,0.0
package/MDAnalysis/coordinates/CRD.py,7817f96,5.0,5.0,5.0,2.0,39.0,4.0,25.0,11.0,2.0,4.0,4.0,250.0,37.0,128.0,14.0,114.0,91.0,0.0,0.0,97.0,14.0,83.0,0.0,0.0,0.0,0.0,12.0,12.0,12.0,6.0,4.0,0.71,21.0,21.0,21.0,9.0,0.0
package/MDAnalysis/coordinates/DCD.py,7817f96,2.0,2.0,2.0,1.0,25.0,2.0,9.0,14.0,3.0,18.0,17.0,701.0,110.0,193.0,41.0,152.0,406.0,1.0,0.0,168.0,35.0,133.0,1.0,1.0,1.0,1.0,6.0,6.0,6.0,5.0,2.0,2.1,37.0,37.0,37.0,28.0,0.0
package/MDAnalysis/coordinates/GRO.py,7817f96,4.0,4.0,4.0,1.0,36.0,5.0,21.0,11.0,3.0,7.0,7.0,398.0,71.0,179.0,22.0,157.0,159.0,0.0,0.0,138.0,20.0,118.0,0.0,0.0,0.0,0.0,15.0,15.0,15.0,4.0,3.0,0.89,33.0,33.0,33.0,13.0,0.0
package/MDAnalysis/coordinates/MOL2.py,7817f96,2.0,2.0,2.0,1.0,19.0,2.0,13.0,3.0,2.0,10.0,10.0,344.0,61.0,147.0,18.0,129.0,139.0,0.0,0.0,117.0,17.0,100.0,0.0,0.0,0.0,0.0,9.0,9.0,9.0,8.0,3.0,0.95,28.0,28.0,28.0,17.0,0.0
package/MDAnalysis/coordinates/PDB.py,7817f96,3.0,3.0,3.0,1.0,23.0,3.0,11.0,8.0,4.0,29.0,28.0,1074.0,213.0,388.0,51.0,337.0,481.0,1.0,0.0,311.0,49.0,262.0,1.0,1.0,1.0,1.0,11.0,11.0,11.0,7.0,3.0,1.24,87.0,87.0,87.0,45.0,0.0
package/MDAnalysis/coordinates/PQR.py,7817f96,5.0,5.0,5.0,1.0,37.0,4.0,21.0,13.0,2.0,4.0,4.0,303.0,52.0,104.0,14.0,90.0,154.0,0.0,0.0,81.0,14.0,67.0,0.0,0.0,0.0,0.0,13.0,13.0,13.0,1.0,3.0,1.48,20.0,20.0,20.0,4.0,0.0
package/MDAnalysis/coordinates/TRJ.py,7817f96,3.0,3.0,3.0,1.0,24.0,2.0,16.0,7.0,4.0,24.0,23.0,896.0,164.0,430.0,52.0,378.0,329.0,2.0,0.0,332.0,39.0,293.0,2.0,2.0,2.0,1.0,10.0,10.0,10.0,8.0,3.0,0.77,81.0,81.0,81.0,41.0,0.0
package/MDAnalysis/coordinates/TRZ.py,7817f96,2.0,2.0,2.0,1.0,19.0,1.0,15.0,3.0,3.0,22.0,22.0,610.0,96.0,366.0,44.0,319.0,158.0,0.0,0.0,261.0,38.0,223.0,0.0,0.0,0.0,0.0,9.0,9.0,9.0,4.0,3.0,0.43,54.0,54.0,54.0,29.0,0.0
package/MDAnalysis/coordinates/XYZ.py,7817f96,2.0,2.0,2.0,1.0,16.0,1.0,9.0,5.0,2.0,16.0,15.0,423.0,67.0,175.0,34.0,139.0,182.0,1.0,0.0,148.0,31.0,117.0,1.0,1.0,1.0,1.0,8.0,8.0,8.0,5.0,3.0,1.04,43.0,43.0,43.0,26.0,0.0
package/MDAnalysis/auxiliary/base.py,7817f96,2.0,2.0,2.0,1.0,14.0,1.0,6.0,5.0,8.0,101.0,101.0,1839.0,355.0,720.0,168.0,552.0,769.0,0.0,0.0,613.0,125.0,488.0,0.0,0.0,0.0,0.0,13.0,13.0,13.0,13.0,3.0,1.07,226.0,226.0,226.0,154.0,0.0
package/MDAnalysis/coordinates/base.py,7817f96,2.0,2.0,2.0,1.0,14.0,1.0,6.0,5.0,8.0,101.0,101.0,1839.0,355.0,720.0,168.0,552.0,769.0,0.0,0.0,613.0,125.0,488.0,0.0,0.0,0.0,0.0,13.0,13.0,13.0,13.0,3.0,1.07,226.0,226.0,226.0,154.0,0.0
package/MDAnalysis/coordinates/core.py,7817f96,1.0,1.0,1.0,1.0,36.0,7.0,6.0,23.0,0.0,2.0,2.0,122.0,27.0,17.0,7.0,10.0,78.0,0.0,0.0,14.0,7.0,7.0,0.0,0.0,0.0,0.0,2.0,2.0,2.0,1.0,1.0,4.59,3.0,3.0,3.0,2.0,0.0
package/MDAnalysis/core/groups.py,7817f96,1.0,1.0,1.0,1.0,16.0,2.0,5.0,8.0,12.0,136.0,135.0,2865.0,559.0,860.0,247.0,613.0,1462.0,1.0,0.0,673.0,170.0,503.0,1.0,1.0,1.0,1.0,11.0,11.0,11.0,8.0,4.0,1.7,243.0,243.0,243.0,179.0,0.0
package/MDAnalysis/core/topologyattrs.py,7817f96,1.0,1.0,1.0,1.0,11.0,1.0,5.0,4.0,29.0,82.0,82.0,1440.0,317.0,650.0,136.0,513.0,476.0,0.0,0.0,542.0,128.0,414.0,0.0,0.0,0.0,0.0,8.0,8.0,8.0,5.0,2.0,0.73,144.0,144.0,144.0,101.0,0.0
package/MDAnalysis/core/topologyobjects.py,7817f96,1.0,1.0,1.0,1.0,11.0,1.0,6.0,4.0,7.0,56.0,56.0,996.0,196.0,412.0,88.0,323.0,393.0,0.0,0.0,279.0,73.0,206.0,0.0,0.0,0.0,0.0,8.0,8.0,8.0,7.0,3.0,0.95,103.0,103.0,103.0,79.0,0.0
package/MDAnalysis/core/universe.py,7817f96,2.0,2.0,2.0,1.0,21.0,2.0,10.0,8.0,2.0,38.0,37.0,1056.0,182.0,416.0,79.0,336.0,464.0,1.0,0.0,327.0,61.0,266.0,1.0,1.0,1.0,1.0,18.0,18.0,18.0,12.0,4.0,1.12,106.0,106.0,106.0,69.0,0.0
package/MDAnalysis/lib/mdamath.py,7817f96,3.0,3.0,3.0,2.0,33.0,6.0,10.0,16.0,0.0,12.0,12.0,470.0,106.0,131.0,16.0,115.0,240.0,0.0,0.0,125.0,16.0,109.0,0.0,0.0,0.0,0.0,16.0,16.0,16.0,15.0,4.0,1.83,39.0,39.0,39.0,30.0,0.0
package/MDAnalysis/lib/util.py,7817f96,2.0,2.0,2.0,1.0,14.0,1.0,6.0,5.0,4.0,71.0,70.0,1409.0,280.0,522.0,98.0,424.0,634.0,4.0,1.0,458.0,94.0,364.0,3.0,3.0,3.0,1.0,17.0,17.0,17.0,9.0,5.0,1.21,159.0,159.0,159.0,103.0,0.0
package/MDAnalysis/topology/GROParser.py,7817f96,8.0,8.0,8.0,5.0,77.0,10.0,51.0,17.0,1.0,1.0,1.0,158.0,26.0,70.0,19.0,51.0,63.0,0.0,0.0,45.0,10.0,35.0,0.0,0.0,0.0,0.0,8.0,8.0,8.0,5.0,3.0,0.9,8.0,8.0,8.0,5.0,0.0
package/MDAnalysis/topology/PDBQTParser.py,7817f96,4.0,4.0,4.0,3.0,75.0,10.0,60.0,5.0,1.0,1.0,1.0,177.0,27.0,82.0,22.0,60.0,68.0,0.0,0.0,57.0,9.0,48.0,0.0,0.0,0.0,0.0,4.0,4.0,4.0,3.0,3.0,0.83,4.0,4.0,4.0,3.0,0.0
package/MDAnalysis/topology/PQRParser.py,7817f96,5.0,5.0,5.0,1.0,86.0,13.0,66.0,7.0,1.0,1.0,1.0,181.0,30.0,87.0,21.0,66.0,64.0,0.0,0.0,67.0,9.0,58.0,0.0,0.0,0.0,0.0,5.0,5.0,5.0,1.0,4.0,0.74,5.0,5.0,5.0,1.0,0.0
package/MDAnalysis/topology/TOPParser.py,7817f96,2.0,2.0,2.0,1.0,13.0,1.0,11.0,1.0,2.0,12.0,12.0,306.0,50.0,163.0,37.0,126.0,95.0,0.0,0.0,124.0,25.0,99.0,0.0,0.0,0.0,0.0,9.0,9.0,9.0,3.0,3.0,0.58,26.0,26.0,26.0,14.0,0.0
package/MDAnalysis/topology/TPRParser.py,7817f96,3.0,3.0,3.0,1.0,20.0,4.0,22.0,5.0,1.0,3.0,2.0,248.0,53.0,57.0,11.0,46.0,143.0,1.0,0.0,56.0,11.0,45.0,1.0,1.0,1.0,1.0,7.0,7.0,7.0,3.0,2.0,2.51,9.0,9.0,9.0,5.0,0.0
package/MDAnalysis/auxiliary/base.py,7817f96,0.0,0.0,0.0,0.0,0.0,0.0,0.0,0.0,0.0,6.0,0.0,0.0,0.0,0.0,0.0,0.0,0.0,0.0,0.0,0.0,0.0,0.0,0.0,0.0,0.0,0.0,0.0,0.0,0.0,0.0,0.0,0.0,0.0,0.0,0.0,0.0,0.0
package/MDAnalysis/coordinates/base.py,7817f96,0.0,0.0,0.0,0.0,0.0,0.0,0.0,0.0,0.0,6.0,0.0,0.0,0.0,0.0,0.0,0.0,0.0,0.0,0.0,0.0,0.0,0.0,0.0,0.0,0.0,0.0,0.0,0.0,0.0,0.0,0.0,0.0,0.0,0.0,0.0,0.0,0.0
package/MDAnalysis/coordinates/core.py,7817f96,0.0,0.0,0.0,0.0,0.0,0.0,0.0,0.0,0.0,0.0,0.0,0.0,0.0,0.0,0.0,0.0,0.0,0.0,0.0,0.0,0.0,0.0,0.0,0.0,0.0,0.0,0.0,0.0,0.0,0.0,0.0,0.0,0.0,0.0,0.0,0.0,0.0
package/MDAnalysis/topology/guessers.py,7817f96,3.0,3.0,3.0,1.0,28.0,5.0,9.0,14.0,0.0,11.0,11.0,377.0,86.0,109.0,16.0,93.0,189.0,0.0,0.0,102.0,16.0,86.0,0.0,0.0,0.0,0.0,8.0,8.0,8.0,5.0,5.0,1.73,38.0,38.0,38.0,17.0,0.0
package/MDAnalysis/units.py,7817f96,2.0,2.0,2.0,2.0,41.0,2.0,8.0,9.0,0.0,3.0,2.0,375.0,69.0,100.0,3.0,97.0,221.0,3.0,0.0,31.0,3.0,28.0,3.0,3.0,3.0,1.0,4.0,4.0,4.0,4.0,2.0,2.21,8.0,8.0,8.0,6.0,0.0
testsuite/MDAnalysisTests/datafiles.py,7817f96,1.0,1.0,1.0,1.0,298.0,0.0,0.0,0.0,0.0,1.0,0.0,390.0,52.0,300.0,2.0,298.0,96.0,1.0,0.0,185.0,2.0,183.0,1.0,1.0,1.0,1.0,1.0,1.0,1.0,1.0,0.0,0.32,1.0,1.0,1.0,1.0,0.0
package/MDAnalysis/analysis/encore/utils.py,7817f96,0.0,0.0,0.0,0.0,0.0,0.0,0.0,0.0,0.0,16.0,0.0,0.0,0.0,0.0,0.0,0.0,0.0,0.0,0.0,0.0,0.0,0.0,0.0,0.0,0.0,0.0,0.0,0.0,0.0,0.0,0.0,0.0,0.0,0.0,0.0,0.0,0.0
package/MDAnalysis/lib/util.py,7817f96,0.0,0.0,0.0,0.0,0.0,0.0,0.0,0.0,0.0,18.0,0.0,0.0,0.0,0.0,0.0,0.0,0.0,0.0,0.0,0.0,0.0,0.0,0.0,0.0,0.0,0.0,0.0,0.0,0.0,0.0,0.0,0.0,0.0,0.0,0.0,0.0,0.0
package/MDAnalysis/lib/util.py,7817f96,0.0,0.0,0.0,0.0,0.0,0.0,0.0,0.0,0.0,27.0,0.0,0.0,0.0,0.0,0.0,0.0,0.0,0.0,0.0,0.0,0.0,0.0,0.0,0.0,0.0,0.0,0.0,0.0,0.0,0.0,0.0,0.0,0.0,0.0,0.0,0.0,0.0
package/MDAnalysis/coordinates/core.py,7817f96,0.0,0.0,0.0,0.0,0.0,0.0,0.0,0.0,0.0,20.0,0.0,0.0,0.0,0.0,0.0,0.0,0.0,0.0,0.0,0.0,0.0,0.0,0.0,0.0,0.0,0.0,0.0,0.0,0.0,0.0,0.0,0.0,0.0,0.0,0.0,0.0,0.0
package/MDAnalysis/analysis/encore/utils.py,7817f96,0.0,0.0,0.0,0.0,0.0,0.0,0.0,0.0,0.0,33.0,0.0,0.0,0.0,0.0,0.0,0.0,0.0,0.0,0.0,0.0,0.0,0.0,0.0,0.0,0.0,0.0,0.0,0.0,0.0,0.0,0.0,0.0,0.0,0.0,0.0,0.0,0.0
package/MDAnalysis/coordinates/core.py,7817f96,0.0,0.0,0.0,0.0,0.0,0.0,0.0,0.0,0.0,272.0,0.0,0.0,0.0,0.0,0.0,0.0,0.0,0.0,0.0,0.0,0.0,0.0,0.0,0.0,0.0,0.0,0.0,0.0,0.0,0.0,0.0,0.0,0.0,0.0,0.0,0.0,0.0
package/MDAnalysis/analysis/encore/utils.py,7817f96,0.0,0.0,0.0,0.0,0.0,0.0,0.0,0.0,0.0,66.0,0.0,0.0,0.0,0.0,0.0,0.0,0.0,0.0,0.0,0.0,0.0,0.0,0.0,0.0,0.0,0.0,0.0,0.0,0.0,0.0,0.0,0.0,0.0,0.0,0.0,0.0,0.0
package/MDAnalysis/auxiliary/base.py,7817f96,0.0,0.0,0.0,0.0,0.0,0.0,0.0,0.0,0.0,16.0,0.0,0.0,0.0,0.0,0.0,0.0,0.0,0.0,0.0,0.0,0.0,0.0,0.0,0.0,0.0,0.0,0.0,0.0,0.0,0.0,0.0,0.0,0.0,0.0,0.0,0.0,0.0
package/MDAnalysis/coordinates/base.py,7817f96,0.0,0.0,0.0,0.0,0.0,0.0,0.0,0.0,0.0,16.0,0.0,0.0,0.0,0.0,0.0,0.0,0.0,0.0,0.0,0.0,0.0,0.0,0.0,0.0,0.0,0.0,0.0,0.0,0.0,0.0,0.0,0.0,0.0,0.0,0.0,0.0,0.0
package/MDAnalysis/auxiliary/base.py,7817f96,0.0,0.0,0.0,0.0,0.0,0.0,0.0,0.0,0.0,88.0,0.0,0.0,0.0,0.0,0.0,0.0,0.0,0.0,0.0,0.0,0.0,0.0,0.0,0.0,0.0,0.0,0.0,0.0,0.0,0.0,0.0,0.0,0.0,0.0,0.0,0.0,0.0
package/MDAnalysis/coordinates/base.py,7817f96,0.0,0.0,0.0,0.0,0.0,0.0,0.0,0.0,0.0,88.0,0.0,0.0,0.0,0.0,0.0,0.0,0.0,0.0,0.0,0.0,0.0,0.0,0.0,0.0,0.0,0.0,0.0,0.0,0.0,0.0,0.0,0.0,0.0,0.0,0.0,0.0,0.0
package/MDAnalysis/analysis/encore/utils.py,7817f96,0.0,0.0,0.0,0.0,0.0,0.0,0.0,0.0,0.0,4.0,0.0,0.0,0.0,0.0,0.0,0.0,0.0,0.0,0.0,0.0,0.0,0.0,0.0,0.0,0.0,0.0,0.0,0.0,0.0,0.0,0.0,0.0,0.0,0.0,0.0,0.0,0.0
package/MDAnalysis/lib/util.py,7817f96,0.0,0.0,0.0,0.0,0.0,0.0,0.0,0.0,0.0,9.0,0.0,0.0,0.0,0.0,0.0,0.0,0.0,0.0,0.0,0.0,0.0,0.0,0.0,0.0,0.0,0.0,0.0,0.0,0.0,0.0,0.0,0.0,0.0,0.0,0.0,0.0,0.0
package/MDAnalysis/lib/mdamath.py,7817f96,0.0,0.0,0.0,0.0,0.0,0.0,0.0,0.0,0.0,40.0,0.0,0.0,0.0,0.0,0.0,0.0,0.0,0.0,0.0,0.0,0.0,0.0,0.0,0.0,0.0,0.0,0.0,0.0,0.0,0.0,0.0,0.0,0.0,0.0,0.0,0.0,0.0
package/MDAnalysis/topology/LAMMPSParser.py,303574b,3.0,3.0,3.0,1.0,24.0,2.0,14.0,5.0,3.0,21.0,20.0,686.0,113.0,402.0,48.0,354.0,177.0,3.0,0.0,294.0,35.0,259.0,3.0,3.0,3.0,1.0,18.0,18.0,18.0,7.0,6.0,0.44,73.0,73.0,73.0,33.0,0.0
package/MDAnalysis/topology/TOPParser.py,303574b,2.0,2.0,2.0,1.0,13.0,1.0,11.0,1.0,2.0,12.0,12.0,308.0,50.0,165.0,37.0,128.0,95.0,0.0,0.0,126.0,25.0,101.0,0.0,0.0,0.0,0.0,10.0,10.0,10.0,3.0,4.0,0.58,27.0,27.0,27.0,14.0,0.0
testsuite/MDAnalysisTests/datafiles.py,303574b,1.0,1.0,1.0,1.0,302.0,0.0,0.0,0.0,0.0,1.0,0.0,395.0,53.0,304.0,2.0,302.0,98.0,1.0,0.0,187.0,2.0,185.0,1.0,1.0,1.0,1.0,1.0,1.0,1.0,1.0,0.0,0.32,1.0,1.0,1.0,1.0,0.0
testsuite/MDAnalysisTests/topology/test_lammpsdata.py,303574b,1.0,1.0,1.0,1.0,5.0,0.0,4.0,0.0,7.0,12.0,12.0,185.0,35.0,125.0,33.0,92.0,25.0,0.0,0.0,97.0,25.0,72.0,0.0,0.0,0.0,0.0,2.0,2.0,2.0,1.0,1.0,0.2,20.0,20.0,20.0,12.0,0.0
package/MDAnalysis/analysis/hbonds/hbond_analysis.py,429795a,3.0,3.0,3.0,1.0,36.0,5.0,18.0,15.0,1.0,24.0,23.0,1310.0,236.0,435.0,43.0,392.0,658.0,1.0,0.0,343.0,36.0,307.0,1.0,1.0,1.0,1.0,20.0,20.0,20.0,8.0,6.0,1.51,90.0,90.0,90.0,36.0,1.0
testsuite/MDAnalysisTests/analysis/test_hbonds.py,429795a,1.0,1.0,1.0,1.0,7.0,0.0,7.0,0.0,5.0,24.0,24.0,228.0,30.0,169.0,44.0,125.0,30.0,0.0,0.0,133.0,41.0,92.0,0.0,0.0,0.0,0.0,3.0,3.0,3.0,1.0,3.0,0.18,30.0,30.0,30.0,24.0,1.0
package/MDAnalysis/analysis/hbonds/hbond_analysis.py,1f9a31f,3.0,3.0,3.0,1.0,39.0,5.0,16.0,19.0,1.0,27.0,26.0,1501.0,278.0,440.0,47.0,393.0,802.0,1.0,0.0,344.0,38.0,306.0,1.0,1.0,1.0,1.0,20.0,20.0,20.0,8.0,6.0,1.82,94.0,94.0,94.0,39.0,0.0
testsuite/MDAnalysisTests/analysis/test_hbonds.py,1f9a31f,1.0,1.0,1.0,1.0,9.0,0.0,8.0,0.0,6.0,28.0,28.0,320.0,45.0,235.0,53.0,182.0,42.0,0.0,0.0,166.0,47.0,119.0,0.0,0.0,0.0,0.0,3.0,3.0,3.0,1.0,3.0,0.18,38.0,38.0,38.0,28.0,0.0
package/MDAnalysis/analysis/pca.py,5da4146,2.0,2.0,2.0,1.0,32.0,3.0,17.0,12.0,1.0,6.0,6.0,365.0,58.0,112.0,18.0,94.0,195.0,0.0,0.0,87.0,16.0,71.0,0.0,0.0,0.0,0.0,6.0,6.0,6.0,1.0,3.0,1.74,17.0,17.0,17.0,6.0,1.0
package/MDAnalysis/analysis/rms.py,5da4146,3.0,3.0,3.0,2.0,28.0,3.0,19.0,9.0,2.0,12.0,11.0,666.0,117.0,223.0,27.0,196.0,327.0,1.0,0.0,158.0,23.0,135.0,1.0,1.0,1.0,1.0,9.0,9.0,9.0,6.0,3.0,1.47,43.0,43.0,43.0,28.0,1.0
testsuite/MDAnalysisTests/analysis/test_rms.py,5da4146,3.0,3.0,3.0,2.0,28.0,3.0,19.0,9.0,2.0,12.0,11.0,666.0,117.0,223.0,27.0,196.0,327.0,1.0,0.0,158.0,23.0,135.0,1.0,1.0,1.0,1.0,9.0,9.0,9.0,6.0,3.0,1.47,43.0,43.0,43.0,28.0,1.0
package/doc/sphinx/source/conf.py,5da4146,1.0,1.0,1.0,1.0,78.0,0.0,0.0,0.0,0.0,1.0,0.0,336.0,77.0,82.0,4.0,78.0,181.0,1.0,0.0,36.0,4.0,32.0,1.0,1.0,1.0,1.0,1.0,1.0,1.0,1.0,0.0,2.21,1.0,1.0,1.0,1.0,1.0
testsuite/MDAnalysisTests/analysis/test_rms.py,5da4146,1.0,1.0,1.0,1.0,6.0,0.0,6.0,0.0,3.0,34.0,33.0,314.0,50.0,236.0,61.0,174.0,28.0,1.0,0.0,182.0,49.0,133.0,1.0,1.0,1.0,1.0,2.0,2.0,2.0,1.0,2.0,0.12,35.0,35.0,35.0,34.0,1.0
package/MDAnalysis/analysis/pca.py,dc2dd7e,2.0,2.0,2.0,1.0,32.0,3.0,17.0,12.0,1.0,6.0,6.0,364.0,57.0,112.0,18.0,94.0,195.0,0.0,0.0,87.0,16.0,71.0,0.0,0.0,0.0,0.0,6.0,6.0,6.0,1.0,3.0,1.74,17.0,17.0,17.0,6.0,0.0
package/MDAnalysis/analysis/rms.py,dc2dd7e,3.0,3.0,3.0,2.0,28.0,3.0,19.0,9.0,2.0,12.0,11.0,666.0,117.0,223.0,27.0,196.0,327.0,1.0,0.0,158.0,23.0,135.0,1.0,1.0,1.0,1.0,9.0,9.0,9.0,6.0,3.0,1.47,43.0,43.0,43.0,28.0,0.0
testsuite/MDAnalysisTests/analysis/test_rms.py,dc2dd7e,3.0,3.0,3.0,2.0,28.0,3.0,19.0,9.0,2.0,12.0,11.0,666.0,117.0,223.0,27.0,196.0,327.0,1.0,0.0,158.0,23.0,135.0,1.0,1.0,1.0,1.0,9.0,9.0,9.0,6.0,3.0,1.47,43.0,43.0,43.0,28.0,0.0
package/doc/sphinx/source/conf.py,dc2dd7e,1.0,1.0,1.0,1.0,13.0,0.0,4.0,0.0,1.0,4.0,3.0,312.0,81.0,61.0,8.0,53.0,170.0,1.0,0.0,44.0,7.0,37.0,1.0,1.0,1.0,1.0,3.0,3.0,3.0,3.0,1.0,2.79,6.0,6.0,6.0,6.0,0.0
testsuite/MDAnalysisTests/analysis/test_rms.py,dc2dd7e,1.0,1.0,1.0,1.0,6.0,0.0,6.0,0.0,3.0,34.0,33.0,312.0,50.0,234.0,61.0,172.0,28.0,1.0,0.0,180.0,49.0,131.0,1.0,1.0,1.0,1.0,2.0,2.0,2.0,1.0,2.0,0.12,35.0,35.0,35.0,34.0,0.0
testsuite/MDAnalysisTests/coordinates/test_dcd.py,9f79004,1.0,1.0,1.0,1.0,7.0,0.0,7.0,0.0,11.0,38.0,38.0,424.0,69.0,317.0,78.0,239.0,39.0,0.0,0.0,244.0,62.0,182.0,0.0,0.0,0.0,0.0,3.0,3.0,3.0,1.0,2.0,0.12,60.0,60.0,60.0,38.0,1.0
testsuite/MDAnalysisTests/coordinates/test_dcd.py,19316df,1.0,1.0,1.0,1.0,7.0,0.0,7.0,0.0,10.0,38.0,38.0,411.0,65.0,310.0,74.0,236.0,37.0,0.0,0.0,239.0,60.0,179.0,0.0,0.0,0.0,0.0,3.0,3.0,3.0,1.0,2.0,0.12,60.0,60.0,60.0,38.0,0.0
testsuite/MDAnalysisTests/lib/test_util.py,e24da32,1.0,1.0,1.0,1.0,4.0,0.0,4.0,0.0,15.0,137.0,137.0,988.0,205.0,671.0,178.0,491.0,112.0,0.0,0.0,535.0,164.0,371.0,0.0,0.0,0.0,0.0,8.0,8.0,8.0,1.0,3.0,0.17,164.0,164.0,164.0,137.0,1.0
testsuite/MDAnalysisTests/lib/test_util.py,e24da32,0.0,0.0,0.0,0.0,0.0,0.0,0.0,0.0,0.0,9.0,0.0,0.0,0.0,0.0,0.0,0.0,0.0,0.0,0.0,0.0,0.0,0.0,0.0,0.0,0.0,0.0,0.0,0.0,0.0,0.0,0.0,0.0,0.0,0.0,0.0,0.0,1.0
testsuite/MDAnalysisTests/lib/test_util.py,fba80e2,1.0,1.0,1.0,1.0,4.0,0.0,4.0,0.0,15.0,137.0,137.0,990.0,206.0,672.0,179.0,491.0,112.0,0.0,0.0,536.0,165.0,371.0,0.0,0.0,0.0,0.0,8.0,8.0,8.0,1.0,3.0,0.17,164.0,164.0,164.0,137.0,0.0
testsuite/MDAnalysisTests/lib/test_util.py,fba80e2,0.0,0.0,0.0,0.0,0.0,0.0,0.0,0.0,0.0,9.0,0.0,0.0,0.0,0.0,0.0,0.0,0.0,0.0,0.0,0.0,0.0,0.0,0.0,0.0,0.0,0.0,0.0,0.0,0.0,0.0,0.0,0.0,0.0,0.0,0.0,0.0,0.0
package/MDAnalysis/analysis/align.py,3f58740,3.0,3.0,3.0,2.0,68.0,9.0,27.0,36.0,1.0,17.0,16.0,1349.0,214.0,423.0,67.0,356.0,718.0,1.0,0.0,300.0,37.0,263.0,1.0,1.0,1.0,1.0,12.0,12.0,12.0,7.0,3.0,1.7,62.0,62.0,62.0,36.0,0.0
testsuite/MDAnalysisTests/analysis/test_align.py,3f58740,3.0,3.0,3.0,2.0,68.0,9.0,27.0,36.0,1.0,17.0,16.0,1349.0,214.0,423.0,67.0,356.0,718.0,1.0,0.0,300.0,37.0,263.0,1.0,1.0,1.0,1.0,12.0,12.0,12.0,7.0,3.0,1.7,62.0,62.0,62.0,36.0,0.0
package/MDAnalysis/analysis/contacts.py,3f58740,2.0,2.0,2.0,1.0,27.0,3.0,13.0,11.0,3.0,29.0,28.0,1231.0,240.0,399.0,60.0,339.0,609.0,1.0,0.0,336.0,51.0,285.0,1.0,1.0,1.0,1.0,9.0,9.0,9.0,5.0,3.0,1.53,77.0,77.0,77.0,46.0,0.0
package/MDAnalysis/analysis/hbonds/hbond_analysis.py,3f58740,3.0,3.0,3.0,1.0,39.0,5.0,16.0,19.0,1.0,27.0,26.0,1504.0,278.0,440.0,47.0,393.0,805.0,1.0,0.0,344.0,38.0,306.0,1.0,1.0,1.0,1.0,20.0,20.0,20.0,8.0,6.0,1.83,94.0,94.0,94.0,39.0,0.0
package/MDAnalysis/analysis/rms.py,3f58740,3.0,3.0,3.0,2.0,28.0,3.0,19.0,9.0,2.0,12.0,11.0,666.0,117.0,223.0,27.0,196.0,327.0,1.0,0.0,158.0,23.0,135.0,1.0,1.0,1.0,1.0,9.0,9.0,9.0,6.0,3.0,1.47,43.0,43.0,43.0,28.0,0.0
testsuite/MDAnalysisTests/coordinates/base.py,3f58740,0.0,0.0,0.0,0.0,0.0,0.0,0.0,0.0,0.0,55.0,0.0,0.0,0.0,0.0,0.0,0.0,0.0,0.0,0.0,0.0,0.0,0.0,0.0,0.0,0.0,0.0,0.0,0.0,0.0,0.0,0.0,0.0,0.0,0.0,0.0,0.0,0.0
testsuite/MDAnalysisTests/topology/base.py,3f58740,0.0,0.0,0.0,0.0,0.0,0.0,0.0,0.0,0.0,55.0,0.0,0.0,0.0,0.0,0.0,0.0,0.0,0.0,0.0,0.0,0.0,0.0,0.0,0.0,0.0,0.0,0.0,0.0,0.0,0.0,0.0,0.0,0.0,0.0,0.0,0.0,0.0
package/MDAnalysis/coordinates/DCD.py,3f58740,2.0,2.0,2.0,1.0,25.0,3.0,9.0,14.0,3.0,18.0,17.0,714.0,113.0,195.0,43.0,152.0,414.0,1.0,0.0,169.0,36.0,133.0,1.0,1.0,1.0,1.0,6.0,6.0,6.0,5.0,2.0,2.12,37.0,37.0,37.0,28.0,0.0
testsuite/MDAnalysisTests/coordinates/base.py,3f58740,0.0,0.0,0.0,0.0,0.0,0.0,0.0,0.0,0.0,101.0,0.0,0.0,0.0,0.0,0.0,0.0,0.0,0.0,0.0,0.0,0.0,0.0,0.0,0.0,0.0,0.0,0.0,0.0,0.0,0.0,0.0,0.0,0.0,0.0,0.0,0.0,0.0
testsuite/MDAnalysisTests/topology/base.py,3f58740,0.0,0.0,0.0,0.0,0.0,0.0,0.0,0.0,0.0,101.0,0.0,0.0,0.0,0.0,0.0,0.0,0.0,0.0,0.0,0.0,0.0,0.0,0.0,0.0,0.0,0.0,0.0,0.0,0.0,0.0,0.0,0.0,0.0,0.0,0.0,0.0,0.0
testsuite/MDAnalysisTests/coordinates/test_null.py,3f58740,0.0,0.0,0.0,0.0,0.0,0.0,0.0,0.0,0.0,2.0,0.0,0.0,0.0,0.0,0.0,0.0,0.0,0.0,0.0,0.0,0.0,0.0,0.0,0.0,0.0,0.0,0.0,0.0,0.0,0.0,0.0,0.0,0.0,0.0,0.0,0.0,0.0
package/MDAnalysis/core/Timeseries.py,3f58740,1.0,1.0,1.0,1.0,5.0,0.0,4.0,0.0,10.0,36.0,35.0,519.0,127.0,187.0,60.0,127.0,206.0,1.0,0.0,158.0,49.0,109.0,1.0,1.0,1.0,1.0,6.0,6.0,6.0,5.0,2.0,1.1,63.0,63.0,63.0,45.0,0.0
testsuite/MDAnalysisTests/utils/test_distances.py,3f58740,0.0,0.0,0.0,0.0,0.0,0.0,0.0,0.0,0.0,13.0,0.0,0.0,0.0,0.0,0.0,0.0,0.0,0.0,0.0,0.0,0.0,0.0,0.0,0.0,0.0,0.0,0.0,0.0,0.0,0.0,0.0,0.0,0.0,0.0,0.0,0.0,0.0
testsuite/MDAnalysisTests/utils/test_transformations.py,3f58740,0.0,0.0,0.0,0.0,0.0,0.0,0.0,0.0,0.0,53.0,0.0,0.0,0.0,0.0,0.0,0.0,0.0,0.0,0.0,0.0,0.0,0.0,0.0,0.0,0.0,0.0,0.0,0.0,0.0,0.0,0.0,0.0,0.0,0.0,0.0,0.0,0.0
testsuite/MDAnalysisTests/coordinates/base.py,3f58740,0.0,0.0,0.0,0.0,0.0,0.0,0.0,0.0,0.0,12.0,0.0,0.0,0.0,0.0,0.0,0.0,0.0,0.0,0.0,0.0,0.0,0.0,0.0,0.0,0.0,0.0,0.0,0.0,0.0,0.0,0.0,0.0,0.0,0.0,0.0,0.0,0.0
testsuite/MDAnalysisTests/topology/base.py,3f58740,0.0,0.0,0.0,0.0,0.0,0.0,0.0,0.0,0.0,12.0,0.0,0.0,0.0,0.0,0.0,0.0,0.0,0.0,0.0,0.0,0.0,0.0,0.0,0.0,0.0,0.0,0.0,0.0,0.0,0.0,0.0,0.0,0.0,0.0,0.0,0.0,0.0
testsuite/MDAnalysisTests/coordinates/base.py,3f58740,0.0,0.0,0.0,0.0,0.0,0.0,0.0,0.0,0.0,6.0,0.0,0.0,0.0,0.0,0.0,0.0,0.0,0.0,0.0,0.0,0.0,0.0,0.0,0.0,0.0,0.0,0.0,0.0,0.0,0.0,0.0,0.0,0.0,0.0,0.0,0.0,0.0
testsuite/MDAnalysisTests/topology/base.py,3f58740,0.0,0.0,0.0,0.0,0.0,0.0,0.0,0.0,0.0,6.0,0.0,0.0,0.0,0.0,0.0,0.0,0.0,0.0,0.0,0.0,0.0,0.0,0.0,0.0,0.0,0.0,0.0,0.0,0.0,0.0,0.0,0.0,0.0,0.0,0.0,0.0,0.0
testsuite/MDAnalysisTests/topology/test_guessers.py,3f58740,0.0,0.0,0.0,0.0,0.0,0.0,0.0,0.0,0.0,11.0,0.0,0.0,0.0,0.0,0.0,0.0,0.0,0.0,0.0,0.0,0.0,0.0,0.0,0.0,0.0,0.0,0.0,0.0,0.0,0.0,0.0,0.0,0.0,0.0,0.0,0.0,0.0
testsuite/MDAnalysisTests/utils/test_units.py,3f58740,0.0,0.0,0.0,0.0,0.0,0.0,0.0,0.0,0.0,2.0,0.0,0.0,0.0,0.0,0.0,0.0,0.0,0.0,0.0,0.0,0.0,0.0,0.0,0.0,0.0,0.0,0.0,0.0,0.0,0.0,0.0,0.0,0.0,0.0,0.0,0.0,0.0
package/MDAnalysis/version.py,3f58740,1.0,1.0,1.0,1.0,1.0,0.0,0.0,0.0,0.0,1.0,0.0,69.0,15.0,1.0,0.0,1.0,54.0,1.0,0.0,1.0,0.0,1.0,1.0,1.0,1.0,1.0,1.0,1.0,1.0,1.0,0.0,54.0,1.0,1.0,1.0,1.0,0.0
package/setup.py,3f58740,4.0,4.0,4.0,2.0,37.0,1.0,23.0,4.0,2.0,11.0,10.0,544.0,63.0,364.0,32.0,332.0,124.0,288.0,2.0,217.0,30.0,187.0,12.0,12.0,12.0,1.0,12.0,12.0,12.0,6.0,4.0,0.34,54.0,54.0,54.0,24.0,0.0
testsuite/setup.py,3f58740,4.0,4.0,4.0,2.0,37.0,1.0,23.0,4.0,2.0,11.0,10.0,544.0,63.0,364.0,32.0,332.0,124.0,288.0,2.0,217.0,30.0,187.0,12.0,12.0,12.0,1.0,12.0,12.0,12.0,6.0,4.0,0.34,54.0,54.0,54.0,24.0,0.0
testsuite/MDAnalysisTests/analysis/test_align.py,3f58740,1.0,1.0,1.0,1.0,9.0,0.0,8.0,0.0,3.0,32.0,31.0,381.0,56.0,275.0,59.0,212.0,51.0,1.0,0.0,208.0,46.0,162.0,1.0,1.0,1.0,1.0,1.0,1.0,1.0,1.0,1.0,0.19,32.0,32.0,32.0,32.0,0.0
testsuite/MDAnalysisTests/analysis/test_hbonds.py,3f58740,1.0,1.0,1.0,1.0,9.0,0.0,8.0,0.0,6.0,29.0,29.0,334.0,47.0,247.0,55.0,192.0,42.0,0.0,0.0,172.0,48.0,124.0,0.0,0.0,0.0,0.0,3.0,3.0,3.0,1.0,3.0,0.17,39.0,39.0,39.0,29.0,0.0
testsuite/MDAnalysisTests/coordinates/base.py,3f58740,1.0,1.0,1.0,1.0,6.0,0.0,5.0,0.0,6.0,131.0,131.0,1111.0,214.0,813.0,158.0,655.0,106.0,0.0,0.0,695.0,151.0,544.0,0.0,0.0,0.0,0.0,13.0,13.0,13.0,9.0,3.0,0.13,197.0,197.0,197.0,147.0,0.0
testsuite/MDAnalysisTests/topology/base.py,3f58740,1.0,1.0,1.0,1.0,6.0,0.0,5.0,0.0,6.0,131.0,131.0,1111.0,214.0,813.0,158.0,655.0,106.0,0.0,0.0,695.0,151.0,544.0,0.0,0.0,0.0,0.0,13.0,13.0,13.0,9.0,3.0,0.13,197.0,197.0,197.0,147.0,0.0
testsuite/MDAnalysisTests/coordinates/test_crd.py,3f58740,1.0,1.0,1.0,1.0,8.0,0.0,6.0,1.0,2.0,9.0,9.0,123.0,20.0,72.0,23.0,49.0,31.0,0.0,0.0,59.0,18.0,41.0,0.0,0.0,0.0,0.0,3.0,3.0,3.0,1.0,3.0,0.43,15.0,15.0,15.0,9.0,0.0
testsuite/MDAnalysisTests/topology/test_crd.py,3f58740,1.0,1.0,1.0,1.0,8.0,0.0,6.0,1.0,2.0,9.0,9.0,123.0,20.0,72.0,23.0,49.0,31.0,0.0,0.0,59.0,18.0,41.0,0.0,0.0,0.0,0.0,3.0,3.0,3.0,1.0,3.0,0.43,15.0,15.0,15.0,9.0,0.0
testsuite/MDAnalysisTests/coordinates/test_dcd.py,3f58740,1.0,1.0,1.0,1.0,8.0,0.0,7.0,0.0,10.0,60.0,60.0,629.0,93.0,491.0,99.0,392.0,70.0,0.0,0.0,369.0,85.0,284.0,0.0,0.0,0.0,0.0,3.0,3.0,3.0,1.0,2.0,0.14,83.0,83.0,83.0,60.0,0.0
testsuite/MDAnalysisTests/coordinates/test_dlpoly.py,3f58740,1.0,1.0,1.0,1.0,3.0,0.0,3.0,0.0,12.0,32.0,32.0,218.0,55.0,142.0,53.0,89.0,21.0,0.0,0.0,124.0,51.0,73.0,0.0,0.0,0.0,0.0,2.0,2.0,2.0,1.0,1.0,0.15,36.0,36.0,36.0,32.0,0.0
testsuite/MDAnalysisTests/topology/test_dlpoly.py,3f58740,1.0,1.0,1.0,1.0,3.0,0.0,3.0,0.0,12.0,32.0,32.0,218.0,55.0,142.0,53.0,89.0,21.0,0.0,0.0,124.0,51.0,73.0,0.0,0.0,0.0,0.0,2.0,2.0,2.0,1.0,1.0,0.15,36.0,36.0,36.0,32.0,0.0
testsuite/MDAnalysisTests/coordinates/test_gms.py,3f58740,1.0,1.0,1.0,1.0,5.0,0.0,5.0,0.0,4.0,11.0,11.0,111.0,20.0,70.0,22.0,48.0,21.0,0.0,0.0,62.0,21.0,41.0,0.0,0.0,0.0,0.0,2.0,2.0,2.0,1.0,1.0,0.3,12.0,12.0,12.0,11.0,0.0
testsuite/MDAnalysisTests/topology/test_gms.py,3f58740,1.0,1.0,1.0,1.0,5.0,0.0,5.0,0.0,4.0,11.0,11.0,111.0,20.0,70.0,22.0,48.0,21.0,0.0,0.0,62.0,21.0,41.0,0.0,0.0,0.0,0.0,2.0,2.0,2.0,1.0,1.0,0.3,12.0,12.0,12.0,11.0,0.0
testsuite/MDAnalysisTests/coordinates/test_gro.py,3f58740,1.0,1.0,1.0,1.0,7.0,0.0,6.0,1.0,17.0,42.0,42.0,453.0,64.0,329.0,93.0,232.0,65.0,0.0,0.0,237.0,69.0,168.0,0.0,0.0,0.0,0.0,2.0,2.0,2.0,1.0,2.0,0.2,51.0,51.0,51.0,42.0,0.0
testsuite/MDAnalysisTests/topology/test_gro.py,3f58740,1.0,1.0,1.0,1.0,7.0,0.0,6.0,1.0,17.0,42.0,42.0,453.0,64.0,329.0,93.0,232.0,65.0,0.0,0.0,237.0,69.0,168.0,0.0,0.0,0.0,0.0,2.0,2.0,2.0,1.0,2.0,0.2,51.0,51.0,51.0,42.0,0.0
testsuite/MDAnalysisTests/coordinates/test_lammps.py,3f58740,1.0,1.0,1.0,1.0,5.0,0.0,5.0,0.0,14.0,54.0,54.0,417.0,80.0,302.0,83.0,219.0,35.0,0.0,0.0,259.0,78.0,181.0,0.0,0.0,0.0,0.0,7.0,7.0,7.0,1.0,3.0,0.12,73.0,73.0,73.0,54.0,0.0
testsuite/MDAnalysisTests/coordinates/test_mmtf.py,3f58740,1.0,1.0,1.0,1.0,2.0,0.0,2.0,0.0,2.0,14.0,14.0,88.0,17.0,48.0,24.0,24.0,23.0,0.0,0.0,37.0,21.0,16.0,0.0,0.0,0.0,0.0,1.0,1.0,1.0,1.0,0.0,0.48,14.0,14.0,14.0,14.0,0.0
testsuite/MDAnalysisTests/topology/test_mmtf.py,3f58740,1.0,1.0,1.0,1.0,2.0,0.0,2.0,0.0,2.0,14.0,14.0,88.0,17.0,48.0,24.0,24.0,23.0,0.0,0.0,37.0,21.0,16.0,0.0,0.0,0.0,0.0,1.0,1.0,1.0,1.0,0.0,0.48,14.0,14.0,14.0,14.0,0.0
testsuite/MDAnalysisTests/coordinates/test_netcdf.py,3f58740,1.0,1.0,1.0,1.0,9.0,0.0,7.0,0.0,10.0,39.0,39.0,473.0,76.0,350.0,80.0,270.0,47.0,0.0,0.0,262.0,68.0,194.0,0.0,0.0,0.0,0.0,7.0,7.0,7.0,5.0,3.0,0.13,61.0,61.0,61.0,43.0,0.0
testsuite/MDAnalysisTests/coordinates/test_null.py,3f58740,1.0,1.0,1.0,1.0,2.0,0.0,2.0,0.0,1.0,3.0,3.0,39.0,6.0,12.0,7.0,5.0,21.0,0.0,0.0,12.0,7.0,5.0,0.0,0.0,0.0,0.0,2.0,2.0,2.0,1.0,2.0,1.75,4.0,4.0,4.0,3.0,0.0
testsuite/MDAnalysisTests/coordinates/test_pdb.py,3f58740,1.0,1.0,1.0,1.0,7.0,0.0,6.0,0.0,14.0,91.0,91.0,904.0,147.0,655.0,169.0,485.0,109.0,0.0,0.0,464.0,121.0,343.0,0.0,0.0,0.0,0.0,5.0,5.0,5.0,1.0,3.0,0.17,120.0,120.0,120.0,91.0,0.0
testsuite/MDAnalysisTests/topology/test_pdb.py,3f58740,1.0,1.0,1.0,1.0,7.0,0.0,6.0,0.0,14.0,91.0,91.0,904.0,147.0,655.0,169.0,485.0,109.0,0.0,0.0,464.0,121.0,343.0,0.0,0.0,0.0,0.0,5.0,5.0,5.0,1.0,3.0,0.17,120.0,120.0,120.0,91.0,0.0
testsuite/MDAnalysisTests/coordinates/test_pdbqt.py,3f58740,1.0,1.0,1.0,1.0,5.0,0.0,4.0,0.0,2.0,17.0,17.0,158.0,32.0,96.0,32.0,64.0,34.0,0.0,0.0,87.0,26.0,61.0,0.0,0.0,0.0,0.0,2.0,2.0,2.0,1.0,1.0,0.35,18.0,18.0,18.0,17.0,0.0
testsuite/MDAnalysisTests/topology/test_pdbqt.py,3f58740,1.0,1.0,1.0,1.0,5.0,0.0,4.0,0.0,2.0,17.0,17.0,158.0,32.0,96.0,32.0,64.0,34.0,0.0,0.0,87.0,26.0,61.0,0.0,0.0,0.0,0.0,2.0,2.0,2.0,1.0,1.0,0.35,18.0,18.0,18.0,17.0,0.0
testsuite/MDAnalysisTests/coordinates/test_pqr.py,3f58740,1.0,1.0,1.0,1.0,7.0,0.0,6.0,0.0,3.0,18.0,18.0,201.0,34.0,137.0,35.0,102.0,31.0,0.0,0.0,105.0,29.0,76.0,0.0,0.0,0.0,0.0,2.0,2.0,2.0,1.0,1.0,0.23,20.0,20.0,20.0,18.0,0.0
testsuite/MDAnalysisTests/topology/test_pqr.py,3f58740,1.0,1.0,1.0,1.0,7.0,0.0,6.0,0.0,3.0,18.0,18.0,201.0,34.0,137.0,35.0,102.0,31.0,0.0,0.0,105.0,29.0,76.0,0.0,0.0,0.0,0.0,2.0,2.0,2.0,1.0,1.0,0.23,20.0,20.0,20.0,18.0,0.0
testsuite/MDAnalysisTests/coordinates/test_reader_api.py,3f58740,1.0,1.0,1.0,1.0,4.0,0.0,4.0,0.0,7.0,38.0,37.0,275.0,63.0,180.0,52.0,128.0,44.0,1.0,0.0,136.0,48.0,88.0,1.0,1.0,1.0,1.0,2.0,2.0,2.0,1.0,1.0,0.24,43.0,43.0,43.0,38.0,0.0
testsuite/MDAnalysisTests/coordinates/test_timestep_api.py,3f58740,1.0,1.0,1.0,1.0,3.0,0.0,3.0,0.0,21.0,23.0,23.0,215.0,54.0,124.0,67.0,57.0,37.0,0.0,0.0,98.0,50.0,48.0,0.0,0.0,0.0,0.0,2.0,2.0,2.0,1.0,1.0,0.3,24.0,24.0,24.0,23.0,0.0
testsuite/MDAnalysisTests/coordinates/test_trj.py,3f58740,1.0,1.0,1.0,1.0,4.0,0.0,4.0,0.0,5.0,17.0,17.0,151.0,35.0,91.0,30.0,61.0,26.0,0.0,0.0,78.0,29.0,49.0,0.0,0.0,0.0,0.0,1.0,1.0,1.0,1.0,0.0,0.29,17.0,17.0,17.0,17.0,0.0
testsuite/MDAnalysisTests/coordinates/test_trz.py,3f58740,1.0,1.0,1.0,1.0,6.0,0.0,6.0,0.0,5.0,27.0,27.0,279.0,53.0,197.0,45.0,152.0,30.0,0.0,0.0,164.0,44.0,120.0,0.0,0.0,0.0,0.0,4.0,4.0,4.0,1.0,2.0,0.15,34.0,34.0,34.0,27.0,0.0
testsuite/MDAnalysisTests/coordinates/test_xdr.py,3f58740,1.0,1.0,1.0,1.0,9.0,0.0,8.0,0.0,28.0,65.0,64.0,884.0,157.0,645.0,152.0,489.0,87.0,1.0,0.0,476.0,111.0,365.0,1.0,1.0,1.0,1.0,7.0,7.0,7.0,1.0,2.0,0.13,89.0,89.0,89.0,65.0,0.0
testsuite/MDAnalysisTests/coordinates/test_xyz.py,3f58740,1.0,1.0,1.0,1.0,6.0,0.0,5.0,0.0,7.0,15.0,15.0,169.0,35.0,111.0,40.0,71.0,23.0,0.0,0.0,99.0,32.0,67.0,0.0,0.0,0.0,0.0,3.0,3.0,3.0,1.0,2.0,0.21,21.0,21.0,21.0,15.0,0.0
testsuite/MDAnalysisTests/topology/test_xyz.py,3f58740,1.0,1.0,1.0,1.0,6.0,0.0,5.0,0.0,7.0,15.0,15.0,169.0,35.0,111.0,40.0,71.0,23.0,0.0,0.0,99.0,32.0,67.0,0.0,0.0,0.0,0.0,3.0,3.0,3.0,1.0,2.0,0.21,21.0,21.0,21.0,15.0,0.0
testsuite/MDAnalysisTests/coordinates/base.py,3f58740,1.0,1.0,1.0,1.0,6.0,0.0,5.0,1.0,1.0,9.0,9.0,102.0,15.0,55.0,16.0,39.0,33.0,0.0,0.0,38.0,14.0,24.0,0.0,0.0,0.0,0.0,3.0,3.0,3.0,3.0,2.0,0.6,13.0,13.0,13.0,11.0,0.0
testsuite/MDAnalysisTests/topology/base.py,3f58740,1.0,1.0,1.0,1.0,6.0,0.0,5.0,1.0,1.0,9.0,9.0,102.0,15.0,55.0,16.0,39.0,33.0,0.0,0.0,38.0,14.0,24.0,0.0,0.0,0.0,0.0,3.0,3.0,3.0,3.0,2.0,0.6,13.0,13.0,13.0,11.0,0.0
testsuite/MDAnalysisTests/coordinates/test_crd.py,3f58740,0.0,0.0,0.0,0.0,0.0,0.0,0.0,0.0,1.0,0.0,0.0,41.0,4.0,16.0,7.0,9.0,21.0,0.0,0.0,12.0,5.0,7.0,0.0,0.0,0.0,0.0,0.0,0.0,0.0,0.0,0.0,1.31,0.0,0.0,0.0,0.0,0.0
testsuite/MDAnalysisTests/topology/test_crd.py,3f58740,0.0,0.0,0.0,0.0,0.0,0.0,0.0,0.0,1.0,0.0,0.0,41.0,4.0,16.0,7.0,9.0,21.0,0.0,0.0,12.0,5.0,7.0,0.0,0.0,0.0,0.0,0.0,0.0,0.0,0.0,0.0,1.31,0.0,0.0,0.0,0.0,0.0
testsuite/MDAnalysisTests/coordinates/test_dlpoly.py,3f58740,1.0,1.0,1.0,1.0,3.0,0.0,3.0,0.0,9.0,3.0,3.0,103.0,21.0,61.0,27.0,34.0,21.0,0.0,0.0,50.0,17.0,33.0,0.0,0.0,0.0,0.0,1.0,1.0,1.0,1.0,0.0,0.34,3.0,3.0,3.0,3.0,0.0
testsuite/MDAnalysisTests/topology/test_dlpoly.py,3f58740,1.0,1.0,1.0,1.0,3.0,0.0,3.0,0.0,9.0,3.0,3.0,103.0,21.0,61.0,27.0,34.0,21.0,0.0,0.0,50.0,17.0,33.0,0.0,0.0,0.0,0.0,1.0,1.0,1.0,1.0,0.0,0.34,3.0,3.0,3.0,3.0,0.0
testsuite/MDAnalysisTests/topology/test_dms.py,3f58740,1.0,1.0,1.0,1.0,8.0,2.0,6.0,0.0,1.0,2.0,2.0,64.0,11.0,31.0,12.0,19.0,22.0,0.0,0.0,25.0,8.0,17.0,0.0,0.0,0.0,0.0,1.0,1.0,1.0,1.0,0.0,0.71,2.0,2.0,2.0,2.0,0.0
testsuite/MDAnalysisTests/coordinates/test_gms.py,3f58740,1.0,1.0,1.0,1.0,3.0,0.0,3.0,0.0,4.0,4.0,4.0,72.0,13.0,38.0,20.0,18.0,24.0,0.0,0.0,27.0,13.0,14.0,0.0,0.0,0.0,0.0,1.0,1.0,1.0,1.0,0.0,0.63,4.0,4.0,4.0,4.0,0.0
testsuite/MDAnalysisTests/topology/test_gms.py,3f58740,1.0,1.0,1.0,1.0,3.0,0.0,3.0,0.0,4.0,4.0,4.0,72.0,13.0,38.0,20.0,18.0,24.0,0.0,0.0,27.0,13.0,14.0,0.0,0.0,0.0,0.0,1.0,1.0,1.0,1.0,0.0,0.63,4.0,4.0,4.0,4.0,0.0
testsuite/MDAnalysisTests/coordinates/test_gro.py,3f58740,1.0,1.0,1.0,1.0,7.0,0.0,6.0,0.0,3.0,7.0,7.0,122.0,21.0,77.0,26.0,51.0,24.0,0.0,0.0,66.0,15.0,51.0,0.0,0.0,0.0,0.0,3.0,3.0,3.0,1.0,1.0,0.31,12.0,12.0,12.0,7.0,0.0
testsuite/MDAnalysisTests/topology/test_gro.py,3f58740,1.0,1.0,1.0,1.0,7.0,0.0,6.0,0.0,3.0,7.0,7.0,122.0,21.0,77.0,26.0,51.0,24.0,0.0,0.0,66.0,15.0,51.0,0.0,0.0,0.0,0.0,3.0,3.0,3.0,1.0,1.0,0.31,12.0,12.0,12.0,7.0,0.0
testsuite/MDAnalysisTests/topology/test_guessers.py,3f58740,1.0,1.0,1.0,1.0,3.0,0.0,2.0,0.0,2.0,14.0,14.0,113.0,22.0,66.0,40.0,26.0,25.0,0.0,0.0,48.0,23.0,25.0,0.0,0.0,0.0,0.0,1.0,1.0,1.0,1.0,0.0,0.38,14.0,14.0,14.0,14.0,0.0
testsuite/MDAnalysisTests/topology/test_hoomdxml.py,3f58740,1.0,1.0,1.0,1.0,2.0,0.0,2.0,0.0,1.0,4.0,4.0,56.0,8.0,27.0,14.0,13.0,21.0,0.0,0.0,22.0,10.0,12.0,0.0,0.0,0.0,0.0,1.0,1.0,1.0,1.0,0.0,0.78,4.0,4.0,4.0,4.0,0.0
testsuite/MDAnalysisTests/topology/test_lammpsdata.py,3f58740,1.0,1.0,1.0,1.0,5.0,0.0,4.0,0.0,7.0,12.0,12.0,185.0,35.0,125.0,33.0,92.0,25.0,0.0,0.0,97.0,25.0,72.0,0.0,0.0,0.0,0.0,2.0,2.0,2.0,1.0,1.0,0.2,20.0,20.0,20.0,12.0,0.0
testsuite/MDAnalysisTests/coordinates/test_mmtf.py,3f58740,1.0,1.0,1.0,1.0,2.0,0.0,2.0,0.0,8.0,30.0,30.0,162.0,48.0,111.0,50.0,61.0,4.0,0.0,0.0,104.0,46.0,58.0,0.0,0.0,0.0,0.0,2.0,2.0,2.0,1.0,1.0,0.04,31.0,31.0,31.0,30.0,0.0
testsuite/MDAnalysisTests/topology/test_mmtf.py,3f58740,1.0,1.0,1.0,1.0,2.0,0.0,2.0,0.0,8.0,30.0,30.0,162.0,48.0,111.0,50.0,61.0,4.0,0.0,0.0,104.0,46.0,58.0,0.0,0.0,0.0,0.0,2.0,2.0,2.0,1.0,1.0,0.04,31.0,31.0,31.0,30.0,0.0
testsuite/MDAnalysisTests/topology/test_mol2.py,3f58740,1.0,1.0,1.0,1.0,6.0,0.0,6.0,0.0,3.0,3.0,3.0,74.0,12.0,41.0,17.0,24.0,23.0,0.0,0.0,31.0,11.0,20.0,0.0,0.0,0.0,0.0,1.0,1.0,1.0,1.0,0.0,0.56,3.0,3.0,3.0,3.0,0.0
testsuite/MDAnalysisTests/coordinates/test_pdb.py,3f58740,1.0,1.0,1.0,1.0,8.0,0.0,8.0,0.0,3.0,10.0,9.0,155.0,20.0,107.0,35.0,72.0,28.0,1.0,0.0,74.0,18.0,56.0,1.0,1.0,1.0,1.0,3.0,3.0,3.0,1.0,2.0,0.26,13.0,13.0,13.0,10.0,0.0
testsuite/MDAnalysisTests/topology/test_pdb.py,3f58740,1.0,1.0,1.0,1.0,8.0,0.0,8.0,0.0,3.0,10.0,9.0,155.0,20.0,107.0,35.0,72.0,28.0,1.0,0.0,74.0,18.0,56.0,1.0,1.0,1.0,1.0,3.0,3.0,3.0,1.0,2.0,0.26,13.0,13.0,13.0,10.0,0.0
testsuite/MDAnalysisTests/coordinates/test_pdbqt.py,3f58740,0.0,0.0,0.0,0.0,0.0,0.0,0.0,0.0,1.0,0.0,0.0,41.0,4.0,16.0,7.0,9.0,24.0,0.0,0.0,12.0,5.0,7.0,0.0,0.0,0.0,0.0,0.0,0.0,0.0,0.0,0.0,1.5,0.0,0.0,0.0,0.0,0.0
testsuite/MDAnalysisTests/topology/test_pdbqt.py,3f58740,0.0,0.0,0.0,0.0,0.0,0.0,0.0,0.0,1.0,0.0,0.0,41.0,4.0,16.0,7.0,9.0,24.0,0.0,0.0,12.0,5.0,7.0,0.0,0.0,0.0,0.0,0.0,0.0,0.0,0.0,0.0,1.5,0.0,0.0,0.0,0.0,0.0
testsuite/MDAnalysisTests/coordinates/test_pqr.py,3f58740,1.0,1.0,1.0,1.0,8.0,0.0,8.0,0.0,2.0,1.0,1.0,60.0,7.0,32.0,13.0,19.0,21.0,0.0,0.0,25.0,8.0,17.0,0.0,0.0,0.0,0.0,1.0,1.0,1.0,1.0,0.0,0.66,1.0,1.0,1.0,1.0,0.0
testsuite/MDAnalysisTests/topology/test_pqr.py,3f58740,1.0,1.0,1.0,1.0,8.0,0.0,8.0,0.0,2.0,1.0,1.0,60.0,7.0,32.0,13.0,19.0,21.0,0.0,0.0,25.0,8.0,17.0,0.0,0.0,0.0,0.0,1.0,1.0,1.0,1.0,0.0,0.66,1.0,1.0,1.0,1.0,0.0
testsuite/MDAnalysisTests/topology/test_psf.py,3f58740,1.0,1.0,1.0,1.0,4.0,0.0,3.0,0.0,3.0,11.0,11.0,142.0,24.0,87.0,27.0,60.0,31.0,0.0,0.0,65.0,19.0,46.0,0.0,0.0,0.0,0.0,2.0,2.0,2.0,1.0,1.0,0.36,15.0,15.0,15.0,11.0,0.0
testsuite/MDAnalysisTests/topology/test_top.py,3f58740,1.0,1.0,1.0,1.0,7.0,0.0,7.0,0.0,5.0,1.0,1.0,81.0,13.0,47.0,18.0,29.0,24.0,0.0,0.0,38.0,11.0,27.0,0.0,0.0,0.0,0.0,1.0,1.0,1.0,1.0,0.0,0.51,1.0,1.0,1.0,1.0,0.0
testsuite/MDAnalysisTests/topology/test_tprparser.py,3f58740,2.0,2.0,2.0,1.0,10.0,0.0,9.0,0.0,26.0,5.0,5.0,204.0,47.0,124.0,43.0,81.0,33.0,0.0,0.0,103.0,37.0,66.0,0.0,0.0,0.0,0.0,3.0,3.0,3.0,1.0,2.0,0.27,14.0,14.0,14.0,5.0,0.0
testsuite/MDAnalysisTests/topology/test_xpdb.py,3f58740,0.0,0.0,0.0,0.0,0.0,0.0,0.0,0.0,1.0,0.0,0.0,40.0,3.0,16.0,7.0,9.0,21.0,0.0,0.0,12.0,5.0,7.0,0.0,0.0,0.0,0.0,0.0,0.0,0.0,0.0,0.0,1.31,0.0,0.0,0.0,0.0,0.0
testsuite/MDAnalysisTests/coordinates/test_xyz.py,3f58740,0.0,0.0,0.0,0.0,0.0,0.0,0.0,0.0,4.0,0.0,0.0,54.0,11.0,22.0,12.0,10.0,21.0,0.0,0.0,18.0,8.0,10.0,0.0,0.0,0.0,0.0,0.0,0.0,0.0,0.0,0.0,0.95,0.0,0.0,0.0,0.0,0.0
testsuite/MDAnalysisTests/topology/test_xyz.py,3f58740,0.0,0.0,0.0,0.0,0.0,0.0,0.0,0.0,4.0,0.0,0.0,54.0,11.0,22.0,12.0,10.0,21.0,0.0,0.0,18.0,8.0,10.0,0.0,0.0,0.0,0.0,0.0,0.0,0.0,0.0,0.0,0.95,0.0,0.0,0.0,0.0,0.0
testsuite/MDAnalysisTests/utils/test_deprecated.py,3f58740,1.0,1.0,1.0,1.0,5.0,0.0,5.0,0.0,1.0,9.0,9.0,88.0,16.0,48.0,22.0,26.0,24.0,0.0,0.0,48.0,22.0,26.0,0.0,0.0,0.0,0.0,2.0,2.0,2.0,1.0,1.0,0.5,17.0,17.0,17.0,9.0,0.0
testsuite/MDAnalysisTests/utils/test_distances.py,3f58740,1.0,1.0,1.0,1.0,11.0,0.0,9.0,1.0,22.0,51.0,51.0,726.0,113.0,532.0,101.0,431.0,106.0,0.0,0.0,421.0,92.0,329.0,0.0,0.0,0.0,0.0,5.0,5.0,5.0,1.0,2.0,0.2,62.0,62.0,62.0,51.0,0.0
testsuite/MDAnalysisTests/utils/test_modelling.py,3f58740,1.0,1.0,1.0,1.0,10.0,1.0,7.0,1.0,3.0,19.0,19.0,271.0,53.0,172.0,41.0,131.0,46.0,0.0,0.0,148.0,35.0,113.0,0.0,0.0,0.0,0.0,3.0,3.0,3.0,1.0,1.0,0.27,22.0,22.0,22.0,19.0,0.0
testsuite/MDAnalysisTests/utils/test_persistence.py,3f58740,1.0,1.0,1.0,1.0,7.0,0.0,5.0,1.0,2.0,14.0,14.0,159.0,21.0,91.0,31.0,60.0,48.0,0.0,0.0,82.0,29.0,53.0,0.0,0.0,0.0,0.0,2.0,2.0,2.0,1.0,1.0,0.53,15.0,15.0,15.0,14.0,0.0
testsuite/MDAnalysisTests/utils/test_selections.py,3f58740,1.0,1.0,1.0,1.0,3.0,0.0,3.0,0.0,6.0,18.0,18.0,199.0,41.0,132.0,37.0,95.0,29.0,0.0,0.0,97.0,35.0,62.0,0.0,0.0,0.0,0.0,1.0,1.0,1.0,1.0,1.0,0.22,18.0,18.0,18.0,18.0,0.0
testsuite/MDAnalysisTests/utils/test_transformations.py,3f58740,1.0,1.0,1.0,1.0,6.0,0.0,5.0,0.0,84.0,80.0,79.0,902.0,259.0,598.0,172.0,426.0,60.0,1.0,0.0,559.0,171.0,388.0,1.0,1.0,1.0,1.0,2.0,2.0,2.0,1.0,1.0,0.1,84.0,84.0,84.0,80.0,0.0
testsuite/MDAnalysisTests/utils/test_units.py,3f58740,1.0,1.0,1.0,1.0,3.0,0.0,3.0,0.0,4.0,14.0,14.0,120.0,20.0,74.0,33.0,41.0,29.0,0.0,0.0,57.0,24.0,33.0,0.0,0.0,0.0,0.0,2.0,2.0,2.0,1.0,1.0,0.39,17.0,17.0,17.0,14.0,0.0
package/setup.py,3f58740,5.0,5.0,5.0,3.0,81.0,6.0,34.0,27.0,0.0,2.0,1.0,224.0,26.0,134.0,6.0,128.0,66.0,6.0,1.0,47.0,6.0,41.0,4.0,4.0,4.0,1.0,7.0,7.0,7.0,6.0,3.0,0.49,11.0,11.0,11.0,7.0,0.0
testsuite/setup.py,3f58740,5.0,5.0,5.0,3.0,81.0,6.0,34.0,27.0,0.0,2.0,1.0,224.0,26.0,134.0,6.0,128.0,66.0,6.0,1.0,47.0,6.0,41.0,4.0,4.0,4.0,1.0,7.0,7.0,7.0,6.0,3.0,0.49,11.0,11.0,11.0,7.0,0.0
package/MDAnalysis/version.py,3f58740,0.0,0.0,0.0,0.0,0.0,0.0,0.0,0.0,0.0,15.0,0.0,0.0,0.0,0.0,0.0,0.0,0.0,0.0,0.0,0.0,0.0,0.0,0.0,0.0,0.0,0.0,0.0,0.0,0.0,0.0,0.0,0.0,0.0,0.0,0.0,0.0,0.0
testsuite/MDAnalysisTests/topology/test_tprparser.py,3f58740,0.0,0.0,0.0,0.0,0.0,0.0,0.0,0.0,0.0,10.0,0.0,0.0,0.0,0.0,0.0,0.0,0.0,0.0,0.0,0.0,0.0,0.0,0.0,0.0,0.0,0.0,0.0,0.0,0.0,0.0,0.0,0.0,0.0,0.0,0.0,0.0,0.0
testsuite/MDAnalysisTests/coordinates/test_pdb.py,3f58740,0.0,0.0,0.0,0.0,0.0,0.0,0.0,0.0,0.0,89.0,0.0,0.0,0.0,0.0,0.0,0.0,0.0,0.0,0.0,0.0,0.0,0.0,0.0,0.0,0.0,0.0,0.0,0.0,0.0,0.0,0.0,0.0,0.0,0.0,0.0,0.0,0.0
testsuite/MDAnalysisTests/topology/test_pdb.py,3f58740,0.0,0.0,0.0,0.0,0.0,0.0,0.0,0.0,0.0,89.0,0.0,0.0,0.0,0.0,0.0,0.0,0.0,0.0,0.0,0.0,0.0,0.0,0.0,0.0,0.0,0.0,0.0,0.0,0.0,0.0,0.0,0.0,0.0,0.0,0.0,0.0,0.0
testsuite/MDAnalysisTests/topology/test_xpdb.py,3f58740,0.0,0.0,0.0,0.0,0.0,0.0,0.0,0.0,0.0,89.0,0.0,0.0,0.0,0.0,0.0,0.0,0.0,0.0,0.0,0.0,0.0,0.0,0.0,0.0,0.0,0.0,0.0,0.0,0.0,0.0,0.0,0.0,0.0,0.0,0.0,0.0,0.0
testsuite/MDAnalysisTests/coordinates/test_reader_api.py,3f58740,0.0,0.0,0.0,0.0,0.0,0.0,0.0,0.0,0.0,64.0,0.0,0.0,0.0,0.0,0.0,0.0,0.0,0.0,0.0,0.0,0.0,0.0,0.0,0.0,0.0,0.0,0.0,0.0,0.0,0.0,0.0,0.0,0.0,0.0,0.0,0.0,0.0
testsuite/MDAnalysisTests/coordinates/test_timestep_api.py,3f58740,0.0,0.0,0.0,0.0,0.0,0.0,0.0,0.0,0.0,64.0,0.0,0.0,0.0,0.0,0.0,0.0,0.0,0.0,0.0,0.0,0.0,0.0,0.0,0.0,0.0,0.0,0.0,0.0,0.0,0.0,0.0,0.0,0.0,0.0,0.0,0.0,0.0
testsuite/MDAnalysisTests/utils/test_units.py,3f58740,0.0,0.0,0.0,0.0,0.0,0.0,0.0,0.0,0.0,7.0,0.0,0.0,0.0,0.0,0.0,0.0,0.0,0.0,0.0,0.0,0.0,0.0,0.0,0.0,0.0,0.0,0.0,0.0,0.0,0.0,0.0,0.0,0.0,0.0,0.0,0.0,0.0
testsuite/MDAnalysisTests/coordinates/base.py,3f58740,0.0,0.0,0.0,0.0,0.0,0.0,0.0,0.0,0.0,59.0,0.0,0.0,0.0,0.0,0.0,0.0,0.0,0.0,0.0,0.0,0.0,0.0,0.0,0.0,0.0,0.0,0.0,0.0,0.0,0.0,0.0,0.0,0.0,0.0,0.0,0.0,0.0
testsuite/MDAnalysisTests/topology/base.py,3f58740,0.0,0.0,0.0,0.0,0.0,0.0,0.0,0.0,0.0,59.0,0.0,0.0,0.0,0.0,0.0,0.0,0.0,0.0,0.0,0.0,0.0,0.0,0.0,0.0,0.0,0.0,0.0,0.0,0.0,0.0,0.0,0.0,0.0,0.0,0.0,0.0,0.0
testsuite/MDAnalysisTests/utils/test_deprecated.py,3f58740,0.0,0.0,0.0,0.0,0.0,0.0,0.0,0.0,0.0,2.0,0.0,0.0,0.0,0.0,0.0,0.0,0.0,0.0,0.0,0.0,0.0,0.0,0.0,0.0,0.0,0.0,0.0,0.0,0.0,0.0,0.0,0.0,0.0,0.0,0.0,0.0,0.0
package/MDAnalysis/version.py,3f58740,0.0,0.0,0.0,0.0,0.0,0.0,0.0,0.0,0.0,0.0,0.0,0.0,0.0,0.0,0.0,0.0,0.0,0.0,0.0,0.0,0.0,0.0,0.0,0.0,0.0,0.0,0.0,0.0,0.0,0.0,0.0,0.0,0.0,0.0,0.0,0.0,0.0
testsuite/MDAnalysisTests/coordinates/base.py,3f58740,0.0,0.0,0.0,0.0,0.0,0.0,0.0,0.0,0.0,88.0,0.0,0.0,0.0,0.0,0.0,0.0,0.0,0.0,0.0,0.0,0.0,0.0,0.0,0.0,0.0,0.0,0.0,0.0,0.0,0.0,0.0,0.0,0.0,0.0,0.0,0.0,0.0
testsuite/MDAnalysisTests/topology/base.py,3f58740,0.0,0.0,0.0,0.0,0.0,0.0,0.0,0.0,0.0,88.0,0.0,0.0,0.0,0.0,0.0,0.0,0.0,0.0,0.0,0.0,0.0,0.0,0.0,0.0,0.0,0.0,0.0,0.0,0.0,0.0,0.0,0.0,0.0,0.0,0.0,0.0,0.0
testsuite/MDAnalysisTests/topology/test_lammpsdata.py,3f58740,0.0,0.0,0.0,0.0,0.0,0.0,0.0,0.0,0.0,27.0,0.0,0.0,0.0,0.0,0.0,0.0,0.0,0.0,0.0,0.0,0.0,0.0,0.0,0.0,0.0,0.0,0.0,0.0,0.0,0.0,0.0,0.0,0.0,0.0,0.0,0.0,0.0
package/MDAnalysis/version.py,3f58740,0.0,0.0,0.0,0.0,0.0,0.0,0.0,0.0,0.0,0.0,0.0,0.0,0.0,0.0,0.0,0.0,0.0,0.0,0.0,0.0,0.0,0.0,0.0,0.0,0.0,0.0,0.0,0.0,0.0,0.0,0.0,0.0,0.0,0.0,0.0,0.0,0.0
package/MDAnalysis/version.py,3f58740,0.0,0.0,0.0,0.0,0.0,0.0,0.0,0.0,0.0,0.0,0.0,0.0,0.0,0.0,0.0,0.0,0.0,0.0,0.0,0.0,0.0,0.0,0.0,0.0,0.0,0.0,0.0,0.0,0.0,0.0,0.0,0.0,0.0,0.0,0.0,0.0,0.0
testsuite/MDAnalysisTests/coordinates/base.py,fe0b886,0.0,0.0,0.0,0.0,0.0,0.0,0.0,0.0,0.0,55.0,0.0,0.0,0.0,0.0,0.0,0.0,0.0,0.0,0.0,0.0,0.0,0.0,0.0,0.0,0.0,0.0,0.0,0.0,0.0,0.0,0.0,0.0,0.0,0.0,0.0,0.0,0.0
testsuite/MDAnalysisTests/topology/base.py,fe0b886,0.0,0.0,0.0,0.0,0.0,0.0,0.0,0.0,0.0,55.0,0.0,0.0,0.0,0.0,0.0,0.0,0.0,0.0,0.0,0.0,0.0,0.0,0.0,0.0,0.0,0.0,0.0,0.0,0.0,0.0,0.0,0.0,0.0,0.0,0.0,0.0,0.0
testsuite/MDAnalysisTests/coordinates/base.py,fe0b886,0.0,0.0,0.0,0.0,0.0,0.0,0.0,0.0,0.0,101.0,0.0,0.0,0.0,0.0,0.0,0.0,0.0,0.0,0.0,0.0,0.0,0.0,0.0,0.0,0.0,0.0,0.0,0.0,0.0,0.0,0.0,0.0,0.0,0.0,0.0,0.0,0.0
testsuite/MDAnalysisTests/topology/base.py,fe0b886,0.0,0.0,0.0,0.0,0.0,0.0,0.0,0.0,0.0,101.0,0.0,0.0,0.0,0.0,0.0,0.0,0.0,0.0,0.0,0.0,0.0,0.0,0.0,0.0,0.0,0.0,0.0,0.0,0.0,0.0,0.0,0.0,0.0,0.0,0.0,0.0,0.0
testsuite/MDAnalysisTests/coordinates/test_null.py,fe0b886,0.0,0.0,0.0,0.0,0.0,0.0,0.0,0.0,0.0,2.0,0.0,0.0,0.0,0.0,0.0,0.0,0.0,0.0,0.0,0.0,0.0,0.0,0.0,0.0,0.0,0.0,0.0,0.0,0.0,0.0,0.0,0.0,0.0,0.0,0.0,0.0,0.0
testsuite/MDAnalysisTests/lib/test_util.py,fe0b886,0.0,0.0,0.0,0.0,0.0,0.0,0.0,0.0,0.0,71.0,0.0,0.0,0.0,0.0,0.0,0.0,0.0,0.0,0.0,0.0,0.0,0.0,0.0,0.0,0.0,0.0,0.0,0.0,0.0,0.0,0.0,0.0,0.0,0.0,0.0,0.0,0.0
testsuite/MDAnalysisTests/coordinates/base.py,fe0b886,0.0,0.0,0.0,0.0,0.0,0.0,0.0,0.0,0.0,12.0,0.0,0.0,0.0,0.0,0.0,0.0,0.0,0.0,0.0,0.0,0.0,0.0,0.0,0.0,0.0,0.0,0.0,0.0,0.0,0.0,0.0,0.0,0.0,0.0,0.0,0.0,0.0
testsuite/MDAnalysisTests/topology/base.py,fe0b886,0.0,0.0,0.0,0.0,0.0,0.0,0.0,0.0,0.0,12.0,0.0,0.0,0.0,0.0,0.0,0.0,0.0,0.0,0.0,0.0,0.0,0.0,0.0,0.0,0.0,0.0,0.0,0.0,0.0,0.0,0.0,0.0,0.0,0.0,0.0,0.0,0.0
testsuite/MDAnalysisTests/coordinates/base.py,fe0b886,0.0,0.0,0.0,0.0,0.0,0.0,0.0,0.0,0.0,6.0,0.0,0.0,0.0,0.0,0.0,0.0,0.0,0.0,0.0,0.0,0.0,0.0,0.0,0.0,0.0,0.0,0.0,0.0,0.0,0.0,0.0,0.0,0.0,0.0,0.0,0.0,0.0
testsuite/MDAnalysisTests/topology/base.py,fe0b886,0.0,0.0,0.0,0.0,0.0,0.0,0.0,0.0,0.0,6.0,0.0,0.0,0.0,0.0,0.0,0.0,0.0,0.0,0.0,0.0,0.0,0.0,0.0,0.0,0.0,0.0,0.0,0.0,0.0,0.0,0.0,0.0,0.0,0.0,0.0,0.0,0.0
testsuite/MDAnalysisTests/topology/test_guessers.py,fe0b886,0.0,0.0,0.0,0.0,0.0,0.0,0.0,0.0,0.0,11.0,0.0,0.0,0.0,0.0,0.0,0.0,0.0,0.0,0.0,0.0,0.0,0.0,0.0,0.0,0.0,0.0,0.0,0.0,0.0,0.0,0.0,0.0,0.0,0.0,0.0,0.0,0.0
testsuite/MDAnalysisTests/lib/test_util.py,fe0b886,0.0,0.0,0.0,0.0,0.0,0.0,0.0,0.0,0.0,19.0,0.0,0.0,0.0,0.0,0.0,0.0,0.0,0.0,0.0,0.0,0.0,0.0,0.0,0.0,0.0,0.0,0.0,0.0,0.0,0.0,0.0,0.0,0.0,0.0,0.0,0.0,0.0
package/MDAnalysis/version.py,fe0b886,0.0,0.0,0.0,0.0,0.0,0.0,0.0,0.0,0.0,15.0,0.0,0.0,0.0,0.0,0.0,0.0,0.0,0.0,0.0,0.0,0.0,0.0,0.0,0.0,0.0,0.0,0.0,0.0,0.0,0.0,0.0,0.0,0.0,0.0,0.0,0.0,0.0
testsuite/MDAnalysisTests/topology/test_tprparser.py,fe0b886,0.0,0.0,0.0,0.0,0.0,0.0,0.0,0.0,0.0,10.0,0.0,0.0,0.0,0.0,0.0,0.0,0.0,0.0,0.0,0.0,0.0,0.0,0.0,0.0,0.0,0.0,0.0,0.0,0.0,0.0,0.0,0.0,0.0,0.0,0.0,0.0,0.0
testsuite/MDAnalysisTests/lib/test_util.py,fe0b886,0.0,0.0,0.0,0.0,0.0,0.0,0.0,0.0,0.0,18.0,0.0,0.0,0.0,0.0,0.0,0.0,0.0,0.0,0.0,0.0,0.0,0.0,0.0,0.0,0.0,0.0,0.0,0.0,0.0,0.0,0.0,0.0,0.0,0.0,0.0,0.0,0.0
testsuite/MDAnalysisTests/coordinates/test_pdb.py,fe0b886,0.0,0.0,0.0,0.0,0.0,0.0,0.0,0.0,0.0,89.0,0.0,0.0,0.0,0.0,0.0,0.0,0.0,0.0,0.0,0.0,0.0,0.0,0.0,0.0,0.0,0.0,0.0,0.0,0.0,0.0,0.0,0.0,0.0,0.0,0.0,0.0,0.0
testsuite/MDAnalysisTests/topology/test_pdb.py,fe0b886,0.0,0.0,0.0,0.0,0.0,0.0,0.0,0.0,0.0,89.0,0.0,0.0,0.0,0.0,0.0,0.0,0.0,0.0,0.0,0.0,0.0,0.0,0.0,0.0,0.0,0.0,0.0,0.0,0.0,0.0,0.0,0.0,0.0,0.0,0.0,0.0,0.0
testsuite/MDAnalysisTests/topology/test_xpdb.py,fe0b886,0.0,0.0,0.0,0.0,0.0,0.0,0.0,0.0,0.0,89.0,0.0,0.0,0.0,0.0,0.0,0.0,0.0,0.0,0.0,0.0,0.0,0.0,0.0,0.0,0.0,0.0,0.0,0.0,0.0,0.0,0.0,0.0,0.0,0.0,0.0,0.0,0.0
package/MDAnalysis/version.py,fe0b886,0.0,0.0,0.0,0.0,0.0,0.0,0.0,0.0,0.0,0.0,0.0,0.0,0.0,0.0,0.0,0.0,0.0,0.0,0.0,0.0,0.0,0.0,0.0,0.0,0.0,0.0,0.0,0.0,0.0,0.0,0.0,0.0,0.0,0.0,0.0,0.0,0.0
package/MDAnalysis/version.py,fe0b886,0.0,0.0,0.0,0.0,0.0,0.0,0.0,0.0,0.0,0.0,0.0,0.0,0.0,0.0,0.0,0.0,0.0,0.0,0.0,0.0,0.0,0.0,0.0,0.0,0.0,0.0,0.0,0.0,0.0,0.0,0.0,0.0,0.0,0.0,0.0,0.0,0.0
testsuite/MDAnalysisTests/lib/test_util.py,fe0b886,0.0,0.0,0.0,0.0,0.0,0.0,0.0,0.0,0.0,9.0,0.0,0.0,0.0,0.0,0.0,0.0,0.0,0.0,0.0,0.0,0.0,0.0,0.0,0.0,0.0,0.0,0.0,0.0,0.0,0.0,0.0,0.0,0.0,0.0,0.0,0.0,0.0
package/MDAnalysis/coordinates/DCD.py,366290e,1.0,1.0,1.0,1.0,20.0,1.0,10.0,8.0,2.0,15.0,15.0,429.0,62.0,178.0,49.0,129.0,190.0,0.0,0.0,139.0,32.0,107.0,0.0,0.0,0.0,0.0,4.0,4.0,4.0,3.0,2.0,1.07,29.0,29.0,29.0,17.0,1.0
package/MDAnalysis/coordinates/TRJ.py,366290e,3.0,3.0,3.0,1.0,23.0,2.0,15.0,6.0,4.0,24.0,23.0,939.0,178.0,396.0,49.0,347.0,392.0,2.0,0.0,329.0,38.0,291.0,2.0,2.0,2.0,1.0,11.0,11.0,11.0,6.0,3.0,0.99,81.0,81.0,81.0,38.0,1.0
testsuite/MDAnalysisTests/auxiliary/base.py,366290e,2.0,2.0,2.0,1.0,14.0,2.0,6.0,6.0,8.0,101.0,101.0,1952.0,395.0,720.0,168.0,552.0,842.0,0.0,0.0,613.0,125.0,488.0,0.0,0.0,0.0,0.0,13.0,13.0,13.0,13.0,3.0,1.17,226.0,226.0,226.0,154.0,1.0
testsuite/MDAnalysisTests/coordinates/base.py,366290e,2.0,2.0,2.0,1.0,14.0,2.0,6.0,6.0,8.0,101.0,101.0,1952.0,395.0,720.0,168.0,552.0,842.0,0.0,0.0,613.0,125.0,488.0,0.0,0.0,0.0,0.0,13.0,13.0,13.0,13.0,3.0,1.17,226.0,226.0,226.0,154.0,1.0
testsuite/MDAnalysisTests/coordinates/test_memory.py,366290e,2.0,2.0,2.0,1.0,18.0,1.0,9.0,8.0,2.0,10.0,10.0,417.0,84.0,101.0,20.0,81.0,232.0,0.0,0.0,77.0,17.0,60.0,0.0,0.0,0.0,0.0,9.0,9.0,9.0,1.0,1.0,2.3,22.0,22.0,22.0,10.0,1.0
package/MDAnalysis/topology/TOPParser.py,366290e,2.0,2.0,2.0,1.0,12.0,1.0,10.0,1.0,2.0,14.0,14.0,310.0,50.0,167.0,39.0,128.0,95.0,0.0,0.0,128.0,27.0,101.0,0.0,0.0,0.0,0.0,10.0,10.0,10.0,3.0,4.0,0.57,29.0,29.0,29.0,16.0,1.0
package/MDAnalysis/topology/TPRParser.py,366290e,3.0,3.0,3.0,1.0,20.0,4.0,22.0,5.0,1.0,3.0,2.0,249.0,53.0,58.0,11.0,47.0,143.0,1.0,0.0,57.0,11.0,46.0,1.0,1.0,1.0,1.0,7.0,7.0,7.0,3.0,2.0,2.47,9.0,9.0,9.0,5.0,1.0
package/MDAnalysis/topology/XYZParser.py,366290e,2.0,2.0,2.0,1.0,35.0,7.0,21.0,7.0,1.0,1.0,1.0,108.0,21.0,39.0,18.0,21.0,48.0,0.0,0.0,23.0,10.0,13.0,0.0,0.0,0.0,0.0,2.0,2.0,2.0,1.0,2.0,1.23,2.0,2.0,2.0,1.0,1.0
testsuite/MDAnalysisTests/auxiliary/base.py,366290e,1.0,1.0,1.0,1.0,17.0,2.0,6.0,9.0,2.0,6.0,6.0,187.0,34.0,49.0,18.0,31.0,107.0,0.0,0.0,46.0,18.0,28.0,0.0,0.0,0.0,0.0,4.0,4.0,4.0,1.0,2.0,2.18,11.0,11.0,11.0,6.0,1.0
testsuite/MDAnalysisTests/coordinates/base.py,366290e,1.0,1.0,1.0,1.0,17.0,2.0,6.0,9.0,2.0,6.0,6.0,187.0,34.0,49.0,18.0,31.0,107.0,0.0,0.0,46.0,18.0,28.0,0.0,0.0,0.0,0.0,4.0,4.0,4.0,1.0,2.0,2.18,11.0,11.0,11.0,6.0,1.0
package/MDAnalysis/topology/tpr/utils.py,366290e,4.0,4.0,4.0,2.0,32.0,4.0,24.0,14.0,0.0,28.0,28.0,1040.0,194.0,705.0,49.0,656.0,451.0,0.0,0.0,609.0,36.0,573.0,0.0,0.0,0.0,0.0,51.0,51.0,51.0,42.0,3.0,0.64,127.0,127.0,127.0,71.0,1.0
package/setup.py,366290e,4.0,4.0,4.0,2.0,37.0,1.0,22.0,4.0,2.0,11.0,10.0,542.0,64.0,362.0,32.0,330.0,123.0,288.0,2.0,216.0,30.0,186.0,12.0,12.0,12.0,1.0,12.0,12.0,12.0,6.0,4.0,0.34,54.0,54.0,54.0,24.0,1.0
testsuite/setup.py,366290e,4.0,4.0,4.0,2.0,37.0,1.0,22.0,4.0,2.0,11.0,10.0,542.0,64.0,362.0,32.0,330.0,123.0,288.0,2.0,216.0,30.0,186.0,12.0,12.0,12.0,1.0,12.0,12.0,12.0,6.0,4.0,0.34,54.0,54.0,54.0,24.0,1.0
testsuite/MDAnalysisTests/auxiliary/base.py,366290e,1.0,1.0,1.0,1.0,7.0,0.0,5.0,2.0,2.0,39.0,39.0,376.0,56.0,212.0,50.0,162.0,109.0,0.0,0.0,176.0,48.0,128.0,0.0,0.0,0.0,0.0,6.0,6.0,6.0,6.0,1.0,0.51,53.0,53.0,53.0,44.0,1.0
testsuite/MDAnalysisTests/coordinates/base.py,366290e,1.0,1.0,1.0,1.0,7.0,0.0,5.0,2.0,2.0,39.0,39.0,376.0,56.0,212.0,50.0,162.0,109.0,0.0,0.0,176.0,48.0,128.0,0.0,0.0,0.0,0.0,6.0,6.0,6.0,6.0,1.0,0.51,53.0,53.0,53.0,44.0,1.0
testsuite/MDAnalysisTests/auxiliary/test_xvg.py,366290e,1.0,1.0,1.0,1.0,5.0,0.0,4.0,1.0,4.0,13.0,13.0,139.0,25.0,82.0,31.0,47.0,34.0,0.0,0.0,59.0,26.0,33.0,0.0,0.0,0.0,0.0,1.0,1.0,1.0,1.0,1.0,0.41,13.0,13.0,13.0,13.0,1.0
testsuite/MDAnalysisTests/auxiliary/base.py,366290e,1.0,1.0,1.0,1.0,6.0,0.0,5.0,0.0,6.0,131.0,131.0,1112.0,214.0,814.0,158.0,656.0,106.0,0.0,0.0,696.0,151.0,545.0,0.0,0.0,0.0,0.0,13.0,13.0,13.0,9.0,3.0,0.13,197.0,197.0,197.0,147.0,1.0
testsuite/MDAnalysisTests/coordinates/base.py,366290e,1.0,1.0,1.0,1.0,6.0,0.0,5.0,0.0,6.0,131.0,131.0,1112.0,214.0,814.0,158.0,656.0,106.0,0.0,0.0,696.0,151.0,545.0,0.0,0.0,0.0,0.0,13.0,13.0,13.0,9.0,3.0,0.13,197.0,197.0,197.0,147.0,1.0
testsuite/MDAnalysisTests/coordinates/test_dcd.py,366290e,1.0,1.0,1.0,1.0,7.0,0.0,7.0,0.0,3.0,25.0,25.0,319.0,59.0,235.0,81.0,154.0,26.0,0.0,0.0,162.0,40.0,122.0,0.0,0.0,0.0,0.0,3.0,3.0,3.0,1.0,3.0,0.11,39.0,39.0,39.0,25.0,1.0
testsuite/MDAnalysisTests/coordinates/test_memory.py,366290e,1.0,1.0,1.0,1.0,5.0,0.0,4.0,0.0,2.0,25.0,25.0,196.0,35.0,126.0,39.0,87.0,35.0,0.0,0.0,107.0,36.0,71.0,0.0,0.0,0.0,0.0,2.0,2.0,2.0,1.0,1.0,0.28,26.0,26.0,26.0,25.0,1.0
testsuite/MDAnalysisTests/coordinates/test_netcdf.py,366290e,1.0,1.0,1.0,1.0,8.0,0.0,7.0,0.0,9.0,39.0,39.0,468.0,78.0,335.0,74.0,261.0,56.0,0.0,0.0,252.0,69.0,183.0,0.0,0.0,0.0,0.0,7.0,7.0,7.0,5.0,3.0,0.17,58.0,58.0,58.0,43.0,1.0
testsuite/MDAnalysisTests/coordinates/test_timestep_api.py,366290e,1.0,1.0,1.0,1.0,3.0,0.0,3.0,0.0,21.0,23.0,23.0,246.0,65.0,144.0,68.0,76.0,37.0,0.0,0.0,119.0,51.0,68.0,0.0,0.0,0.0,0.0,2.0,2.0,2.0,1.0,1.0,0.26,24.0,24.0,24.0,23.0,1.0
testsuite/MDAnalysisTests/core/test_atom.py,366290e,1.0,1.0,1.0,1.0,3.0,0.0,3.0,0.0,2.0,23.0,23.0,155.0,35.0,95.0,46.0,49.0,26.0,0.0,0.0,81.0,34.0,47.0,0.0,0.0,0.0,0.0,2.0,2.0,2.0,1.0,1.0,0.27,24.0,24.0,24.0,23.0,1.0
testsuite/MDAnalysisTests/core/test_atomgroup.py,366290e,1.0,1.0,1.0,1.0,5.0,0.0,5.0,0.0,17.0,171.0,170.0,1317.0,248.0,977.0,266.0,710.0,103.0,1.0,0.0,776.0,203.0,573.0,1.0,1.0,1.0,1.0,4.0,4.0,4.0,4.0,2.0,0.11,192.0,192.0,192.0,174.0,1.0
testsuite/MDAnalysisTests/core/test_atomselections.py,366290e,1.0,1.0,1.0,1.0,6.0,0.0,5.0,0.0,15.0,107.0,107.0,1018.0,234.0,702.0,223.0,468.0,94.0,0.0,0.0,535.0,140.0,395.0,0.0,0.0,0.0,0.0,4.0,4.0,4.0,1.0,3.0,0.13,121.0,121.0,121.0,107.0,1.0
testsuite/MDAnalysisTests/core/test_group_traj_access.py,366290e,1.0,1.0,1.0,1.0,8.0,0.0,6.0,0.0,7.0,40.0,40.0,464.0,95.0,313.0,86.0,227.0,56.0,0.0,0.0,244.0,56.0,188.0,0.0,0.0,0.0,0.0,2.0,2.0,2.0,1.0,1.0,0.18,50.0,50.0,50.0,40.0,1.0
testsuite/MDAnalysisTests/core/test_groups.py,366290e,1.0,1.0,1.0,1.0,6.0,0.0,5.0,0.0,13.0,123.0,123.0,1028.0,198.0,727.0,191.0,536.0,103.0,0.0,0.0,628.0,152.0,476.0,0.0,0.0,0.0,0.0,8.0,8.0,8.0,4.0,3.0,0.14,162.0,162.0,162.0,126.0,1.0
testsuite/MDAnalysisTests/core/test_index_dtype.py,366290e,1.0,1.0,1.0,1.0,2.0,0.0,2.0,0.0,1.0,17.0,17.0,94.0,23.0,45.0,25.0,20.0,26.0,0.0,0.0,40.0,23.0,17.0,0.0,0.0,0.0,0.0,1.0,1.0,1.0,1.0,0.0,0.58,17.0,17.0,17.0,17.0,1.0
testsuite/MDAnalysisTests/core/test_residue.py,366290e,1.0,1.0,1.0,1.0,4.0,0.0,4.0,0.0,1.0,4.0,4.0,63.0,11.0,30.0,18.0,12.0,22.0,0.0,0.0,23.0,12.0,11.0,0.0,0.0,0.0,0.0,1.0,1.0,1.0,1.0,0.0,0.73,4.0,4.0,4.0,4.0,1.0
testsuite/MDAnalysisTests/core/test_residuegroup.py,366290e,1.0,1.0,1.0,1.0,5.0,0.0,5.0,0.0,2.0,29.0,29.0,270.0,45.0,180.0,53.0,127.0,46.0,0.0,0.0,134.0,39.0,95.0,0.0,0.0,0.0,0.0,3.0,3.0,3.0,1.0,2.0,0.26,36.0,36.0,36.0,29.0,1.0
testsuite/MDAnalysisTests/core/test_segment.py,366290e,1.0,1.0,1.0,1.0,5.0,0.0,4.0,0.0,1.0,7.0,7.0,87.0,16.0,46.0,21.0,23.0,25.0,0.0,0.0,36.0,16.0,20.0,0.0,0.0,0.0,0.0,1.0,1.0,1.0,1.0,0.0,0.54,7.0,7.0,7.0,7.0,1.0
testsuite/MDAnalysisTests/core/test_segmentgroup.py,366290e,1.0,1.0,1.0,1.0,3.0,0.0,3.0,0.0,1.0,10.0,10.0,91.0,16.0,51.0,24.0,27.0,24.0,0.0,0.0,42.0,18.0,24.0,0.0,0.0,0.0,0.0,2.0,2.0,2.0,1.0,1.0,0.47,12.0,12.0,12.0,10.0,1.0
testsuite/MDAnalysisTests/core/test_topology.py,366290e,1.0,1.0,1.0,1.0,7.0,0.0,6.0,0.0,6.0,71.0,71.0,706.0,140.0,525.0,101.0,424.0,46.0,0.0,0.0,420.0,89.0,331.0,0.0,0.0,0.0,0.0,4.0,4.0,4.0,1.0,2.0,0.09,104.0,104.0,104.0,71.0,1.0
testsuite/MDAnalysisTests/core/test_topologyattrs.py,366290e,1.0,1.0,1.0,1.0,5.0,0.0,3.0,0.0,15.0,50.0,50.0,496.0,144.0,272.0,95.0,177.0,81.0,0.0,0.0,228.0,79.0,149.0,0.0,0.0,0.0,0.0,5.0,5.0,5.0,5.0,3.0,0.3,54.0,54.0,54.0,54.0,1.0
testsuite/MDAnalysisTests/core/test_topologyobjects.py,366290e,1.0,1.0,1.0,1.0,6.0,0.0,5.0,0.0,3.0,81.0,81.0,699.0,156.0,462.0,108.0,354.0,97.0,0.0,0.0,372.0,94.0,278.0,0.0,0.0,0.0,0.0,4.0,4.0,4.0,1.0,2.0,0.21,94.0,94.0,94.0,81.0,1.0
testsuite/MDAnalysisTests/core/test_universe.py,366290e,1.0,1.0,1.0,1.0,6.0,0.0,5.0,0.0,6.0,59.0,58.0,563.0,86.0,408.0,139.0,267.0,69.0,2.0,0.0,297.0,81.0,216.0,2.0,2.0,2.0,1.0,3.0,3.0,3.0,1.0,1.0,0.17,68.0,68.0,68.0,59.0,1.0
testsuite/MDAnalysisTests/core/test_updating_atomgroup.py,366290e,1.0,1.0,1.0,1.0,7.0,0.0,6.0,0.0,5.0,23.0,23.0,264.0,51.0,167.0,45.0,122.0,51.0,0.0,0.0,142.0,37.0,105.0,0.0,0.0,0.0,0.0,2.0,2.0,2.0,1.0,1.0,0.31,26.0,26.0,26.0,23.0,1.0
testsuite/MDAnalysisTests/data/coordinates/create_data.py,366290e,1.0,1.0,1.0,1.0,10.0,0.0,13.0,0.0,0.0,3.0,2.0,38.0,6.0,32.0,5.0,27.0,0.0,2.0,0.0,32.0,5.0,27.0,2.0,2.0,2.0,1.0,2.0,2.0,2.0,1.0,2.0,0.0,5.0,5.0,5.0,3.0,1.0
testsuite/MDAnalysisTests/datafiles.py,366290e,1.0,1.0,1.0,1.0,313.0,0.0,0.0,0.0,0.0,1.0,0.0,406.0,53.0,315.0,2.0,313.0,101.0,1.0,0.0,191.0,2.0,189.0,1.0,1.0,1.0,1.0,1.0,1.0,1.0,1.0,0.0,0.32,1.0,1.0,1.0,1.0,1.0
testsuite/MDAnalysisTests/formats/test_libdcd.py,366290e,1.0,1.0,1.0,1.0,7.0,0.0,6.0,0.0,0.0,44.0,43.0,522.0,102.0,370.0,111.0,258.0,51.0,1.0,0.0,263.0,55.0,208.0,1.0,1.0,1.0,1.0,3.0,3.0,3.0,1.0,3.0,0.14,58.0,58.0,58.0,44.0,1.0
testsuite/MDAnalysisTests/topology/test_lammpsdata.py,366290e,1.0,1.0,1.0,1.0,5.0,0.0,4.0,0.0,7.0,12.0,12.0,211.0,50.0,136.0,37.0,99.0,25.0,0.0,0.0,106.0,27.0,79.0,0.0,0.0,0.0,0.0,2.0,2.0,2.0,1.0,1.0,0.18,20.0,20.0,20.0,12.0,1.0
package/setup.py,366290e,5.0,5.0,5.0,3.0,81.0,6.0,34.0,27.0,0.0,2.0,1.0,225.0,26.0,135.0,6.0,129.0,66.0,6.0,1.0,47.0,6.0,41.0,4.0,4.0,4.0,1.0,7.0,7.0,7.0,6.0,3.0,0.49,11.0,11.0,11.0,7.0,1.0
testsuite/setup.py,366290e,5.0,5.0,5.0,3.0,81.0,6.0,34.0,27.0,0.0,2.0,1.0,225.0,26.0,135.0,6.0,129.0,66.0,6.0,1.0,47.0,6.0,41.0,4.0,4.0,4.0,1.0,7.0,7.0,7.0,6.0,3.0,0.49,11.0,11.0,11.0,7.0,1.0
package/MDAnalysis/topology/tpr/utils.py,366290e,0.0,0.0,0.0,0.0,0.0,0.0,0.0,0.0,0.0,16.0,0.0,0.0,0.0,0.0,0.0,0.0,0.0,0.0,0.0,0.0,0.0,0.0,0.0,0.0,0.0,0.0,0.0,0.0,0.0,0.0,0.0,0.0,0.0,0.0,0.0,0.0,1.0
testsuite/MDAnalysisTests/coordinates/test_timestep_api.py,366290e,0.0,0.0,0.0,0.0,0.0,0.0,0.0,0.0,0.0,64.0,0.0,0.0,0.0,0.0,0.0,0.0,0.0,0.0,0.0,0.0,0.0,0.0,0.0,0.0,0.0,0.0,0.0,0.0,0.0,0.0,0.0,0.0,0.0,0.0,0.0,0.0,1.0
testsuite/MDAnalysisTests/auxiliary/base.py,366290e,0.0,0.0,0.0,0.0,0.0,0.0,0.0,0.0,0.0,59.0,0.0,0.0,0.0,0.0,0.0,0.0,0.0,0.0,0.0,0.0,0.0,0.0,0.0,0.0,0.0,0.0,0.0,0.0,0.0,0.0,0.0,0.0,0.0,0.0,0.0,0.0,1.0
testsuite/MDAnalysisTests/coordinates/base.py,366290e,0.0,0.0,0.0,0.0,0.0,0.0,0.0,0.0,0.0,59.0,0.0,0.0,0.0,0.0,0.0,0.0,0.0,0.0,0.0,0.0,0.0,0.0,0.0,0.0,0.0,0.0,0.0,0.0,0.0,0.0,0.0,0.0,0.0,0.0,0.0,0.0,1.0
package/MDAnalysis/topology/tpr/utils.py,366290e,0.0,0.0,0.0,0.0,0.0,0.0,0.0,0.0,0.0,33.0,0.0,0.0,0.0,0.0,0.0,0.0,0.0,0.0,0.0,0.0,0.0,0.0,0.0,0.0,0.0,0.0,0.0,0.0,0.0,0.0,0.0,0.0,0.0,0.0,0.0,0.0,1.0
package/MDAnalysis/topology/tpr/utils.py,366290e,0.0,0.0,0.0,0.0,0.0,0.0,0.0,0.0,0.0,66.0,0.0,0.0,0.0,0.0,0.0,0.0,0.0,0.0,0.0,0.0,0.0,0.0,0.0,0.0,0.0,0.0,0.0,0.0,0.0,0.0,0.0,0.0,0.0,0.0,0.0,0.0,1.0
testsuite/MDAnalysisTests/coordinates/test_netcdf.py,366290e,0.0,0.0,0.0,0.0,0.0,0.0,0.0,0.0,0.0,48.0,0.0,0.0,0.0,0.0,0.0,0.0,0.0,0.0,0.0,0.0,0.0,0.0,0.0,0.0,0.0,0.0,0.0,0.0,0.0,0.0,0.0,0.0,0.0,0.0,0.0,0.0,1.0
testsuite/MDAnalysisTests/auxiliary/base.py,366290e,0.0,0.0,0.0,0.0,0.0,0.0,0.0,0.0,0.0,88.0,0.0,0.0,0.0,0.0,0.0,0.0,0.0,0.0,0.0,0.0,0.0,0.0,0.0,0.0,0.0,0.0,0.0,0.0,0.0,0.0,0.0,0.0,0.0,0.0,0.0,0.0,1.0
testsuite/MDAnalysisTests/coordinates/base.py,366290e,0.0,0.0,0.0,0.0,0.0,0.0,0.0,0.0,0.0,88.0,0.0,0.0,0.0,0.0,0.0,0.0,0.0,0.0,0.0,0.0,0.0,0.0,0.0,0.0,0.0,0.0,0.0,0.0,0.0,0.0,0.0,0.0,0.0,0.0,0.0,0.0,1.0
testsuite/MDAnalysisTests/data/coordinates/create_data.py,366290e,0.0,0.0,0.0,0.0,0.0,0.0,0.0,0.0,0.0,27.0,0.0,0.0,0.0,0.0,0.0,0.0,0.0,0.0,0.0,0.0,0.0,0.0,0.0,0.0,0.0,0.0,0.0,0.0,0.0,0.0,0.0,0.0,0.0,0.0,0.0,0.0,1.0
testsuite/MDAnalysisTests/topology/test_lammpsdata.py,366290e,0.0,0.0,0.0,0.0,0.0,0.0,0.0,0.0,0.0,27.0,0.0,0.0,0.0,0.0,0.0,0.0,0.0,0.0,0.0,0.0,0.0,0.0,0.0,0.0,0.0,0.0,0.0,0.0,0.0,0.0,0.0,0.0,0.0,0.0,0.0,0.0,1.0
testsuite/MDAnalysisTests/core/test_segment.py,366290e,0.0,0.0,0.0,0.0,0.0,0.0,0.0,0.0,0.0,81.0,0.0,0.0,0.0,0.0,0.0,0.0,0.0,0.0,0.0,0.0,0.0,0.0,0.0,0.0,0.0,0.0,0.0,0.0,0.0,0.0,0.0,0.0,0.0,0.0,0.0,0.0,1.0
